movieId,title,genres,clean_title,genres_features,avg_rating,rating_count
1,Toy Story (1995),Adventure|Animation|Children|Comedy|Fantasy,Toy Story,Adventure Animation Children Comedy Fantasy,3.9209302325581397,215.0
2,Jumanji (1995),Adventure|Children|Fantasy,Jumanji,Adventure Children Fantasy,3.4318181818181817,110.0
3,Grumpier Old Men (1995),Comedy|Romance,Grumpier Old Men,Comedy Romance,3.2596153846153846,52.0
4,Waiting to Exhale (1995),Comedy|Drama|Romance,Waiting to Exhale,Comedy Drama Romance,2.357142857142857,7.0
5,Father of the Bride Part II (1995),Comedy,Father of the Bride Part II,Comedy,3.0714285714285716,49.0
6,Heat (1995),Action|Crime|Thriller,Heat,Action Crime Thriller,3.946078431372549,102.0
7,Sabrina (1995),Comedy|Romance,Sabrina,Comedy Romance,3.185185185185185,54.0
8,Tom and Huck (1995),Adventure|Children,Tom and Huck,Adventure Children,2.875,8.0
9,Sudden Death (1995),Action,Sudden Death,Action,3.125,16.0
10,GoldenEye (1995),Action|Adventure|Thriller,GoldenEye,Action Adventure Thriller,3.496212121212121,132.0
11,"American President, The (1995)",Comedy|Drama|Romance,"American President, The",Comedy Drama Romance,3.6714285714285713,70.0
12,Dracula: Dead and Loving It (1995),Comedy|Horror,Dracula: Dead and Loving It,Comedy Horror,2.4210526315789473,19.0
13,Balto (1995),Adventure|Animation|Children,Balto,Adventure Animation Children,3.125,8.0
14,Nixon (1995),Drama,Nixon,Drama,3.8333333333333335,18.0
15,Cutthroat Island (1995),Action|Adventure|Romance,Cutthroat Island,Action Adventure Romance,3.0,13.0
16,Casino (1995),Crime|Drama,Casino,Crime Drama,3.926829268292683,82.0
17,Sense and Sensibility (1995),Drama|Romance,Sense and Sensibility,Drama Romance,3.7761194029850746,67.0
18,Four Rooms (1995),Comedy,Four Rooms,Comedy,3.7,20.0
19,Ace Ventura: When Nature Calls (1995),Comedy,Ace Ventura: When Nature Calls,Comedy,2.727272727272727,88.0
20,Money Train (1995),Action|Comedy|Crime|Drama|Thriller,Money Train,Action Comedy Crime Drama Thriller,2.5,15.0
21,Get Shorty (1995),Comedy|Crime|Thriller,Get Shorty,Comedy Crime Thriller,3.49438202247191,89.0
22,Copycat (1995),Crime|Drama|Horror|Mystery|Thriller,Copycat,Crime Drama Horror Mystery Thriller,3.2222222222222223,36.0
23,Assassins (1995),Action|Crime|Thriller,Assassins,Action Crime Thriller,3.125,16.0
24,Powder (1995),Drama|Sci-Fi,Powder,Drama Sci-Fi,3.125,28.0
25,Leaving Las Vegas (1995),Drama|Romance,Leaving Las Vegas,Drama Romance,3.625,76.0
26,Othello (1995),Drama,Othello,Drama,3.5,13.0
27,Now and Then (1995),Children|Drama,Now and Then,Children Drama,3.3333333333333335,9.0
28,Persuasion (1995),Drama|Romance,Persuasion,Drama Romance,4.2272727272727275,11.0
29,"City of Lost Children, The (Cité des enfants perdus, La) (1995)",Adventure|Drama|Fantasy|Mystery|Sci-Fi,"City of Lost Children, The (Cité des enfants perdus, La)",Adventure Drama Fantasy Mystery Sci-Fi,4.0131578947368425,38.0
30,Shanghai Triad (Yao a yao yao dao waipo qiao) (1995),Crime|Drama,Shanghai Triad (Yao a yao yao dao waipo qiao),Crime Drama,3.0,3.0
31,Dangerous Minds (1995),Drama,Dangerous Minds,Drama,3.1842105263157894,38.0
32,Twelve Monkeys (a.k.a. 12 Monkeys) (1995),Mystery|Sci-Fi|Thriller,Twelve Monkeys (a.k.a. 12 Monkeys),Mystery Sci-Fi Thriller,3.983050847457627,177.0
34,Babe (1995),Children|Drama,Babe,Children Drama,3.65234375,128.0
36,Dead Man Walking (1995),Crime|Drama,Dead Man Walking,Crime Drama,3.8358208955223883,67.0
38,It Takes Two (1995),Children|Comedy,It Takes Two,Children Comedy,2.125,4.0
39,Clueless (1995),Comedy|Romance,Clueless,Comedy Romance,3.293269230769231,104.0
40,"Cry, the Beloved Country (1995)",Drama,"Cry, the Beloved Country",Drama,4.25,2.0
41,Richard III (1995),Drama|War,Richard III,Drama War,3.7,15.0
42,Dead Presidents (1995),Action|Crime|Drama,Dead Presidents,Action Crime Drama,3.0,7.0
43,Restoration (1995),Drama,Restoration,Drama,3.1875,8.0
44,Mortal Kombat (1995),Action|Adventure|Fantasy,Mortal Kombat,Action Adventure Fantasy,2.5434782608695654,46.0
45,To Die For (1995),Comedy|Drama|Thriller,To Die For,Comedy Drama Thriller,3.3125,32.0
46,How to Make an American Quilt (1995),Drama|Romance,How to Make an American Quilt,Drama Romance,3.066666666666667,15.0
47,Seven (a.k.a. Se7en) (1995),Mystery|Thriller,Seven (a.k.a. Se7en),Mystery Thriller,3.9753694581280787,203.0
48,Pocahontas (1995),Animation|Children|Drama|Musical|Romance,Pocahontas,Animation Children Drama Musical Romance,3.1470588235294117,68.0
49,When Night Is Falling (1995),Drama|Romance,When Night Is Falling,Drama Romance,3.0,1.0
50,"Usual Suspects, The (1995)",Crime|Mystery|Thriller,"Usual Suspects, The",Crime Mystery Thriller,4.237745098039215,204.0
52,Mighty Aphrodite (1995),Comedy|Drama|Romance,Mighty Aphrodite,Comedy Drama Romance,3.4642857142857144,28.0
53,Lamerica (1994),Adventure|Drama,Lamerica,Adventure Drama,5.0,2.0
54,"Big Green, The (1995)",Children|Comedy,"Big Green, The",Children Comedy,2.3333333333333335,3.0
55,Georgia (1995),Drama,Georgia,Drama,4.0,1.0
57,Home for the Holidays (1995),Drama,Home for the Holidays,Drama,3.0625,8.0
58,"Postman, The (Postino, Il) (1994)",Comedy|Drama|Romance,"Postman, The (Postino, Il)",Comedy Drama Romance,4.027027027027027,37.0
60,"Indian in the Cupboard, The (1995)",Adventure|Children|Fantasy,"Indian in the Cupboard, The",Adventure Children Fantasy,3.235294117647059,34.0
61,Eye for an Eye (1996),Drama|Thriller,Eye for an Eye,Drama Thriller,3.75,6.0
62,Mr. Holland's Opus (1995),Drama,Mr. Holland's Opus,Drama,3.70625,80.0
63,Don't Be a Menace to South Central While Drinking Your Juice in the Hood (1996),Comedy|Crime,Don't Be a Menace to South Central While Drinking Your Juice in the Hood,Comedy Crime,2.7142857142857144,7.0
64,Two if by Sea (1996),Comedy|Romance,Two if by Sea,Comedy Romance,2.2,5.0
65,Bio-Dome (1996),Comedy,Bio-Dome,Comedy,2.532258064516129,31.0
66,Lawnmower Man 2: Beyond Cyberspace (1996),Action|Sci-Fi|Thriller,Lawnmower Man 2: Beyond Cyberspace,Action Sci-Fi Thriller,2.5,9.0
68,French Twist (Gazon maudit) (1995),Comedy|Romance,French Twist (Gazon maudit),Comedy Romance,3.4,5.0
69,Friday (1995),Comedy,Friday,Comedy,3.775,20.0
70,From Dusk Till Dawn (1996),Action|Comedy|Horror|Thriller,From Dusk Till Dawn,Action Comedy Horror Thriller,3.5090909090909093,55.0
71,Fair Game (1995),Action,Fair Game,Action,1.7,5.0
72,Kicking and Screaming (1995),Comedy|Drama,Kicking and Screaming,Comedy Drama,3.2142857142857144,7.0
73,"Misérables, Les (1995)",Drama|War,"Misérables, Les",Drama War,3.4615384615384617,13.0
74,Bed of Roses (1996),Drama|Romance,Bed of Roses,Drama Romance,4.0,8.0
75,Big Bully (1996),Comedy|Drama,Big Bully,Comedy Drama,2.2,5.0
76,Screamers (1995),Action|Sci-Fi|Thriller,Screamers,Action Sci-Fi Thriller,3.4,15.0
77,Nico Icon (1995),Documentary,Nico Icon,Documentary,4.0,1.0
78,"Crossing Guard, The (1995)",Action|Crime|Drama|Thriller,"Crossing Guard, The",Action Crime Drama Thriller,3.3333333333333335,3.0
79,"Juror, The (1996)",Drama|Thriller,"Juror, The",Drama Thriller,2.764705882352941,17.0
80,"White Balloon, The (Badkonake sefid) (1995)",Children|Drama,"White Balloon, The (Badkonake sefid)",Children Drama,4.0,2.0
81,Things to Do in Denver When You're Dead (1995),Crime|Drama|Romance,Things to Do in Denver When You're Dead,Crime Drama Romance,3.107142857142857,14.0
82,Antonia's Line (Antonia) (1995),Comedy|Drama,Antonia's Line (Antonia),Comedy Drama,3.875,8.0
83,Once Upon a Time... When We Were Colored (1995),Drama|Romance,Once Upon a Time... When We Were Colored,Drama Romance,3.0,1.0
85,Angels and Insects (1995),Drama|Romance,Angels and Insects,Drama Romance,3.857142857142857,7.0
86,White Squall (1996),Action|Adventure|Drama,White Squall,Action Adventure Drama,3.966666666666667,15.0
87,Dunston Checks In (1996),Children|Comedy,Dunston Checks In,Children Comedy,2.5,7.0
88,Black Sheep (1996),Comedy,Black Sheep,Comedy,3.15625,16.0
89,Nick of Time (1995),Action|Thriller,Nick of Time,Action Thriller,3.25,10.0
92,Mary Reilly (1996),Drama|Horror|Thriller,Mary Reilly,Drama Horror Thriller,2.625,8.0
93,Vampire in Brooklyn (1995),Comedy|Horror|Romance,Vampire in Brooklyn,Comedy Horror Romance,2.8333333333333335,9.0
94,Beautiful Girls (1996),Comedy|Drama|Romance,Beautiful Girls,Comedy Drama Romance,3.95,10.0
95,Broken Arrow (1996),Action|Adventure|Thriller,Broken Arrow,Action Adventure Thriller,3.0238095238095237,84.0
96,In the Bleak Midwinter (1995),Comedy|Drama,In the Bleak Midwinter,Comedy Drama,3.5,1.0
97,"Hate (Haine, La) (1995)",Crime|Drama,"Hate (Haine, La)",Crime Drama,3.9,10.0
99,Heidi Fleiss: Hollywood Madam (1995),Documentary,Heidi Fleiss: Hollywood Madam,Documentary,5.0,2.0
100,City Hall (1996),Drama|Thriller,City Hall,Drama Thriller,2.7857142857142856,14.0
101,Bottle Rocket (1996),Adventure|Comedy|Crime|Romance,Bottle Rocket,Adventure Comedy Crime Romance,3.782608695652174,23.0
102,Mr. Wrong (1996),Comedy,Mr. Wrong,Comedy,2.4,5.0
103,Unforgettable (1996),Mystery|Sci-Fi|Thriller,Unforgettable,Mystery Sci-Fi Thriller,3.0,3.0
104,Happy Gilmore (1996),Comedy,Happy Gilmore,Comedy,3.4393939393939394,99.0
105,"Bridges of Madison County, The (1995)",Drama|Romance,"Bridges of Madison County, The",Drama Romance,3.282608695652174,23.0
106,Nobody Loves Me (Keiner liebt mich) (1994),Comedy|Drama,Nobody Loves Me (Keiner liebt mich),Comedy Drama,4.0,1.0
107,Muppet Treasure Island (1996),Adventure|Children|Comedy|Musical,Muppet Treasure Island,Adventure Children Comedy Musical,3.326923076923077,26.0
108,Catwalk (1996),Documentary,Catwalk,Documentary,4.0,1.0
110,Braveheart (1995),Action|Drama|War,Braveheart,Action Drama War,4.031645569620253,237.0
111,Taxi Driver (1976),Crime|Drama|Thriller,Taxi Driver,Crime Drama Thriller,4.105769230769231,104.0
112,Rumble in the Bronx (Hont faan kui) (1995),Action|Adventure|Comedy|Crime,Rumble in the Bronx (Hont faan kui),Action Adventure Comedy Crime,3.5434782608695654,46.0
113,Before and After (1996),Drama|Mystery,Before and After,Drama Mystery,3.3333333333333335,3.0
116,Anne Frank Remembered (1995),Documentary,Anne Frank Remembered,Documentary,3.9,5.0
117,"Young Poisoner's Handbook, The (1995)",Crime|Drama,"Young Poisoner's Handbook, The",Crime Drama,3.0,1.0
118,If Lucy Fell (1996),Comedy|Romance,If Lucy Fell,Comedy Romance,2.5,2.0
119,"Steal Big, Steal Little (1995)",Comedy,"Steal Big, Steal Little",Comedy,3.0,2.0
121,"Boys of St. Vincent, The (1992)",Drama,"Boys of St. Vincent, The",Drama,4.0,2.0
122,Boomerang (1992),Comedy|Romance,Boomerang,Comedy Romance,2.65625,16.0
123,Chungking Express (Chung Hing sam lam) (1994),Drama|Mystery|Romance,Chungking Express (Chung Hing sam lam),Drama Mystery Romance,4.375,4.0
125,Flirting With Disaster (1996),Comedy,Flirting With Disaster,Comedy,3.5833333333333335,12.0
126,"NeverEnding Story III, The (1994)",Adventure|Children|Fantasy,"NeverEnding Story III, The",Adventure Children Fantasy,2.0,7.0
128,Jupiter's Wife (1994),Documentary,Jupiter's Wife,Documentary,3.0,1.0
129,Pie in the Sky (1996),Comedy|Romance,Pie in the Sky,Comedy Romance,2.0,1.0
132,Jade (1995),Thriller,Jade,Thriller,2.8333333333333335,6.0
135,Down Periscope (1996),Comedy,Down Periscope,Comedy,2.9516129032258065,31.0
137,Man of the Year (1995),Documentary,Man of the Year,Documentary,3.0,1.0
140,Up Close and Personal (1996),Drama|Romance,Up Close and Personal,Drama Romance,3.5,16.0
141,"Birdcage, The (1996)",Comedy,"Birdcage, The",Comedy,3.494186046511628,86.0
144,"Brothers McMullen, The (1995)",Comedy,"Brothers McMullen, The",Comedy,3.3333333333333335,12.0
145,Bad Boys (1995),Action|Comedy|Crime|Drama|Thriller,Bad Boys,Action Comedy Crime Drama Thriller,3.2450980392156863,51.0
146,"Amazing Panda Adventure, The (1995)",Adventure|Children,"Amazing Panda Adventure, The",Adventure Children,3.3333333333333335,3.0
147,"Basketball Diaries, The (1995)",Drama,"Basketball Diaries, The",Drama,3.466666666666667,15.0
148,"Awfully Big Adventure, An (1995)",Drama,"Awfully Big Adventure, An",Drama,5.0,1.0
149,Amateur (1994),Crime|Drama|Thriller,Amateur,Crime Drama Thriller,2.0,1.0
150,Apollo 13 (1995),Adventure|Drama|IMAX,Apollo 13,Adventure Drama IMAX,3.845771144278607,201.0
151,Rob Roy (1995),Action|Drama|Romance|War,Rob Roy,Action Drama Romance War,3.5454545454545454,44.0
152,"Addiction, The (1995)",Drama|Horror,"Addiction, The",Drama Horror,1.5,2.0
153,Batman Forever (1995),Action|Adventure|Comedy|Crime,Batman Forever,Action Adventure Comedy Crime,2.9160583941605838,137.0
154,Beauty of the Day (Belle de jour) (1967),Drama,Beauty of the Day (Belle de jour),Drama,3.875,12.0
155,Beyond Rangoon (1995),Adventure|Drama|War,Beyond Rangoon,Adventure Drama War,2.4166666666666665,6.0
156,Blue in the Face (1995),Comedy|Drama,Blue in the Face,Comedy Drama,3.3333333333333335,3.0
157,Canadian Bacon (1995),Comedy|War,Canadian Bacon,Comedy War,2.8636363636363638,11.0
158,Casper (1995),Adventure|Children,Casper,Adventure Children,2.806451612903226,62.0
159,Clockers (1995),Crime|Drama|Mystery,Clockers,Crime Drama Mystery,2.892857142857143,14.0
160,Congo (1995),Action|Adventure|Mystery|Sci-Fi,Congo,Action Adventure Mystery Sci-Fi,2.8771929824561404,57.0
161,Crimson Tide (1995),Drama|Thriller|War,Crimson Tide,Drama Thriller War,3.6359223300970873,103.0
162,Crumb (1994),Documentary,Crumb,Documentary,4.205882352941177,17.0
163,Desperado (1995),Action|Romance|Western,Desperado,Action Romance Western,3.5606060606060606,66.0
164,Devil in a Blue Dress (1995),Crime|Film-Noir|Mystery|Thriller,Devil in a Blue Dress,Crime Film-Noir Mystery Thriller,3.3214285714285716,14.0
165,Die Hard: With a Vengeance (1995),Action|Crime|Thriller,Die Hard: With a Vengeance,Action Crime Thriller,3.5555555555555554,144.0
166,"Doom Generation, The (1995)",Comedy|Crime|Drama,"Doom Generation, The",Comedy Crime Drama,2.8333333333333335,3.0
168,First Knight (1995),Action|Drama|Romance,First Knight,Action Drama Romance,3.0833333333333335,54.0
169,Free Willy 2: The Adventure Home (1995),Adventure|Children|Drama,Free Willy 2: The Adventure Home,Adventure Children Drama,2.4,10.0
170,Hackers (1995),Action|Adventure|Crime|Thriller,Hackers,Action Adventure Crime Thriller,3.2285714285714286,35.0
171,Jeffrey (1995),Comedy|Drama,Jeffrey,Comedy Drama,3.8333333333333335,6.0
172,Johnny Mnemonic (1995),Action|Sci-Fi|Thriller,Johnny Mnemonic,Action Sci-Fi Thriller,2.6792452830188678,53.0
173,Judge Dredd (1995),Action|Crime|Sci-Fi,Judge Dredd,Action Crime Sci-Fi,2.6693548387096775,62.0
174,Jury Duty (1995),Comedy,Jury Duty,Comedy,2.7,10.0
175,Kids (1995),Drama,Kids,Drama,3.975,20.0
176,Living in Oblivion (1995),Comedy,Living in Oblivion,Comedy,4.3076923076923075,13.0
177,Lord of Illusions (1995),Horror,Lord of Illusions,Horror,2.75,8.0
178,Love & Human Remains (1993),Comedy|Drama,Love & Human Remains,Comedy Drama,1.0,1.0
179,Mad Love (1995),Drama|Romance,Mad Love,Drama Romance,1.5,2.0
180,Mallrats (1995),Comedy|Romance,Mallrats,Comedy Romance,3.4027777777777777,36.0
181,Mighty Morphin Power Rangers: The Movie (1995),Action|Children,Mighty Morphin Power Rangers: The Movie,Action Children,2.264705882352941,17.0
183,Mute Witness (1994),Comedy|Horror|Thriller,Mute Witness,Comedy Horror Thriller,3.5,2.0
184,Nadja (1994),Drama,Nadja,Drama,3.5,2.0
185,"Net, The (1995)",Action|Crime|Thriller,"Net, The",Action Crime Thriller,3.0401785714285716,112.0
186,Nine Months (1995),Comedy|Romance,Nine Months,Comedy Romance,2.8229166666666665,48.0
187,Party Girl (1995),Comedy,Party Girl,Comedy,4.125,4.0
188,"Prophecy, The (1995)",Fantasy|Horror|Mystery,"Prophecy, The",Fantasy Horror Mystery,3.4583333333333335,12.0
189,Reckless (1995),Comedy|Fantasy,Reckless,Comedy Fantasy,3.0,1.0
190,Safe (1995),Thriller,Safe,Thriller,2.8,5.0
191,"Scarlet Letter, The (1995)",Drama|Romance,"Scarlet Letter, The",Drama Romance,2.4166666666666665,6.0
193,Showgirls (1995),Drama,Showgirls,Drama,2.4714285714285715,35.0
194,Smoke (1995),Comedy|Drama,Smoke,Comedy Drama,3.6666666666666665,18.0
195,Something to Talk About (1995),Comedy|Drama|Romance,Something to Talk About,Comedy Drama Romance,3.1,10.0
196,Species (1995),Horror|Sci-Fi,Species,Horror Sci-Fi,2.6666666666666665,45.0
198,Strange Days (1995),Action|Crime|Drama|Mystery|Sci-Fi|Thriller,Strange Days,Action Crime Drama Mystery Sci-Fi Thriller,3.25,28.0
199,"Umbrellas of Cherbourg, The (Parapluies de Cherbourg, Les) (1964)",Drama|Musical|Romance,"Umbrellas of Cherbourg, The (Parapluies de Cherbourg, Les)",Drama Musical Romance,4.125,4.0
201,Three Wishes (1995),Drama|Fantasy,Three Wishes,Drama Fantasy,3.0,1.0
202,Total Eclipse (1995),Drama|Romance,Total Eclipse,Drama Romance,3.0,1.0
203,"To Wong Foo, Thanks for Everything! Julie Newmar (1995)",Comedy,"To Wong Foo, Thanks for Everything! Julie Newmar",Comedy,3.4318181818181817,22.0
204,Under Siege 2: Dark Territory (1995),Action,Under Siege 2: Dark Territory,Action,2.716666666666667,30.0
205,Unstrung Heroes (1995),Comedy|Drama,Unstrung Heroes,Comedy Drama,3.1666666666666665,9.0
206,Unzipped (1995),Documentary,Unzipped,Documentary,3.0,2.0
207,"Walk in the Clouds, A (1995)",Drama|Romance,"Walk in the Clouds, A",Drama Romance,3.4285714285714284,21.0
208,Waterworld (1995),Action|Adventure|Sci-Fi,Waterworld,Action Adventure Sci-Fi,2.9130434782608696,115.0
209,White Man's Burden (1995),Drama,White Man's Burden,Drama,3.1666666666666665,3.0
210,Wild Bill (1995),Western,Wild Bill,Western,3.0,4.0
211,"Browning Version, The (1994)",Drama,"Browning Version, The",Drama,3.5,2.0
212,Bushwhacked (1995),Adventure|Comedy|Crime|Mystery,Bushwhacked,Adventure Comedy Crime Mystery,3.0,3.0
213,Burnt by the Sun (Utomlyonnye solntsem) (1994),Drama,Burnt by the Sun (Utomlyonnye solntsem),Drama,3.8333333333333335,6.0
214,Before the Rain (Pred dozhdot) (1994),Drama|War,Before the Rain (Pred dozhdot),Drama War,4.0,2.0
215,Before Sunrise (1995),Drama|Romance,Before Sunrise,Drama Romance,4.041666666666667,24.0
216,Billy Madison (1995),Comedy,Billy Madison,Comedy,3.326530612244898,49.0
217,"Babysitter, The (1995)",Drama|Thriller,"Babysitter, The",Drama Thriller,2.3333333333333335,6.0
218,Boys on the Side (1995),Comedy|Drama,Boys on the Side,Comedy Drama,3.4285714285714284,14.0
219,"Cure, The (1995)",Drama,"Cure, The",Drama,3.0,1.0
220,Castle Freak (1995),Horror,Castle Freak,Horror,3.0,1.0
222,Circle of Friends (1995),Drama|Romance,Circle of Friends,Drama Romance,3.75,16.0
223,Clerks (1994),Comedy,Clerks,Comedy,3.855769230769231,104.0
224,Don Juan DeMarco (1995),Comedy|Drama|Romance,Don Juan DeMarco,Comedy Drama Romance,3.6125,40.0
225,Disclosure (1994),Drama|Thriller,Disclosure,Drama Thriller,3.5384615384615383,52.0
227,Drop Zone (1994),Action|Thriller,Drop Zone,Action Thriller,2.8636363636363638,22.0
228,Destiny Turns on the Radio (1995),Comedy,Destiny Turns on the Radio,Comedy,2.3333333333333335,3.0
229,Death and the Maiden (1994),Drama|Thriller,Death and the Maiden,Drama Thriller,3.4285714285714284,7.0
230,Dolores Claiborne (1995),Drama|Thriller,Dolores Claiborne,Drama Thriller,3.3958333333333335,24.0
231,Dumb & Dumber (Dumb and Dumber) (1994),Adventure|Comedy,Dumb & Dumber (Dumb and Dumber),Adventure Comedy,3.0601503759398496,133.0
232,Eat Drink Man Woman (Yin shi nan nu) (1994),Comedy|Drama|Romance,Eat Drink Man Woman (Yin shi nan nu),Comedy Drama Romance,3.892857142857143,14.0
233,Exotica (1994),Drama,Exotica,Drama,3.5,12.0
234,Exit to Eden (1994),Comedy,Exit to Eden,Comedy,2.588235294117647,17.0
235,Ed Wood (1994),Comedy|Drama,Ed Wood,Comedy Drama,3.6785714285714284,70.0
236,French Kiss (1995),Action|Comedy|Romance,French Kiss,Action Comedy Romance,3.477777777777778,45.0
237,Forget Paris (1995),Comedy|Romance,Forget Paris,Comedy Romance,3.340909090909091,22.0
238,Far From Home: The Adventures of Yellow Dog (1995),Adventure|Children,Far From Home: The Adventures of Yellow Dog,Adventure Children,4.0,2.0
239,"Goofy Movie, A (1995)",Animation|Children|Comedy|Romance,"Goofy Movie, A",Animation Children Comedy Romance,3.0,17.0
240,Hideaway (1995),Thriller,Hideaway,Thriller,2.375,4.0
241,Fluke (1995),Children|Drama,Fluke,Children Drama,4.0,1.0
242,Farinelli: il castrato (1994),Drama|Musical,Farinelli: il castrato,Drama Musical,3.6,5.0
243,Gordy (1995),Children|Comedy|Fantasy,Gordy,Children Comedy Fantasy,3.0,1.0
246,Hoop Dreams (1994),Documentary,Hoop Dreams,Documentary,4.293103448275862,29.0
247,Heavenly Creatures (1994),Crime|Drama,Heavenly Creatures,Crime Drama,3.9285714285714284,21.0
248,Houseguest (1994),Comedy,Houseguest,Comedy,3.176470588235294,17.0
249,Immortal Beloved (1994),Drama|Romance,Immortal Beloved,Drama Romance,3.7222222222222223,18.0
250,Heavyweights (Heavy Weights) (1995),Children|Comedy,Heavyweights (Heavy Weights),Children Comedy,2.5,6.0
251,"Hunted, The (1995)",Action,"Hunted, The",Action,3.0,3.0
252,I.Q. (1994),Comedy|Romance,I.Q.,Comedy Romance,3.453488372093023,43.0
253,Interview with the Vampire: The Vampire Chronicles (1994),Drama|Horror,Interview with the Vampire: The Vampire Chronicles,Drama Horror,3.458715596330275,109.0
254,Jefferson in Paris (1995),Drama,Jefferson in Paris,Drama,3.0,1.0
255,"Jerky Boys, The (1995)",Comedy,"Jerky Boys, The",Comedy,2.0714285714285716,7.0
256,Junior (1994),Comedy|Sci-Fi,Junior,Comedy Sci-Fi,2.8285714285714287,35.0
257,Just Cause (1995),Mystery|Thriller,Just Cause,Mystery Thriller,3.5,14.0
258,"Kid in King Arthur's Court, A (1995)",Adventure|Children|Comedy|Fantasy|Romance,"Kid in King Arthur's Court, A",Adventure Children Comedy Fantasy Romance,2.6,10.0
259,Kiss of Death (1995),Crime|Drama|Thriller,Kiss of Death,Crime Drama Thriller,3.2,5.0
260,Star Wars: Episode IV - A New Hope (1977),Action|Adventure|Sci-Fi,Star Wars: Episode IV - A New Hope,Action Adventure Sci-Fi,4.231075697211155,251.0
261,Little Women (1994),Drama,Little Women,Drama,3.880952380952381,42.0
262,"Little Princess, A (1995)",Children|Drama,"Little Princess, A",Children Drama,3.9047619047619047,21.0
263,Ladybird Ladybird (1994),Drama,Ladybird Ladybird,Drama,4.0,1.0
265,Like Water for Chocolate (Como agua para chocolate) (1992),Drama|Fantasy|Romance,Like Water for Chocolate (Como agua para chocolate),Drama Fantasy Romance,3.9393939393939394,33.0
266,Legends of the Fall (1994),Drama|Romance|War|Western,Legends of the Fall,Drama Romance War Western,3.3970588235294117,68.0
267,Major Payne (1995),Comedy,Major Payne,Comedy,2.9411764705882355,17.0
269,My Crazy Life (Mi vida loca) (1993),Drama,My Crazy Life (Mi vida loca),Drama,3.0,2.0
270,Love Affair (1994),Drama|Romance,Love Affair,Drama Romance,3.4,5.0
271,Losing Isaiah (1995),Drama,Losing Isaiah,Drama,3.5,4.0
272,"Madness of King George, The (1994)",Comedy|Drama,"Madness of King George, The",Comedy Drama,3.7580645161290325,31.0
273,Mary Shelley's Frankenstein (Frankenstein) (1994),Drama|Horror|Sci-Fi,Mary Shelley's Frankenstein (Frankenstein),Drama Horror Sci-Fi,2.9464285714285716,28.0
274,Man of the House (1995),Comedy,Man of the House,Comedy,2.9285714285714284,7.0
275,Mixed Nuts (1994),Comedy,Mixed Nuts,Comedy,2.0,6.0
276,Milk Money (1994),Comedy|Romance,Milk Money,Comedy Romance,3.25,22.0
277,Miracle on 34th Street (1994),Drama,Miracle on 34th Street,Drama,3.223684210526316,38.0
278,Miami Rhapsody (1995),Comedy,Miami Rhapsody,Comedy,1.5,2.0
279,My Family (1995),Drama,My Family,Drama,3.0,2.0
280,Murder in the First (1995),Drama|Thriller,Murder in the First,Drama Thriller,4.076923076923077,13.0
281,Nobody's Fool (1994),Comedy|Drama|Romance,Nobody's Fool,Comedy Drama Romance,3.7857142857142856,14.0
282,Nell (1994),Drama,Nell,Drama,3.3375,40.0
283,New Jersey Drive (1995),Crime|Drama,New Jersey Drive,Crime Drama,3.6666666666666665,3.0
284,New York Cop (Nyû Yôku no koppu) (1993),Action|Crime,New York Cop (Nyû Yôku no koppu),Action Crime,4.5,1.0
285,Beyond Bedlam (1993),Drama|Horror,Beyond Bedlam,Drama Horror,4.0,1.0
287,Nina Takes a Lover (1994),Comedy|Romance,Nina Takes a Lover,Comedy Romance,3.0,1.0
288,Natural Born Killers (1994),Action|Crime|Thriller,Natural Born Killers,Action Crime Thriller,3.233695652173913,92.0
289,Only You (1994),Comedy|Romance,Only You,Comedy Romance,3.5625,8.0
290,Once Were Warriors (1994),Crime|Drama,Once Were Warriors,Crime Drama,4.035714285714286,14.0
291,Poison Ivy II (1996),Drama|Thriller,Poison Ivy II,Drama Thriller,2.3333333333333335,3.0
292,Outbreak (1995),Action|Drama|Sci-Fi|Thriller,Outbreak,Action Drama Sci-Fi Thriller,3.4257425742574257,101.0
293,Léon: The Professional (a.k.a. The Professional) (Léon) (1994),Action|Crime|Drama|Thriller,Léon: The Professional (a.k.a. The Professional) (Léon),Action Crime Drama Thriller,4.018796992481203,133.0
294,"Perez Family, The (1995)",Comedy|Romance,"Perez Family, The",Comedy Romance,3.0,2.0
295,"Pyromaniac's Love Story, A (1995)",Comedy|Romance,"Pyromaniac's Love Story, A",Comedy Romance,3.0,1.0
296,Pulp Fiction (1994),Comedy|Crime|Drama|Thriller,Pulp Fiction,Comedy Crime Drama Thriller,4.197068403908795,307.0
298,Pushing Hands (Tui shou) (1992),Drama,Pushing Hands (Tui shou),Drama,2.0,1.0
299,Priest (1994),Drama,Priest,Drama,4.0,4.0
300,Quiz Show (1994),Drama,Quiz Show,Drama,3.5185185185185186,81.0
301,Picture Bride (Bijo photo) (1994),Drama|Romance,Picture Bride (Bijo photo),Drama Romance,4.0,1.0
302,"Queen Margot (Reine Margot, La) (1994)",Drama|Romance,"Queen Margot (Reine Margot, La)",Drama Romance,3.2,5.0
303,"Quick and the Dead, The (1995)",Action|Thriller|Western,"Quick and the Dead, The",Action Thriller Western,2.953125,32.0
304,Roommates (1995),Comedy|Drama,Roommates,Comedy Drama,3.6666666666666665,3.0
305,Ready to Wear (Pret-A-Porter) (1994),Comedy,Ready to Wear (Pret-A-Porter),Comedy,2.8333333333333335,9.0
306,Three Colors: Red (Trois couleurs: Rouge) (1994),Drama,Three Colors: Red (Trois couleurs: Rouge),Drama,4.21875,16.0
307,Three Colors: Blue (Trois couleurs: Bleu) (1993),Drama,Three Colors: Blue (Trois couleurs: Bleu),Drama,3.8958333333333335,24.0
308,Three Colors: White (Trzy kolory: Bialy) (1994),Comedy|Drama,Three Colors: White (Trzy kolory: Bialy),Comedy Drama,4.025,20.0
310,Rent-a-Kid (1995),Comedy,Rent-a-Kid,Comedy,3.0,1.0
311,Relative Fear (1994),Horror|Thriller,Relative Fear,Horror Thriller,3.0,1.0
312,Stuart Saves His Family (1995),Comedy,Stuart Saves His Family,Comedy,1.4444444444444444,9.0
313,"Swan Princess, The (1994)",Animation|Children,"Swan Princess, The",Animation Children,3.3333333333333335,3.0
314,"Secret of Roan Inish, The (1994)",Children|Drama|Fantasy|Mystery,"Secret of Roan Inish, The",Children Drama Fantasy Mystery,3.75,16.0
315,"Specialist, The (1994)",Action|Drama|Thriller,"Specialist, The",Action Drama Thriller,3.0789473684210527,38.0
316,Stargate (1994),Action|Adventure|Sci-Fi,Stargate,Action Adventure Sci-Fi,3.375,140.0
317,"Santa Clause, The (1994)",Comedy|Drama|Fantasy,"Santa Clause, The",Comedy Drama Fantasy,3.2037037037037037,81.0
318,"Shawshank Redemption, The (1994)",Crime|Drama,"Shawshank Redemption, The",Crime Drama,4.429022082018927,317.0
319,Shallow Grave (1994),Comedy|Drama|Thriller,Shallow Grave,Comedy Drama Thriller,3.6,20.0
320,Suture (1993),Film-Noir|Thriller,Suture,Film-Noir Thriller,3.0,1.0
321,Strawberry and Chocolate (Fresa y chocolate) (1993),Drama,Strawberry and Chocolate (Fresa y chocolate),Drama,4.0,2.0
322,Swimming with Sharks (1995),Comedy|Drama,Swimming with Sharks,Comedy Drama,3.55,10.0
324,"Sum of Us, The (1994)",Comedy|Drama,"Sum of Us, The",Comedy Drama,4.0,1.0
325,National Lampoon's Senior Trip (1995),Comedy,National Lampoon's Senior Trip,Comedy,2.5,7.0
326,To Live (Huozhe) (1994),Drama,To Live (Huozhe),Drama,4.0,3.0
327,Tank Girl (1995),Action|Comedy|Sci-Fi,Tank Girl,Action Comedy Sci-Fi,2.823529411764706,34.0
328,Tales from the Crypt Presents: Demon Knight (1995),Horror|Thriller,Tales from the Crypt Presents: Demon Knight,Horror Thriller,3.15,10.0
329,Star Trek: Generations (1994),Adventure|Drama|Sci-Fi,Star Trek: Generations,Adventure Drama Sci-Fi,3.3935185185185186,108.0
330,Tales from the Hood (1995),Action|Crime|Horror,Tales from the Hood,Action Crime Horror,3.0,6.0
331,Tom & Viv (1994),Drama,Tom & Viv,Drama,3.0,2.0
332,Village of the Damned (1995),Horror|Sci-Fi,Village of the Damned,Horror Sci-Fi,2.8333333333333335,12.0
333,Tommy Boy (1995),Comedy,Tommy Boy,Comedy,3.78,50.0
334,Vanya on 42nd Street (1994),Drama,Vanya on 42nd Street,Drama,4.2,5.0
335,Underneath (1995),Mystery|Thriller,Underneath,Mystery Thriller,3.5,2.0
336,"Walking Dead, The (1995)",Drama|War,"Walking Dead, The",Drama War,3.0,1.0
337,What's Eating Gilbert Grape (1993),Drama,What's Eating Gilbert Grape,Drama,3.7662337662337664,77.0
338,Virtuosity (1995),Action|Sci-Fi|Thriller,Virtuosity,Action Sci-Fi Thriller,2.8421052631578947,19.0
339,While You Were Sleeping (1995),Comedy|Romance,While You Were Sleeping,Comedy Romance,3.4693877551020407,98.0
340,"War, The (1994)",Adventure|Drama|War,"War, The",Adventure Drama War,3.4,5.0
341,Double Happiness (1994),Drama,Double Happiness,Drama,4.0,2.0
342,Muriel's Wedding (1994),Comedy,Muriel's Wedding,Comedy,3.272727272727273,33.0
343,"Baby-Sitters Club, The (1995)",Children,"Baby-Sitters Club, The",Children,2.9,5.0
344,Ace Ventura: Pet Detective (1994),Comedy,Ace Ventura: Pet Detective,Comedy,3.040372670807453,161.0
345,"Adventures of Priscilla, Queen of the Desert, The (1994)",Comedy|Drama,"Adventures of Priscilla, Queen of the Desert, The",Comedy Drama,3.5972222222222223,36.0
346,Backbeat (1993),Drama|Musical,Backbeat,Drama Musical,3.5,6.0
347,Bitter Moon (1992),Drama|Film-Noir|Romance,Bitter Moon,Drama Film-Noir Romance,3.5,6.0
348,Bullets Over Broadway (1994),Comedy,Bullets Over Broadway,Comedy,3.5833333333333335,30.0
349,Clear and Present Danger (1994),Action|Crime|Drama|Thriller,Clear and Present Danger,Action Crime Drama Thriller,3.6045454545454545,110.0
350,"Client, The (1994)",Drama|Mystery|Thriller,"Client, The",Drama Mystery Thriller,3.3859649122807016,57.0
351,"Corrina, Corrina (1994)",Comedy|Drama|Romance,"Corrina, Corrina",Comedy Drama Romance,3.176470588235294,17.0
352,Crooklyn (1994),Comedy|Drama,Crooklyn,Comedy Drama,2.5,2.0
353,"Crow, The (1994)",Action|Crime|Fantasy|Thriller,"Crow, The",Action Crime Fantasy Thriller,3.609375,64.0
354,Cobb (1994),Drama,Cobb,Drama,3.3333333333333335,6.0
355,"Flintstones, The (1994)",Children|Comedy|Fantasy,"Flintstones, The",Children Comedy Fantasy,2.357142857142857,42.0
356,Forrest Gump (1994),Comedy|Drama|Romance|War,Forrest Gump,Comedy Drama Romance War,4.164133738601824,329.0
357,Four Weddings and a Funeral (1994),Comedy|Romance,Four Weddings and a Funeral,Comedy Romance,3.5194174757281553,103.0
358,Higher Learning (1995),Drama,Higher Learning,Drama,2.6666666666666665,9.0
359,I Like It Like That (1994),Comedy|Drama|Romance,I Like It Like That,Comedy Drama Romance,3.0,1.0
360,I Love Trouble (1994),Action|Comedy,I Love Trouble,Action Comedy,2.6875,8.0
361,It Could Happen to You (1994),Comedy|Drama|Romance,It Could Happen to You,Comedy Drama Romance,3.0588235294117645,17.0
362,"Jungle Book, The (1994)",Adventure|Children|Romance,"Jungle Book, The",Adventure Children Romance,3.5294117647058822,34.0
363,"Wonderful, Horrible Life of Leni Riefenstahl, The (Macht der Bilder: Leni Riefenstahl, Die) (1993)",Documentary,"Wonderful, Horrible Life of Leni Riefenstahl, The (Macht der Bilder: Leni Riefenstahl, Die)",Documentary,4.0,2.0
364,"Lion King, The (1994)",Adventure|Animation|Children|Drama|Musical|IMAX,"Lion King, The",Adventure Animation Children Drama Musical IMAX,3.941860465116279,172.0
365,Little Buddha (1993),Drama,Little Buddha,Drama,3.25,4.0
366,"Wes Craven's New Nightmare (Nightmare on Elm Street Part 7: Freddy's Finale, A) (1994)",Drama|Horror|Mystery|Thriller,"Wes Craven's New Nightmare (Nightmare on Elm Street Part 7: Freddy's Finale, A)",Drama Horror Mystery Thriller,2.9166666666666665,12.0
367,"Mask, The (1994)",Action|Comedy|Crime|Fantasy,"Mask, The",Action Comedy Crime Fantasy,3.1847133757961785,157.0
368,Maverick (1994),Adventure|Comedy|Western,Maverick,Adventure Comedy Western,3.5,74.0
369,Mrs. Parker and the Vicious Circle (1994),Drama,Mrs. Parker and the Vicious Circle,Drama,4.0,2.0
370,Naked Gun 33 1/3: The Final Insult (1994),Action|Comedy,Naked Gun 33 1/3: The Final Insult,Action Comedy,3.060344827586207,58.0
371,"Paper, The (1994)",Comedy|Drama,"Paper, The",Comedy Drama,3.3095238095238093,21.0
372,Reality Bites (1994),Comedy|Drama|Romance,Reality Bites,Comedy Drama Romance,2.761904761904762,21.0
373,Red Rock West (1992),Thriller,Red Rock West,Thriller,3.6363636363636362,11.0
374,Richie Rich (1994),Children|Comedy,Richie Rich,Children Comedy,2.2,25.0
376,"River Wild, The (1994)",Action|Thriller,"River Wild, The",Action Thriller,3.25,40.0
377,Speed (1994),Action|Romance|Thriller,Speed,Action Romance Thriller,3.5292397660818713,171.0
378,Speechless (1994),Comedy|Romance,Speechless,Comedy Romance,2.7857142857142856,7.0
379,Timecop (1994),Action|Sci-Fi|Thriller,Timecop,Action Sci-Fi Thriller,2.5,21.0
380,True Lies (1994),Action|Adventure|Comedy|Romance|Thriller,True Lies,Action Adventure Comedy Romance Thriller,3.497191011235955,178.0
381,When a Man Loves a Woman (1994),Drama|Romance,When a Man Loves a Woman,Drama Romance,3.8181818181818183,11.0
382,Wolf (1994),Drama|Horror|Romance|Thriller,Wolf,Drama Horror Romance Thriller,3.15625,16.0
383,Wyatt Earp (1994),Western,Wyatt Earp,Western,3.0952380952380953,21.0
384,Bad Company (1995),Action|Crime|Drama,Bad Company,Action Crime Drama,3.25,2.0
385,"Man of No Importance, A (1994)",Drama,"Man of No Importance, A",Drama,4.0,1.0
386,S.F.W. (1994),Drama,S.F.W.,Drama,3.0,1.0
387,"Low Down Dirty Shame, A (1994)",Action|Comedy,"Low Down Dirty Shame, A",Action Comedy,2.375,4.0
388,Boys Life (1995),Drama,Boys Life,Drama,3.0,2.0
389,"Colonel Chabert, Le (1994)",Drama|Romance|War,"Colonel Chabert, Le",Drama Romance War,4.5,2.0
390,Faster Pussycat! Kill! Kill! (1965),Action|Crime|Drama,Faster Pussycat! Kill! Kill!,Action Crime Drama,3.7,5.0
391,Jason's Lyric (1994),Crime|Drama,Jason's Lyric,Crime Drama,4.5,1.0
393,Street Fighter (1994),Action|Adventure|Fantasy,Street Fighter,Action Adventure Fantasy,2.5,10.0
405,Highlander III: The Sorcerer (a.k.a. Highlander: The Final Dimension) (1994),Action|Fantasy,Highlander III: The Sorcerer (a.k.a. Highlander: The Final Dimension),Action Fantasy,2.4166666666666665,12.0
406,Federal Hill (1994),Drama,Federal Hill,Drama,3.0,1.0
407,In the Mouth of Madness (1995),Horror|Thriller,In the Mouth of Madness,Horror Thriller,3.4375,8.0
408,8 Seconds (1994),Drama,8 Seconds,Drama,3.0,2.0
409,Above the Rim (1994),Crime|Drama,Above the Rim,Crime Drama,2.0,1.0
410,Addams Family Values (1993),Children|Comedy|Fantasy,Addams Family Values,Children Comedy Fantasy,3.1011904761904763,84.0
412,"Age of Innocence, The (1993)",Drama,"Age of Innocence, The",Drama,3.5,15.0
413,Airheads (1994),Comedy,Airheads,Comedy,2.7884615384615383,26.0
414,"Air Up There, The (1994)",Comedy,"Air Up There, The",Comedy,2.3333333333333335,6.0
415,Another Stakeout (1993),Comedy|Thriller,Another Stakeout,Comedy Thriller,2.53125,16.0
416,Bad Girls (1994),Western,Bad Girls,Western,2.5,8.0
417,Barcelona (1994),Comedy|Romance,Barcelona,Comedy Romance,3.6923076923076925,13.0
418,Being Human (1993),Drama,Being Human,Drama,3.0,2.0
419,"Beverly Hillbillies, The (1993)",Comedy,"Beverly Hillbillies, The",Comedy,2.675,20.0
420,Beverly Hills Cop III (1994),Action|Comedy|Crime|Thriller,Beverly Hills Cop III,Action Comedy Crime Thriller,2.7203389830508473,59.0
421,Black Beauty (1994),Adventure|Children|Drama,Black Beauty,Adventure Children Drama,3.2083333333333335,12.0
422,Blink (1994),Thriller,Blink,Thriller,3.2,5.0
423,Blown Away (1994),Action|Thriller,Blown Away,Action Thriller,2.85,10.0
424,Blue Chips (1994),Drama,Blue Chips,Drama,1.8333333333333333,3.0
425,Blue Sky (1994),Drama|Romance,Blue Sky,Drama Romance,3.75,2.0
426,Body Snatchers (1993),Horror|Sci-Fi|Thriller,Body Snatchers,Horror Sci-Fi Thriller,3.142857142857143,7.0
427,Boxing Helena (1993),Drama|Mystery|Romance|Thriller,Boxing Helena,Drama Mystery Romance Thriller,2.5416666666666665,12.0
428,"Bronx Tale, A (1993)",Drama,"Bronx Tale, A",Drama,3.7222222222222223,18.0
429,Cabin Boy (1994),Comedy,Cabin Boy,Comedy,2.0,6.0
430,Calendar Girl (1993),Comedy|Drama,Calendar Girl,Comedy Drama,3.75,2.0
431,Carlito's Way (1993),Crime|Drama,Carlito's Way,Crime Drama,3.738095238095238,42.0
432,City Slickers II: The Legend of Curly's Gold (1994),Adventure|Comedy|Western,City Slickers II: The Legend of Curly's Gold,Adventure Comedy Western,2.6454545454545455,55.0
433,Clean Slate (1994),Comedy,Clean Slate,Comedy,2.75,8.0
434,Cliffhanger (1993),Action|Adventure|Thriller,Cliffhanger,Action Adventure Thriller,3.0346534653465347,101.0
435,Coneheads (1993),Comedy|Sci-Fi,Coneheads,Comedy Sci-Fi,2.4206349206349205,63.0
436,Color of Night (1994),Drama|Thriller,Color of Night,Drama Thriller,2.5714285714285716,7.0
437,Cops and Robbersons (1994),Comedy,Cops and Robbersons,Comedy,2.1666666666666665,9.0
438,"Cowboy Way, The (1994)",Action|Comedy|Drama,"Cowboy Way, The",Action Comedy Drama,2.7142857142857144,7.0
440,Dave (1993),Comedy|Romance,Dave,Comedy Romance,3.5460526315789473,76.0
441,Dazed and Confused (1993),Comedy,Dazed and Confused,Comedy,3.9285714285714284,42.0
442,Demolition Man (1993),Action|Adventure|Sci-Fi,Demolition Man,Action Adventure Sci-Fi,3.0925925925925926,81.0
444,Even Cowgirls Get the Blues (1993),Comedy|Romance,Even Cowgirls Get the Blues,Comedy Romance,2.3333333333333335,6.0
445,Fatal Instinct (1993),Comedy,Fatal Instinct,Comedy,3.0,12.0
446,Farewell My Concubine (Ba wang bie ji) (1993),Drama|Romance,Farewell My Concubine (Ba wang bie ji),Drama Romance,3.8333333333333335,9.0
448,Fearless (1993),Drama,Fearless,Drama,3.625,8.0
449,Fear of a Black Hat (1994),Comedy,Fear of a Black Hat,Comedy,1.0,1.0
450,With Honors (1994),Comedy|Drama,With Honors,Comedy Drama,3.0,7.0
451,Flesh and Bone (1993),Drama|Mystery|Romance,Flesh and Bone,Drama Mystery Romance,4.0,1.0
452,Widows' Peak (1994),Drama,Widows' Peak,Drama,3.0,3.0
453,For Love or Money (1993),Comedy|Romance,For Love or Money,Comedy Romance,2.8,5.0
454,"Firm, The (1993)",Drama|Thriller,"Firm, The",Drama Thriller,3.5346534653465347,101.0
455,Free Willy (1993),Adventure|Children|Drama,Free Willy,Adventure Children Drama,2.391891891891892,37.0
456,Fresh (1994),Crime|Drama|Thriller,Fresh,Crime Drama Thriller,3.75,4.0
457,"Fugitive, The (1993)",Thriller,"Fugitive, The",Thriller,3.9921052631578946,190.0
458,Geronimo: An American Legend (1993),Drama|Western,Geronimo: An American Legend,Drama Western,2.8,5.0
459,"Getaway, The (1994)",Action|Adventure|Crime|Drama|Romance|Thriller,"Getaway, The",Action Adventure Crime Drama Romance Thriller,2.25,6.0
460,Getting Even with Dad (1994),Comedy,Getting Even with Dad,Comedy,2.6666666666666665,3.0
461,Go Fish (1994),Drama|Romance,Go Fish,Drama Romance,2.75,4.0
464,Hard Target (1993),Action|Adventure|Crime|Thriller,Hard Target,Action Adventure Crime Thriller,2.9,10.0
466,Hot Shots! Part Deux (1993),Action|Comedy|War,Hot Shots! Part Deux,Action Comedy War,2.8666666666666667,60.0
467,Live Nude Girls (1995),Comedy,Live Nude Girls,Comedy,5.0,1.0
468,"Englishman Who Went Up a Hill But Came Down a Mountain, The (1995)",Comedy|Romance,"Englishman Who Went Up a Hill But Came Down a Mountain, The",Comedy Romance,3.2045454545454546,22.0
469,"House of the Spirits, The (1993)",Drama|Romance,"House of the Spirits, The",Drama Romance,3.4,5.0
470,House Party 3 (1994),Comedy,House Party 3,Comedy,1.0,1.0
471,"Hudsucker Proxy, The (1994)",Comedy,"Hudsucker Proxy, The",Comedy,3.55,40.0
472,I'll Do Anything (1994),Comedy|Drama,I'll Do Anything,Comedy Drama,2.5833333333333335,6.0
473,In the Army Now (1994),Comedy|War,In the Army Now,Comedy War,1.8571428571428572,7.0
474,In the Line of Fire (1993),Action|Thriller,In the Line of Fire,Action Thriller,3.692857142857143,70.0
475,In the Name of the Father (1993),Drama,In the Name of the Father,Drama,4.3,25.0
476,"Inkwell, The (1994)",Comedy|Drama,"Inkwell, The",Comedy Drama,1.0,1.0
477,What's Love Got to Do with It? (1993),Drama|Musical,What's Love Got to Do with It?,Drama Musical,3.3823529411764706,17.0
478,Jimmy Hollywood (1994),Comedy|Crime|Drama,Jimmy Hollywood,Comedy Crime Drama,2.5,1.0
479,Judgment Night (1993),Action|Crime|Thriller,Judgment Night,Action Crime Thriller,2.25,4.0
480,Jurassic Park (1993),Action|Adventure|Sci-Fi|Thriller,Jurassic Park,Action Adventure Sci-Fi Thriller,3.75,238.0
481,Kalifornia (1993),Drama|Thriller,Kalifornia,Drama Thriller,3.1578947368421053,19.0
482,Killing Zoe (1994),Crime|Drama|Thriller,Killing Zoe,Crime Drama Thriller,3.625,8.0
484,Lassie (1994),Adventure|Children,Lassie,Adventure Children,3.0,2.0
485,Last Action Hero (1993),Action|Adventure|Comedy|Fantasy,Last Action Hero,Action Adventure Comedy Fantasy,2.9339622641509435,53.0
486,Life with Mikey (1993),Comedy,Life with Mikey,Comedy,3.0,3.0
487,Lightning Jack (1994),Comedy|Western,Lightning Jack,Comedy Western,2.5,4.0
488,M. Butterfly (1993),Drama|Romance,M. Butterfly,Drama Romance,3.0,1.0
489,Made in America (1993),Comedy,Made in America,Comedy,2.8636363636363638,11.0
490,Malice (1993),Thriller,Malice,Thriller,3.0,12.0
491,"Man Without a Face, The (1993)",Drama,"Man Without a Face, The",Drama,3.2941176470588234,17.0
492,Manhattan Murder Mystery (1993),Comedy|Mystery,Manhattan Murder Mystery,Comedy Mystery,3.75,14.0
493,Menace II Society (1993),Action|Crime|Drama,Menace II Society,Action Crime Drama,3.6666666666666665,12.0
494,Executive Decision (1996),Action|Adventure|Thriller,Executive Decision,Action Adventure Thriller,3.3780487804878048,41.0
495,In the Realm of the Senses (Ai no corrida) (1976),Drama,In the Realm of the Senses (Ai no corrida),Drama,5.0,1.0
496,What Happened Was... (1994),Comedy|Drama|Romance|Thriller,What Happened Was...,Comedy Drama Romance Thriller,5.0,1.0
497,Much Ado About Nothing (1993),Comedy|Romance,Much Ado About Nothing,Comedy Romance,3.813953488372093,43.0
499,Mr. Wonderful (1993),Comedy|Romance,Mr. Wonderful,Comedy Romance,2.5,2.0
500,Mrs. Doubtfire (1993),Comedy|Drama,Mrs. Doubtfire,Comedy Drama,3.388888888888889,144.0
501,Naked (1993),Drama,Naked,Drama,3.6666666666666665,6.0
502,"Next Karate Kid, The (1994)",Action|Children|Romance,"Next Karate Kid, The",Action Children Romance,2.3666666666666667,15.0
504,No Escape (1994),Action|Drama|Sci-Fi,No Escape,Action Drama Sci-Fi,3.0,2.0
505,North (1994),Comedy,North,Comedy,2.2142857142857144,7.0
506,Orlando (1992),Drama|Fantasy|Romance,Orlando,Drama Fantasy Romance,4.5,2.0
507,"Perfect World, A (1993)",Crime|Drama|Thriller,"Perfect World, A",Crime Drama Thriller,3.3846153846153846,13.0
508,Philadelphia (1993),Drama,Philadelphia,Drama,3.6136363636363638,66.0
509,"Piano, The (1993)",Drama|Romance,"Piano, The",Drama Romance,3.540983606557377,61.0
510,Poetic Justice (1993),Drama,Poetic Justice,Drama,3.0,1.0
511,"Program, The (1993)",Action|Drama,"Program, The",Action Drama,3.0,2.0
512,"Puppet Masters, The (1994)",Horror|Sci-Fi,"Puppet Masters, The",Horror Sci-Fi,3.0,4.0
513,Radioland Murders (1994),Comedy|Mystery|Romance,Radioland Murders,Comedy Mystery Romance,3.375,4.0
514,"Ref, The (1994)",Comedy,"Ref, The",Comedy,3.4166666666666665,18.0
515,"Remains of the Day, The (1993)",Drama|Romance,"Remains of the Day, The",Drama Romance,3.6041666666666665,24.0
516,Renaissance Man (1994),Comedy|Drama,Renaissance Man,Comedy Drama,3.0555555555555554,18.0
517,Rising Sun (1993),Action|Drama|Mystery,Rising Sun,Action Drama Mystery,3.2777777777777777,9.0
518,"Road to Wellville, The (1994)",Comedy,"Road to Wellville, The",Comedy,2.375,4.0
519,RoboCop 3 (1993),Action|Crime|Drama|Sci-Fi|Thriller,RoboCop 3,Action Crime Drama Sci-Fi Thriller,2.4047619047619047,21.0
520,Robin Hood: Men in Tights (1993),Comedy,Robin Hood: Men in Tights,Comedy,3.130434782608696,69.0
521,Romeo Is Bleeding (1993),Crime|Thriller,Romeo Is Bleeding,Crime Thriller,3.1666666666666665,3.0
522,Romper Stomper (1992),Action|Drama,Romper Stomper,Action Drama,3.2857142857142856,7.0
523,Ruby in Paradise (1993),Drama,Ruby in Paradise,Drama,3.5,4.0
524,Rudy (1993),Drama,Rudy,Drama,3.485294117647059,34.0
526,"Savage Nights (Nuits fauves, Les) (1992)",Drama,"Savage Nights (Nuits fauves, Les)",Drama,4.0,1.0
527,Schindler's List (1993),Drama|War,Schindler's List,Drama War,4.225,220.0
528,"Scout, The (1994)",Comedy|Drama,"Scout, The",Comedy Drama,2.3333333333333335,3.0
529,Searching for Bobby Fischer (1993),Drama,Searching for Bobby Fischer,Drama,3.875,40.0
531,"Secret Garden, The (1993)",Children|Drama,"Secret Garden, The",Children Drama,3.25,24.0
532,Serial Mom (1994),Comedy|Crime|Horror,Serial Mom,Comedy Crime Horror,3.0,16.0
533,"Shadow, The (1994)",Action|Adventure|Fantasy|Mystery,"Shadow, The",Action Adventure Fantasy Mystery,2.888888888888889,18.0
534,Shadowlands (1993),Drama|Romance,Shadowlands,Drama Romance,3.607142857142857,14.0
535,Short Cuts (1993),Drama,Short Cuts,Drama,3.2666666666666666,15.0
536,"Simple Twist of Fate, A (1994)",Drama,"Simple Twist of Fate, A",Drama,3.3333333333333335,3.0
537,Sirens (1994),Drama,Sirens,Drama,3.1666666666666665,12.0
538,Six Degrees of Separation (1993),Drama,Six Degrees of Separation,Drama,3.5833333333333335,12.0
539,Sleepless in Seattle (1993),Comedy|Drama|Romance,Sleepless in Seattle,Comedy Drama Romance,3.4716981132075473,106.0
540,Sliver (1993),Thriller,Sliver,Thriller,2.6666666666666665,18.0
541,Blade Runner (1982),Action|Sci-Fi|Thriller,Blade Runner,Action Sci-Fi Thriller,4.100806451612903,124.0
542,Son in Law (1993),Comedy|Drama|Romance,Son in Law,Comedy Drama Romance,2.7857142857142856,14.0
543,So I Married an Axe Murderer (1993),Comedy|Romance|Thriller,So I Married an Axe Murderer,Comedy Romance Thriller,3.317073170731707,41.0
544,Striking Distance (1993),Action|Crime,Striking Distance,Action Crime,2.4375,8.0
546,Super Mario Bros. (1993),Action|Adventure|Children|Comedy|Fantasy|Sci-Fi,Super Mario Bros.,Action Adventure Children Comedy Fantasy Sci-Fi,2.0,21.0
547,Surviving the Game (1994),Action|Adventure|Thriller,Surviving the Game,Action Adventure Thriller,3.25,2.0
548,Terminal Velocity (1994),Action|Mystery|Thriller,Terminal Velocity,Action Mystery Thriller,2.75,6.0
549,Thirty-Two Short Films About Glenn Gould (1993),Drama|Musical,Thirty-Two Short Films About Glenn Gould,Drama Musical,4.5,2.0
550,Threesome (1994),Comedy|Romance,Threesome,Comedy Romance,3.4,5.0
551,"Nightmare Before Christmas, The (1993)",Animation|Children|Fantasy|Musical,"Nightmare Before Christmas, The",Animation Children Fantasy Musical,3.553763440860215,93.0
552,"Three Musketeers, The (1993)",Action|Adventure|Comedy|Romance,"Three Musketeers, The",Action Adventure Comedy Romance,3.262295081967213,61.0
553,Tombstone (1993),Action|Drama|Western,Tombstone,Action Drama Western,3.8153846153846156,65.0
555,True Romance (1993),Crime|Thriller,True Romance,Crime Thriller,3.8,65.0
556,"War Room, The (1993)",Documentary,"War Room, The",Documentary,3.3333333333333335,6.0
558,"Pagemaster, The (1994)",Action|Adventure|Animation|Children|Fantasy,"Pagemaster, The",Action Adventure Animation Children Fantasy,2.9375,8.0
562,Welcome to the Dollhouse (1995),Comedy|Drama,Welcome to the Dollhouse,Comedy Drama,3.5434782608695654,23.0
563,Germinal (1993),Drama|Romance,Germinal,Drama Romance,4.0,1.0
564,Chasers (1994),Comedy,Chasers,Comedy,1.5,2.0
567,Kika (1993),Comedy|Drama,Kika,Comedy Drama,2.0,3.0
568,Bhaji on the Beach (1993),Comedy|Drama,Bhaji on the Beach,Comedy Drama,3.5,2.0
569,Little Big League (1994),Comedy|Drama,Little Big League,Comedy Drama,2.6666666666666665,6.0
573,"Ciao, Professore! (Io speriamo che me la cavo) (1992)",Drama,"Ciao, Professore! (Io speriamo che me la cavo)",Drama,3.5,1.0
574,Spanking the Monkey (1994),Comedy|Drama,Spanking the Monkey,Comedy Drama,3.25,4.0
575,"Little Rascals, The (1994)",Children|Comedy,"Little Rascals, The",Children Comedy,2.65625,16.0
577,Andre (1994),Adventure|Children|Drama,Andre,Adventure Children Drama,2.125,4.0
579,"Escort, The (Scorta, La) (1993)",Crime|Thriller,"Escort, The (Scorta, La)",Crime Thriller,3.0,1.0
580,Princess Caraboo (1994),Drama,Princess Caraboo,Drama,2.8,5.0
581,"Celluloid Closet, The (1995)",Documentary,"Celluloid Closet, The",Documentary,4.0,4.0
583,Dear Diary (Caro Diario) (1994),Comedy|Drama,Dear Diary (Caro Diario),Comedy Drama,4.0,1.0
585,"Brady Bunch Movie, The (1995)",Comedy,"Brady Bunch Movie, The",Comedy,2.736111111111111,36.0
586,Home Alone (1990),Children|Comedy,Home Alone,Children Comedy,2.9956896551724137,116.0
587,Ghost (1990),Comedy|Drama|Fantasy|Romance|Thriller,Ghost,Comedy Drama Fantasy Romance Thriller,3.4347826086956523,115.0
588,Aladdin (1992),Adventure|Animation|Children|Comedy|Musical,Aladdin,Adventure Animation Children Comedy Musical,3.7923497267759565,183.0
589,Terminator 2: Judgment Day (1991),Action|Sci-Fi,Terminator 2: Judgment Day,Action Sci-Fi,3.970982142857143,224.0
590,Dances with Wolves (1990),Adventure|Drama|Western,Dances with Wolves,Adventure Drama Western,3.8353658536585367,164.0
592,Batman (1989),Action|Crime|Thriller,Batman,Action Crime Thriller,3.4285714285714284,189.0
593,"Silence of the Lambs, The (1991)",Crime|Horror|Thriller,"Silence of the Lambs, The",Crime Horror Thriller,4.161290322580645,279.0
594,Snow White and the Seven Dwarfs (1937),Animation|Children|Drama|Fantasy|Musical,Snow White and the Seven Dwarfs,Animation Children Drama Fantasy Musical,3.616883116883117,77.0
595,Beauty and the Beast (1991),Animation|Children|Fantasy|Musical|Romance|IMAX,Beauty and the Beast,Animation Children Fantasy Musical Romance IMAX,3.7705479452054793,146.0
596,Pinocchio (1940),Animation|Children|Fantasy|Musical,Pinocchio,Animation Children Fantasy Musical,3.45,60.0
597,Pretty Woman (1990),Comedy|Romance,Pretty Woman,Comedy Romance,3.4851851851851854,135.0
599,"Wild Bunch, The (1969)",Adventure|Western,"Wild Bunch, The",Adventure Western,3.8181818181818183,11.0
600,Love and a .45 (1994),Action|Comedy|Crime,Love and a .45,Action Comedy Crime,4.0,1.0
602,"Great Day in Harlem, A (1994)",Documentary,"Great Day in Harlem, A",Documentary,4.0,1.0
605,One Fine Day (1996),Drama|Romance,One Fine Day,Drama Romance,3.0,10.0
606,Candyman: Farewell to the Flesh (1995),Fantasy|Horror,Candyman: Farewell to the Flesh,Fantasy Horror,3.0,4.0
608,Fargo (1996),Comedy|Crime|Drama|Thriller,Fargo,Comedy Crime Drama Thriller,4.116022099447513,181.0
609,Homeward Bound II: Lost in San Francisco (1996),Adventure|Children,Homeward Bound II: Lost in San Francisco,Adventure Children,3.5714285714285716,14.0
610,Heavy Metal (1981),Action|Adventure|Animation|Horror|Sci-Fi,Heavy Metal,Action Adventure Animation Horror Sci-Fi,3.5454545454545454,33.0
611,Hellraiser: Bloodline (1996),Action|Horror|Sci-Fi,Hellraiser: Bloodline,Action Horror Sci-Fi,2.4166666666666665,6.0
612,"Pallbearer, The (1996)",Comedy,"Pallbearer, The",Comedy,2.5,6.0
613,Jane Eyre (1996),Drama|Romance,Jane Eyre,Drama Romance,3.1875,8.0
615,Bread and Chocolate (Pane e cioccolata) (1973),Comedy|Drama,Bread and Chocolate (Pane e cioccolata),Comedy Drama,3.0,1.0
616,"Aristocats, The (1970)",Animation|Children,"Aristocats, The",Animation Children,3.411111111111111,45.0
617,"Flower of My Secret, The (La flor de mi secreto) (1995)",Comedy|Drama,"Flower of My Secret, The (La flor de mi secreto)",Comedy Drama,2.8333333333333335,3.0
618,Two Much (1995),Comedy|Romance,Two Much,Comedy Romance,3.0,1.0
619,Ed (1996),Comedy,Ed,Comedy,2.6,5.0
626,"Thin Line Between Love and Hate, A (1996)",Comedy,"Thin Line Between Love and Hate, A",Comedy,5.0,1.0
627,"Last Supper, The (1995)",Drama|Thriller,"Last Supper, The",Drama Thriller,3.3333333333333335,6.0
628,Primal Fear (1996),Crime|Drama|Mystery|Thriller,Primal Fear,Crime Drama Mystery Thriller,3.642857142857143,35.0
631,All Dogs Go to Heaven 2 (1996),Adventure|Animation|Children|Fantasy|Musical|Romance,All Dogs Go to Heaven 2,Adventure Animation Children Fantasy Musical Romance,3.1818181818181817,11.0
632,Land and Freedom (Tierra y libertad) (1995),Drama|War,Land and Freedom (Tierra y libertad),Drama War,4.0,1.0
633,Denise Calls Up (1995),Comedy,Denise Calls Up,Comedy,5.0,1.0
634,Theodore Rex (1995),Comedy,Theodore Rex,Comedy,2.25,4.0
635,"Family Thing, A (1996)",Comedy|Drama,"Family Thing, A",Comedy Drama,3.0,2.0
636,Frisk (1995),Drama,Frisk,Drama,3.0,1.0
637,Sgt. Bilko (1996),Comedy,Sgt. Bilko,Comedy,3.0454545454545454,33.0
638,Jack and Sarah (1995),Romance,Jack and Sarah,Romance,3.0,1.0
639,Girl 6 (1996),Comedy|Drama,Girl 6,Comedy Drama,3.0,4.0
640,Diabolique (1996),Drama|Thriller,Diabolique,Drama Thriller,2.6818181818181817,11.0
645,Nelly & Monsieur Arnaud (1995),Drama,Nelly & Monsieur Arnaud,Drama,3.5,2.0
647,Courage Under Fire (1996),Action|Crime|Drama|War,Courage Under Fire,Action Crime Drama War,3.3275862068965516,29.0
648,Mission: Impossible (1996),Action|Adventure|Mystery|Thriller,Mission: Impossible,Action Adventure Mystery Thriller,3.537037037037037,162.0
649,Cold Fever (Á köldum klaka) (1995),Comedy|Drama,Cold Fever (Á köldum klaka),Comedy Drama,3.0,1.0
650,Moll Flanders (1996),Drama,Moll Flanders,Drama,3.0,4.0
653,Dragonheart (1996),Action|Adventure|Fantasy,Dragonheart,Action Adventure Fantasy,3.0923076923076924,65.0
656,Eddie (1996),Comedy,Eddie,Comedy,3.0,5.0
661,James and the Giant Peach (1996),Adventure|Animation|Children|Fantasy|Musical,James and the Giant Peach,Adventure Animation Children Fantasy Musical,3.4489795918367347,49.0
662,Fear (1996),Thriller,Fear,Thriller,3.2857142857142856,7.0
663,Kids in the Hall: Brain Candy (1996),Comedy,Kids in the Hall: Brain Candy,Comedy,3.2916666666666665,12.0
665,Underground (1995),Comedy|Drama|War,Underground,Comedy Drama War,4.333333333333333,3.0
667,Bloodsport 2 (a.k.a. Bloodsport II: The Next Kumite) (1996),Action,Bloodsport 2 (a.k.a. Bloodsport II: The Next Kumite),Action,2.8125,8.0
668,Song of the Little Road (Pather Panchali) (1955),Drama,Song of the Little Road (Pather Panchali),Drama,4.25,2.0
670,"World of Apu, The (Apur Sansar) (1959)",Drama,"World of Apu, The (Apur Sansar)",Drama,4.75,2.0
671,Mystery Science Theater 3000: The Movie (1996),Comedy|Sci-Fi,Mystery Science Theater 3000: The Movie,Comedy Sci-Fi,3.486111111111111,36.0
673,Space Jam (1996),Adventure|Animation|Children|Comedy|Fantasy|Sci-Fi,Space Jam,Adventure Animation Children Comedy Fantasy Sci-Fi,2.707547169811321,53.0
674,Barbarella (1968),Adventure|Comedy|Sci-Fi,Barbarella,Adventure Comedy Sci-Fi,3.1666666666666665,9.0
678,Some Folks Call It a Sling Blade (1993),Drama|Thriller,Some Folks Call It a Sling Blade,Drama Thriller,3.8333333333333335,9.0
679,"Run of the Country, The (1995)",Drama,"Run of the Country, The",Drama,4.0,1.0
680,"Alphaville (Alphaville, une étrange aventure de Lemmy Caution) (1965)",Drama|Mystery|Romance|Sci-Fi|Thriller,"Alphaville (Alphaville, une étrange aventure de Lemmy Caution)",Drama Mystery Romance Sci-Fi Thriller,4.125,4.0
685,It's My Party (1996),Drama,It's My Party,Drama,4.0,2.0
688,Operation Dumbo Drop (1995),Action|Adventure|Comedy|War,Operation Dumbo Drop,Action Adventure Comedy War,2.3333333333333335,9.0
691,Mrs. Winterbourne (1996),Comedy|Romance,Mrs. Winterbourne,Comedy Romance,3.3333333333333335,3.0
692,Solo (1996),Action|Sci-Fi|Thriller,Solo,Action Sci-Fi Thriller,2.0,4.0
694,"Substitute, The (1996)",Action|Crime|Drama,"Substitute, The",Action Crime Drama,2.9545454545454546,11.0
695,True Crime (1996),Mystery|Thriller,True Crime,Mystery Thriller,4.0,2.0
697,Feeling Minnesota (1996),Drama|Romance,Feeling Minnesota,Drama Romance,2.7,5.0
698,Delta of Venus (1995),Drama,Delta of Venus,Drama,1.0,1.0
700,Angus (1995),Comedy,Angus,Comedy,3.2142857142857144,7.0
703,Boys (1996),Drama,Boys,Drama,2.0,2.0
704,"Quest, The (1996)",Action|Adventure,"Quest, The",Action Adventure,2.5714285714285716,7.0
706,Sunset Park (1996),Drama,Sunset Park,Drama,3.0,1.0
707,Mulholland Falls (1996),Crime|Drama|Thriller,Mulholland Falls,Crime Drama Thriller,2.880952380952381,21.0
708,"Truth About Cats & Dogs, The (1996)",Comedy|Romance,"Truth About Cats & Dogs, The",Comedy Romance,3.3879310344827585,58.0
709,Oliver & Company (1988),Adventure|Animation|Children|Comedy|Musical,Oliver & Company,Adventure Animation Children Comedy Musical,3.090909090909091,11.0
710,Celtic Pride (1996),Comedy,Celtic Pride,Comedy,2.5625,8.0
711,Flipper (1996),Adventure|Children,Flipper,Adventure Children,3.05,10.0
714,Dead Man (1995),Drama|Mystery|Western,Dead Man,Drama Mystery Western,3.966666666666667,15.0
715,"Horseman on the Roof, The (Hussard sur le toit, Le) (1995)",Drama|Romance,"Horseman on the Roof, The (Hussard sur le toit, Le)",Drama Romance,3.6666666666666665,3.0
718,"Visitors, The (Visiteurs, Les) (1993)",Comedy|Fantasy|Sci-Fi,"Visitors, The (Visiteurs, Les)",Comedy Fantasy Sci-Fi,4.125,4.0
719,Multiplicity (1996),Comedy,Multiplicity,Comedy,2.842857142857143,35.0
720,Wallace & Gromit: The Best of Aardman Animation (1996),Adventure|Animation|Comedy,Wallace & Gromit: The Best of Aardman Animation,Adventure Animation Comedy,4.092592592592593,27.0
722,"Haunted World of Edward D. Wood Jr., The (1996)",Documentary,"Haunted World of Edward D. Wood Jr., The",Documentary,4.0,1.0
724,"Craft, The (1996)",Drama|Fantasy|Horror|Thriller,"Craft, The",Drama Fantasy Horror Thriller,3.032258064516129,31.0
725,"Great White Hype, The (1996)",Comedy,"Great White Hype, The",Comedy,2.5,5.0
726,Last Dance (1996),Drama,Last Dance,Drama,3.0,1.0
728,Cold Comfort Farm (1995),Comedy,Cold Comfort Farm,Comedy,3.5,10.0
731,Heaven's Prisoners (1996),Crime|Thriller,Heaven's Prisoners,Crime Thriller,3.3333333333333335,3.0
733,"Rock, The (1996)",Action|Adventure|Thriller,"Rock, The",Action Adventure Thriller,3.6404958677685952,121.0
735,Cemetery Man (Dellamorte Dellamore) (1994),Horror,Cemetery Man (Dellamorte Dellamore),Horror,3.9285714285714284,7.0
736,Twister (1996),Action|Adventure|Romance|Thriller,Twister,Action Adventure Romance Thriller,3.321138211382114,123.0
737,Barb Wire (1996),Action|Sci-Fi,Barb Wire,Action Sci-Fi,2.65,20.0
741,Ghost in the Shell (Kôkaku kidôtai) (1995),Animation|Sci-Fi,Ghost in the Shell (Kôkaku kidôtai),Animation Sci-Fi,4.148148148148148,27.0
742,Thinner (1996),Horror|Thriller,Thinner,Horror Thriller,2.8181818181818183,11.0
743,Spy Hard (1996),Comedy,Spy Hard,Comedy,2.5172413793103448,29.0
745,Wallace & Gromit: A Close Shave (1995),Animation|Children|Comedy,Wallace & Gromit: A Close Shave,Animation Children Comedy,3.8958333333333335,48.0
747,"Stupids, The (1996)",Comedy,"Stupids, The",Comedy,3.3333333333333335,3.0
748,"Arrival, The (1996)",Action|Sci-Fi|Thriller,"Arrival, The",Action Sci-Fi Thriller,3.1136363636363638,22.0
750,Dr. Strangelove or: How I Learned to Stop Worrying and Love the Bomb (1964),Comedy|War,Dr. Strangelove or: How I Learned to Stop Worrying and Love the Bomb,Comedy War,4.268041237113402,97.0
757,Ashes of Time (Dung che sai duk) (1994),Drama,Ashes of Time (Dung che sai duk),Drama,4.0,1.0
759,Maya Lin: A Strong Clear Vision (1994),Documentary,Maya Lin: A Strong Clear Vision,Documentary,3.5,2.0
760,Stalingrad (1993),Drama|War,Stalingrad,Drama War,4.25,2.0
761,"Phantom, The (1996)",Action|Adventure,"Phantom, The",Action Adventure,2.789473684210526,19.0
762,Striptease (1996),Comedy|Crime,Striptease,Comedy Crime,2.4146341463414633,41.0
764,Heavy (1995),Drama|Romance,Heavy,Drama Romance,3.5,2.0
765,Jack (1996),Comedy|Drama,Jack,Comedy Drama,3.1578947368421053,19.0
766,I Shot Andy Warhol (1996),Drama,I Shot Andy Warhol,Drama,3.5,4.0
773,Touki Bouki (1973),Drama,Touki Bouki,Drama,3.5,1.0
775,Spirits of the Dead (1968),Horror|Mystery,Spirits of the Dead,Horror Mystery,3.0,1.0
778,Trainspotting (1996),Comedy|Crime|Drama,Trainspotting,Comedy Crime Drama,4.03921568627451,102.0
779,'Til There Was You (1997),Drama|Romance,'Til There Was You,Drama Romance,4.0,2.0
780,Independence Day (a.k.a. ID4) (1996),Action|Adventure|Sci-Fi|Thriller,Independence Day (a.k.a. ID4),Action Adventure Sci-Fi Thriller,3.4455445544554455,202.0
781,Stealing Beauty (1996),Drama,Stealing Beauty,Drama,3.5,7.0
782,"Fan, The (1996)",Drama|Thriller,"Fan, The",Drama Thriller,3.0,8.0
783,"Hunchback of Notre Dame, The (1996)",Animation|Children|Drama|Musical|Romance,"Hunchback of Notre Dame, The",Animation Children Drama Musical Romance,3.3297872340425534,47.0
784,"Cable Guy, The (1996)",Comedy|Thriller,"Cable Guy, The",Comedy Thriller,2.8055555555555554,54.0
785,Kingpin (1996),Comedy,Kingpin,Comedy,3.369047619047619,42.0
786,Eraser (1996),Action|Drama|Thriller,Eraser,Action Drama Thriller,3.109375,64.0
788,"Nutty Professor, The (1996)",Comedy|Fantasy|Romance|Sci-Fi,"Nutty Professor, The",Comedy Fantasy Romance Sci-Fi,2.731707317073171,82.0
790,"Unforgettable Summer, An (Un été inoubliable) (1994)",Drama,"Unforgettable Summer, An (Un été inoubliable)",Drama,2.0,1.0
791,"Last Klezmer: Leopold Kozlowski, His Life and Music, The (1994)",Documentary,"Last Klezmer: Leopold Kozlowski, His Life and Music, The",Documentary,4.0,1.0
795,Somebody to Love (1994),Drama,Somebody to Love,Drama,3.5,2.0
798,Daylight (1996),Action|Adventure|Drama|Thriller,Daylight,Action Adventure Drama Thriller,2.7083333333333335,12.0
799,"Frighteners, The (1996)",Comedy|Horror|Thriller,"Frighteners, The",Comedy Horror Thriller,3.4565217391304346,23.0
800,Lone Star (1996),Drama|Mystery|Western,Lone Star,Drama Mystery Western,4.157894736842105,19.0
801,Harriet the Spy (1996),Children|Comedy,Harriet the Spy,Children Comedy,3.1363636363636362,11.0
802,Phenomenon (1996),Drama|Romance,Phenomenon,Drama Romance,3.3369565217391304,46.0
803,Walking and Talking (1996),Comedy|Drama|Romance,Walking and Talking,Comedy Drama Romance,4.0,1.0
804,She's the One (1996),Comedy|Romance,She's the One,Comedy Romance,3.25,8.0
805,"Time to Kill, A (1996)",Drama|Thriller,"Time to Kill, A",Drama Thriller,3.657142857142857,35.0
806,American Buffalo (1996),Crime|Drama,American Buffalo,Crime Drama,1.5,1.0
808,Alaska (1996),Adventure|Children,Alaska,Adventure Children,3.5,2.0
809,Fled (1996),Action|Adventure,Fled,Action Adventure,2.3333333333333335,9.0
810,Kazaam (1996),Children|Comedy|Fantasy,Kazaam,Children Comedy Fantasy,2.25,12.0
813,Larger Than Life (1996),Comedy,Larger Than Life,Comedy,2.8,5.0
818,"Very Brady Sequel, A (1996)",Comedy,"Very Brady Sequel, A",Comedy,3.25,10.0
823,"Collector, The (La collectionneuse) (1967)",Drama,"Collector, The (La collectionneuse)",Drama,3.5,1.0
824,Kaspar Hauser (1993),Drama|Mystery,Kaspar Hauser,Drama Mystery,4.0,1.0
828,"Adventures of Pinocchio, The (1996)",Adventure|Children,"Adventures of Pinocchio, The",Adventure Children,3.3333333333333335,6.0
829,Joe's Apartment (1996),Comedy|Fantasy|Musical,Joe's Apartment,Comedy Fantasy Musical,2.6666666666666665,9.0
830,"First Wives Club, The (1996)",Comedy,"First Wives Club, The",Comedy,3.0714285714285716,21.0
832,Ransom (1996),Crime|Thriller,Ransom,Crime Thriller,3.3378378378378377,37.0
833,High School High (1996),Comedy,High School High,Comedy,2.0,6.0
835,Foxfire (1996),Drama,Foxfire,Drama,3.6666666666666665,3.0
836,Chain Reaction (1996),Action|Adventure|Thriller,Chain Reaction,Action Adventure Thriller,2.8823529411764706,17.0
837,Matilda (1996),Children|Comedy|Fantasy,Matilda,Children Comedy Fantasy,3.272727272727273,33.0
838,Emma (1996),Comedy|Drama|Romance,Emma,Comedy Drama Romance,3.9166666666666665,30.0
839,"Crow: City of Angels, The (1996)",Action|Thriller,"Crow: City of Angels, The",Action Thriller,2.8333333333333335,15.0
840,House Arrest (1996),Children|Comedy,House Arrest,Children Comedy,3.375,4.0
841,"Eyes Without a Face (Yeux sans visage, Les) (1959)",Horror,"Eyes Without a Face (Yeux sans visage, Les)",Horror,3.0,2.0
842,Tales from the Crypt Presents: Bordello of Blood (1996),Comedy|Horror,Tales from the Crypt Presents: Bordello of Blood,Comedy Horror,2.5416666666666665,12.0
848,"Spitfire Grill, The (1996)",Drama,"Spitfire Grill, The",Drama,3.2857142857142856,7.0
849,Escape from L.A. (1996),Action|Adventure|Sci-Fi|Thriller,Escape from L.A.,Action Adventure Sci-Fi Thriller,2.9204545454545454,44.0
851,Basquiat (1996),Drama,Basquiat,Drama,2.8333333333333335,6.0
852,Tin Cup (1996),Comedy|Drama|Romance,Tin Cup,Comedy Drama Romance,3.1744186046511627,43.0
858,"Godfather, The (1972)",Crime|Drama,"Godfather, The",Crime Drama,4.2890625,192.0
861,Supercop (Police Story 3: Supercop) (Jing cha gu shi III: Chao ji jing cha) (1992),Action|Comedy|Crime|Thriller,Supercop (Police Story 3: Supercop) (Jing cha gu shi III: Chao ji jing cha),Action Comedy Crime Thriller,3.8333333333333335,9.0
866,Bound (1996),Crime|Drama|Romance|Thriller,Bound,Crime Drama Romance Thriller,4.0,23.0
867,Carpool (1996),Comedy|Crime,Carpool,Comedy Crime,1.75,2.0
869,Kansas City (1996),Crime|Drama|Musical|Thriller,Kansas City,Crime Drama Musical Thriller,3.6666666666666665,3.0
870,Gone Fishin' (1997),Comedy,Gone Fishin',Comedy,1.0,2.0
875,Nothing to Lose (1994),Action|Crime|Drama,Nothing to Lose,Action Crime Drama,3.5,1.0
876,Supercop 2 (Project S) (Chao ji ji hua) (1993),Action|Comedy|Crime|Thriller,Supercop 2 (Project S) (Chao ji ji hua),Action Comedy Crime Thriller,5.0,1.0
879,"Relic, The (1997)",Horror|Thriller,"Relic, The",Horror Thriller,3.0,4.0
880,"Island of Dr. Moreau, The (1996)",Sci-Fi|Thriller,"Island of Dr. Moreau, The",Sci-Fi Thriller,2.740740740740741,27.0
881,First Kid (1996),Children|Comedy,First Kid,Children Comedy,2.1,5.0
882,"Trigger Effect, The (1996)",Drama|Thriller,"Trigger Effect, The",Drama Thriller,2.0,1.0
885,Bogus (1996),Children|Drama|Fantasy,Bogus,Children Drama Fantasy,2.5,2.0
886,Bulletproof (1996),Action|Comedy|Crime,Bulletproof,Action Comedy Crime,2.6666666666666665,6.0
888,Land Before Time III: The Time of the Great Giving (1995),Adventure|Animation|Children|Musical,Land Before Time III: The Time of the Great Giving,Adventure Animation Children Musical,2.1666666666666665,3.0
889,1-900 (06) (1994),Drama|Romance,1-900 (06),Drama Romance,4.0,1.0
891,Halloween: The Curse of Michael Myers (Halloween 6: The Curse of Michael Myers) (1995),Horror|Thriller,Halloween: The Curse of Michael Myers (Halloween 6: The Curse of Michael Myers),Horror Thriller,3.8,5.0
892,Twelfth Night (1996),Comedy|Drama|Romance,Twelfth Night,Comedy Drama Romance,3.5384615384615383,13.0
893,Mother Night (1996),Drama,Mother Night,Drama,3.6666666666666665,3.0
896,Wild Reeds (Les roseaux sauvages) (1994),Drama,Wild Reeds (Les roseaux sauvages),Drama,2.5,2.0
897,For Whom the Bell Tolls (1943),Adventure|Drama|Romance|War,For Whom the Bell Tolls,Adventure Drama Romance War,3.75,2.0
898,"Philadelphia Story, The (1940)",Comedy|Drama|Romance,"Philadelphia Story, The",Comedy Drama Romance,4.310344827586207,29.0
899,Singin' in the Rain (1952),Comedy|Musical|Romance,Singin' in the Rain,Comedy Musical Romance,4.074468085106383,47.0
900,"American in Paris, An (1951)",Musical|Romance,"American in Paris, An",Musical Romance,3.7083333333333335,12.0
901,Funny Face (1957),Comedy|Musical,Funny Face,Comedy Musical,3.0,7.0
902,Breakfast at Tiffany's (1961),Drama|Romance,Breakfast at Tiffany's,Drama Romance,3.8472222222222223,36.0
903,Vertigo (1958),Drama|Mystery|Romance|Thriller,Vertigo,Drama Mystery Romance Thriller,4.025,60.0
904,Rear Window (1954),Mystery|Thriller,Rear Window,Mystery Thriller,4.261904761904762,84.0
905,It Happened One Night (1934),Comedy|Romance,It Happened One Night,Comedy Romance,4.321428571428571,14.0
906,Gaslight (1944),Drama|Thriller,Gaslight,Drama Thriller,4.142857142857143,7.0
907,"Gay Divorcee, The (1934)",Comedy|Musical|Romance,"Gay Divorcee, The",Comedy Musical Romance,3.5,2.0
908,North by Northwest (1959),Action|Adventure|Mystery|Romance|Thriller,North by Northwest,Action Adventure Mystery Romance Thriller,4.184210526315789,57.0
909,"Apartment, The (1960)",Comedy|Drama|Romance,"Apartment, The",Comedy Drama Romance,3.962962962962963,27.0
910,Some Like It Hot (1959),Comedy|Crime,Some Like It Hot,Comedy Crime,4.01,50.0
911,Charade (1963),Comedy|Crime|Mystery|Romance|Thriller,Charade,Comedy Crime Mystery Romance Thriller,3.8076923076923075,13.0
912,Casablanca (1942),Drama|Romance,Casablanca,Drama Romance,4.24,100.0
913,"Maltese Falcon, The (1941)",Film-Noir|Mystery,"Maltese Falcon, The",Film-Noir Mystery,4.170454545454546,44.0
914,My Fair Lady (1964),Comedy|Drama|Musical|Romance,My Fair Lady,Comedy Drama Musical Romance,4.042857142857143,35.0
915,Sabrina (1954),Comedy|Romance,Sabrina,Comedy Romance,3.7666666666666666,30.0
916,Roman Holiday (1953),Comedy|Drama|Romance,Roman Holiday,Comedy Drama Romance,4.0576923076923075,26.0
917,"Little Princess, The (1939)",Children|Drama,"Little Princess, The",Children Drama,3.5,2.0
918,Meet Me in St. Louis (1944),Musical,Meet Me in St. Louis,Musical,4.1,10.0
919,"Wizard of Oz, The (1939)",Adventure|Children|Fantasy|Musical,"Wizard of Oz, The",Adventure Children Fantasy Musical,3.880434782608696,92.0
920,Gone with the Wind (1939),Drama|Romance|War,Gone with the Wind,Drama Romance War,3.6444444444444444,45.0
921,My Favorite Year (1982),Comedy,My Favorite Year,Comedy,3.388888888888889,9.0
922,Sunset Blvd. (a.k.a. Sunset Boulevard) (1950),Drama|Film-Noir|Romance,Sunset Blvd. (a.k.a. Sunset Boulevard),Drama Film-Noir Romance,4.333333333333333,27.0
923,Citizen Kane (1941),Drama|Mystery,Citizen Kane,Drama Mystery,4.043478260869565,69.0
924,2001: A Space Odyssey (1968),Adventure|Drama|Sci-Fi,2001: A Space Odyssey,Adventure Drama Sci-Fi,3.8944954128440368,109.0
926,All About Eve (1950),Drama,All About Eve,Drama,4.229166666666667,24.0
927,"Women, The (1939)",Comedy,"Women, The",Comedy,4.0,3.0
928,Rebecca (1940),Drama|Mystery|Romance|Thriller,Rebecca,Drama Mystery Romance Thriller,4.166666666666667,18.0
929,Foreign Correspondent (1940),Drama|Film-Noir|Mystery|Thriller,Foreign Correspondent,Drama Film-Noir Mystery Thriller,3.5,1.0
930,Notorious (1946),Film-Noir|Romance|Thriller,Notorious,Film-Noir Romance Thriller,4.25,20.0
931,Spellbound (1945),Mystery|Romance|Thriller,Spellbound,Mystery Romance Thriller,3.8333333333333335,9.0
932,"Affair to Remember, An (1957)",Drama|Romance,"Affair to Remember, An",Drama Romance,3.9375,8.0
933,To Catch a Thief (1955),Crime|Mystery|Romance|Thriller,To Catch a Thief,Crime Mystery Romance Thriller,4.217391304347826,23.0
934,Father of the Bride (1950),Comedy,Father of the Bride,Comedy,3.25,12.0
935,"Band Wagon, The (1953)",Comedy|Musical,"Band Wagon, The",Comedy Musical,3.8333333333333335,3.0
936,Ninotchka (1939),Comedy|Romance,Ninotchka,Comedy Romance,4.0,6.0
937,Love in the Afternoon (1957),Comedy|Romance,Love in the Afternoon,Comedy Romance,3.5,2.0
938,Gigi (1958),Musical,Gigi,Musical,3.25,6.0
940,"Adventures of Robin Hood, The (1938)",Action|Adventure|Romance,"Adventures of Robin Hood, The",Action Adventure Romance,4.0,8.0
941,"Mark of Zorro, The (1940)",Adventure,"Mark of Zorro, The",Adventure,3.75,2.0
942,Laura (1944),Crime|Film-Noir|Mystery,Laura,Crime Film-Noir Mystery,4.333333333333333,6.0
943,"Ghost and Mrs. Muir, The (1947)",Drama|Fantasy|Romance,"Ghost and Mrs. Muir, The",Drama Fantasy Romance,3.9285714285714284,7.0
944,Lost Horizon (1937),Drama,Lost Horizon,Drama,4.0,3.0
945,Top Hat (1935),Comedy|Musical|Romance,Top Hat,Comedy Musical Romance,4.071428571428571,7.0
946,To Be or Not to Be (1942),Comedy|Drama|War,To Be or Not to Be,Comedy Drama War,2.5,3.0
947,My Man Godfrey (1936),Comedy|Romance,My Man Godfrey,Comedy Romance,3.75,4.0
948,Giant (1956),Drama|Romance|Western,Giant,Drama Romance Western,3.9166666666666665,6.0
949,East of Eden (1955),Drama,East of Eden,Drama,3.9166666666666665,6.0
950,"Thin Man, The (1934)",Comedy|Crime,"Thin Man, The",Comedy Crime,3.857142857142857,7.0
951,His Girl Friday (1940),Comedy|Romance,His Girl Friday,Comedy Romance,4.392857142857143,14.0
952,Around the World in 80 Days (1956),Adventure|Comedy,Around the World in 80 Days,Adventure Comedy,3.625,12.0
953,It's a Wonderful Life (1946),Children|Drama|Fantasy|Romance,It's a Wonderful Life,Children Drama Fantasy Romance,4.0344827586206895,58.0
954,Mr. Smith Goes to Washington (1939),Drama,Mr. Smith Goes to Washington,Drama,4.083333333333333,18.0
955,Bringing Up Baby (1938),Comedy|Romance,Bringing Up Baby,Comedy Romance,3.861111111111111,18.0
956,Penny Serenade (1941),Drama|Romance,Penny Serenade,Drama Romance,4.0,1.0
959,Of Human Bondage (1934),Drama,Of Human Bondage,Drama,3.5,1.0
961,Little Lord Fauntleroy (1936),Drama,Little Lord Fauntleroy,Drama,4.0,1.0
963,"Inspector General, The (1949)",Musical,"Inspector General, The",Musical,3.0,1.0
965,"39 Steps, The (1935)",Drama|Mystery|Thriller,"39 Steps, The",Drama Mystery Thriller,4.045454545454546,11.0
968,Night of the Living Dead (1968),Horror|Sci-Fi|Thriller,Night of the Living Dead,Horror Sci-Fi Thriller,3.75,28.0
969,"African Queen, The (1951)",Adventure|Comedy|Romance|War,"African Queen, The",Adventure Comedy Romance War,3.9705882352941178,34.0
970,Beat the Devil (1953),Adventure|Comedy|Crime|Drama|Romance,Beat the Devil,Adventure Comedy Crime Drama Romance,3.5,1.0
971,Cat on a Hot Tin Roof (1958),Drama,Cat on a Hot Tin Roof,Drama,4.1,10.0
973,Meet John Doe (1941),Comedy|Drama,Meet John Doe,Comedy Drama,3.9,5.0
976,"Farewell to Arms, A (1932)",Romance|War,"Farewell to Arms, A",Romance War,3.0,1.0
979,Nothing Personal (1995),Drama|War,Nothing Personal,Drama War,3.0,1.0
981,Dangerous Ground (1997),Drama,Dangerous Ground,Drama,3.0,2.0
982,Picnic (1955),Drama,Picnic,Drama,3.0,1.0
984,"Pompatus of Love, The (1996)",Comedy|Drama,"Pompatus of Love, The",Comedy Drama,3.5,2.0
986,Fly Away Home (1996),Adventure|Children,Fly Away Home,Adventure Children,3.5384615384615383,13.0
987,Bliss (1997),Drama|Romance,Bliss,Drama Romance,3.0,1.0
988,Grace of My Heart (1996),Comedy|Drama,Grace of My Heart,Comedy Drama,3.0,2.0
990,Maximum Risk (1996),Action|Adventure|Thriller,Maximum Risk,Action Adventure Thriller,2.9,5.0
991,Michael Collins (1996),Drama,Michael Collins,Drama,3.3181818181818183,11.0
993,Infinity (1996),Drama,Infinity,Drama,3.0,1.0
994,Big Night (1996),Comedy|Drama,Big Night,Comedy Drama,4.181818181818182,11.0
996,Last Man Standing (1996),Action|Crime|Drama|Thriller,Last Man Standing,Action Crime Drama Thriller,2.5,13.0
998,Set It Off (1996),Action|Crime,Set It Off,Action Crime,3.0,3.0
999,2 Days in the Valley (1996),Crime|Film-Noir,2 Days in the Valley,Crime Film-Noir,3.0416666666666665,12.0
1003,Extreme Measures (1996),Drama|Thriller,Extreme Measures,Drama Thriller,2.5,3.0
1004,"Glimmer Man, The (1996)",Action|Thriller,"Glimmer Man, The",Action Thriller,3.0,6.0
1005,D3: The Mighty Ducks (1996),Children|Comedy,D3: The Mighty Ducks,Children Comedy,2.1875,8.0
1006,"Chamber, The (1996)",Drama,"Chamber, The",Drama,3.5,5.0
1007,"Apple Dumpling Gang, The (1975)",Children|Comedy|Western,"Apple Dumpling Gang, The",Children Comedy Western,2.6,10.0
1008,"Davy Crockett, King of the Wild Frontier (1955)",Adventure|Western,"Davy Crockett, King of the Wild Frontier",Adventure Western,3.0,1.0
1009,Escape to Witch Mountain (1975),Adventure|Children|Fantasy,Escape to Witch Mountain,Adventure Children Fantasy,3.0555555555555554,9.0
1010,"Love Bug, The (1969)",Children|Comedy,"Love Bug, The",Children Comedy,3.0555555555555554,9.0
1011,Herbie Rides Again (1974),Children|Comedy|Fantasy|Romance,Herbie Rides Again,Children Comedy Fantasy Romance,2.9375,8.0
1012,Old Yeller (1957),Children|Drama,Old Yeller,Children Drama,3.4444444444444446,9.0
1013,"Parent Trap, The (1961)",Children|Comedy|Romance,"Parent Trap, The",Children Comedy Romance,3.2083333333333335,12.0
1014,Pollyanna (1960),Children|Comedy|Drama,Pollyanna,Children Comedy Drama,2.9,5.0
1015,Homeward Bound: The Incredible Journey (1993),Adventure|Children|Drama,Homeward Bound: The Incredible Journey,Adventure Children Drama,2.95,20.0
1016,"Shaggy Dog, The (1959)",Children|Comedy,"Shaggy Dog, The",Children Comedy,2.9,5.0
1017,Swiss Family Robinson (1960),Adventure|Children,Swiss Family Robinson,Adventure Children,3.5,10.0
1018,That Darn Cat! (1965),Children|Comedy|Mystery,That Darn Cat!,Children Comedy Mystery,2.4166666666666665,6.0
1019,"20,000 Leagues Under the Sea (1954)",Adventure|Drama|Sci-Fi,"20,000 Leagues Under the Sea",Adventure Drama Sci-Fi,3.4705882352941178,17.0
1020,Cool Runnings (1993),Comedy,Cool Runnings,Comedy,3.081081081081081,37.0
1021,Angels in the Outfield (1994),Children|Comedy,Angels in the Outfield,Children Comedy,2.3333333333333335,27.0
1022,Cinderella (1950),Animation|Children|Fantasy|Musical|Romance,Cinderella,Animation Children Fantasy Musical Romance,3.488095238095238,42.0
1023,Winnie the Pooh and the Blustery Day (1968),Animation|Children|Musical,Winnie the Pooh and the Blustery Day,Animation Children Musical,3.6153846153846154,13.0
1024,"Three Caballeros, The (1945)",Animation|Children|Musical,"Three Caballeros, The",Animation Children Musical,3.6666666666666665,6.0
1025,"Sword in the Stone, The (1963)",Animation|Children|Fantasy|Musical,"Sword in the Stone, The",Animation Children Fantasy Musical,3.58,25.0
1027,Robin Hood: Prince of Thieves (1991),Adventure|Drama,Robin Hood: Prince of Thieves,Adventure Drama,3.017857142857143,28.0
1028,Mary Poppins (1964),Children|Comedy|Fantasy|Musical,Mary Poppins,Children Comedy Fantasy Musical,3.887323943661972,71.0
1029,Dumbo (1941),Animation|Children|Drama|Musical,Dumbo,Animation Children Drama Musical,3.3857142857142857,35.0
1030,Pete's Dragon (1977),Adventure|Animation|Children|Musical,Pete's Dragon,Adventure Animation Children Musical,2.7666666666666666,15.0
1031,Bedknobs and Broomsticks (1971),Adventure|Children|Musical,Bedknobs and Broomsticks,Adventure Children Musical,3.4791666666666665,24.0
1032,Alice in Wonderland (1951),Adventure|Animation|Children|Fantasy|Musical,Alice in Wonderland,Adventure Animation Children Fantasy Musical,3.375,40.0
1033,"Fox and the Hound, The (1981)",Animation|Children|Drama,"Fox and the Hound, The",Animation Children Drama,3.575,20.0
1034,Freeway (1996),Comedy|Crime|Drama|Thriller,Freeway,Comedy Crime Drama Thriller,3.1,5.0
1035,"Sound of Music, The (1965)",Musical|Romance,"Sound of Music, The",Musical Romance,3.9375,64.0
1036,Die Hard (1988),Action|Crime|Thriller,Die Hard,Action Crime Thriller,3.8620689655172415,145.0
1037,"Lawnmower Man, The (1992)",Action|Horror|Sci-Fi|Thriller,"Lawnmower Man, The",Action Horror Sci-Fi Thriller,2.7708333333333335,24.0
1040,"Secret Agent, The (1996)",Drama,"Secret Agent, The",Drama,3.0,1.0
1041,Secrets & Lies (1996),Drama,Secrets & Lies,Drama,4.590909090909091,11.0
1042,That Thing You Do! (1996),Comedy|Drama,That Thing You Do!,Comedy Drama,3.2738095238095237,42.0
1043,To Gillian on Her 37th Birthday (1996),Drama|Romance,To Gillian on Her 37th Birthday,Drama Romance,2.4,5.0
1046,Beautiful Thing (1996),Drama|Romance,Beautiful Thing,Drama Romance,4.5,4.0
1047,"Long Kiss Goodnight, The (1996)",Action|Drama|Thriller,"Long Kiss Goodnight, The",Action Drama Thriller,3.3181818181818183,33.0
1049,"Ghost and the Darkness, The (1996)",Action|Adventure,"Ghost and the Darkness, The",Action Adventure,3.4761904761904763,21.0
1050,Looking for Richard (1996),Documentary|Drama,Looking for Richard,Documentary Drama,3.9,5.0
1051,Trees Lounge (1996),Drama,Trees Lounge,Drama,4.0,3.0
1053,Normal Life (1996),Crime|Drama|Romance,Normal Life,Crime Drama Romance,3.0,1.0
1054,Get on the Bus (1996),Drama,Get on the Bus,Drama,2.0,1.0
1055,Shadow Conspiracy (1997),Thriller,Shadow Conspiracy,Thriller,1.5,2.0
1056,Jude (1996),Drama,Jude,Drama,3.0714285714285716,7.0
1057,Everyone Says I Love You (1996),Comedy|Musical|Romance,Everyone Says I Love You,Comedy Musical Romance,3.466666666666667,15.0
1059,William Shakespeare's Romeo + Juliet (1996),Drama|Romance,William Shakespeare's Romeo + Juliet,Drama Romance,3.7222222222222223,36.0
1060,Swingers (1996),Comedy|Drama,Swingers,Comedy Drama,3.6944444444444446,36.0
1061,Sleepers (1996),Thriller,Sleepers,Thriller,3.6724137931034484,29.0
1064,Aladdin and the King of Thieves (1996),Animation|Children|Comedy|Fantasy|Musical|Romance,Aladdin and the King of Thieves,Animation Children Comedy Fantasy Musical Romance,3.1538461538461537,13.0
1066,Shall We Dance (1937),Comedy|Musical|Romance,Shall We Dance,Comedy Musical Romance,4.5,4.0
1068,Crossfire (1947),Crime|Film-Noir,Crossfire,Crime Film-Noir,3.5,1.0
1073,Willy Wonka & the Chocolate Factory (1971),Children|Comedy|Fantasy|Musical,Willy Wonka & the Chocolate Factory,Children Comedy Fantasy Musical,3.8739495798319328,119.0
1076,"Innocents, The (1961)",Drama|Horror|Thriller,"Innocents, The",Drama Horror Thriller,0.0,0.0
1077,Sleeper (1973),Comedy|Sci-Fi,Sleeper,Comedy Sci-Fi,3.75,28.0
1078,Bananas (1971),Comedy|War,Bananas,Comedy War,3.409090909090909,11.0
1079,"Fish Called Wanda, A (1988)",Comedy|Crime,"Fish Called Wanda, A",Comedy Crime,3.9225352112676055,71.0
1080,Monty Python's Life of Brian (1979),Comedy,Monty Python's Life of Brian,Comedy,3.9269662921348316,89.0
1081,Victor/Victoria (1982),Comedy|Musical|Romance,Victor/Victoria,Comedy Musical Romance,3.5416666666666665,12.0
1082,"Candidate, The (1972)",Drama,"Candidate, The",Drama,3.5833333333333335,6.0
1083,"Great Race, The (1965)",Comedy|Musical,"Great Race, The",Comedy Musical,3.3333333333333335,6.0
1084,Bonnie and Clyde (1967),Crime|Drama,Bonnie and Clyde,Crime Drama,4.071428571428571,35.0
1085,"Old Man and the Sea, The (1958)",Adventure|Drama,"Old Man and the Sea, The",Adventure Drama,3.5,2.0
1086,Dial M for Murder (1954),Crime|Mystery|Thriller,Dial M for Murder,Crime Mystery Thriller,4.1,25.0
1088,Dirty Dancing (1987),Drama|Musical|Romance,Dirty Dancing,Drama Musical Romance,3.369047619047619,42.0
1089,Reservoir Dogs (1992),Crime|Mystery|Thriller,Reservoir Dogs,Crime Mystery Thriller,4.202290076335878,131.0
1090,Platoon (1986),Drama|War,Platoon,Drama War,3.984126984126984,63.0
1091,Weekend at Bernie's (1989),Comedy,Weekend at Bernie's,Comedy,2.5476190476190474,21.0
1092,Basic Instinct (1992),Crime|Mystery|Thriller,Basic Instinct,Crime Mystery Thriller,3.1914893617021276,47.0
1093,"Doors, The (1991)",Drama,"Doors, The",Drama,3.4054054054054053,37.0
1094,"Crying Game, The (1992)",Drama|Romance|Thriller,"Crying Game, The",Drama Romance Thriller,3.4404761904761907,42.0
1095,Glengarry Glen Ross (1992),Drama,Glengarry Glen Ross,Drama,3.6666666666666665,15.0
1096,Sophie's Choice (1982),Drama,Sophie's Choice,Drama,4.05,10.0
1097,E.T. the Extra-Terrestrial (1982),Children|Drama|Sci-Fi,E.T. the Extra-Terrestrial,Children Drama Sci-Fi,3.7663934426229506,122.0
1099,"Christmas Carol, A (1938)",Children|Drama|Fantasy,"Christmas Carol, A",Children Drama Fantasy,3.375,4.0
1100,Days of Thunder (1990),Action|Drama|Romance,Days of Thunder,Action Drama Romance,2.710526315789474,19.0
1101,Top Gun (1986),Action|Romance,Top Gun,Action Romance,3.3012048192771086,83.0
1103,Rebel Without a Cause (1955),Drama,Rebel Without a Cause,Drama,4.1,15.0
1104,"Streetcar Named Desire, A (1951)",Drama,"Streetcar Named Desire, A",Drama,4.475,20.0
1105,Children of the Corn IV: The Gathering (1996),Horror,Children of the Corn IV: The Gathering,Horror,4.666666666666667,3.0
1107,Loser (1991),Comedy,Loser,Comedy,2.0,2.0
1111,Microcosmos (Microcosmos: Le peuple de l'herbe) (1996),Documentary,Microcosmos (Microcosmos: Le peuple de l'herbe),Documentary,4.125,4.0
1112,Palookaville (1996),Action|Comedy|Drama,Palookaville,Action Comedy Drama,4.5,2.0
1114,"Funeral, The (1996)",Crime|Drama,"Funeral, The",Crime Drama,3.0,1.0
1116,"Single Girl, A (Fille seule, La) (1995)",Drama,"Single Girl, A (Fille seule, La)",Drama,4.0,1.0
1117,"Eighth Day, The (Huitième jour, Le) (1996)",Drama,"Eighth Day, The (Huitième jour, Le)",Drama,3.5,1.0
1119,Drunks (1995),Drama,Drunks,Drama,3.0,1.0
1120,"People vs. Larry Flynt, The (1996)",Comedy|Drama,"People vs. Larry Flynt, The",Comedy Drama,3.537037037037037,27.0
1121,Glory Daze (1995),Drama,Glory Daze,Drama,4.0,1.0
1123,"Perfect Candidate, A (1996)",Documentary,"Perfect Candidate, A",Documentary,4.25,2.0
1124,On Golden Pond (1981),Drama,On Golden Pond,Drama,3.6538461538461537,13.0
1125,"Return of the Pink Panther, The (1975)",Comedy|Crime,"Return of the Pink Panther, The",Comedy Crime,3.6875,24.0
1126,Drop Dead Fred (1991),Comedy|Fantasy,Drop Dead Fred,Comedy Fantasy,2.8333333333333335,6.0
1127,"Abyss, The (1989)",Action|Adventure|Sci-Fi|Thriller,"Abyss, The",Action Adventure Sci-Fi Thriller,3.475806451612903,62.0
1128,"Fog, The (1980)",Horror,"Fog, The",Horror,2.5,5.0
1129,Escape from New York (1981),Action|Adventure|Sci-Fi|Thriller,Escape from New York,Action Adventure Sci-Fi Thriller,3.448717948717949,39.0
1130,"Howling, The (1980)",Horror|Mystery,"Howling, The",Horror Mystery,2.9,5.0
1131,Jean de Florette (1986),Drama|Mystery,Jean de Florette,Drama Mystery,4.090909090909091,11.0
1132,Manon of the Spring (Manon des sources) (1986),Drama,Manon of the Spring (Manon des sources),Drama,4.0625,8.0
1135,Private Benjamin (1980),Comedy,Private Benjamin,Comedy,3.1153846153846154,13.0
1136,Monty Python and the Holy Grail (1975),Adventure|Comedy|Fantasy,Monty Python and the Holy Grail,Adventure Comedy Fantasy,4.161764705882353,136.0
1137,Hustler White (1996),Romance,Hustler White,Romance,4.0,1.0
1140,Entertaining Angels: The Dorothy Day Story (1996),Drama,Entertaining Angels: The Dorothy Day Story,Drama,5.0,1.0
1144,"Line King: The Al Hirschfeld Story, The (1996)",Documentary,"Line King: The Al Hirschfeld Story, The",Documentary,4.0,1.0
1147,When We Were Kings (1996),Documentary,When We Were Kings,Documentary,3.9,10.0
1148,Wallace & Gromit: The Wrong Trousers (1993),Animation|Children|Comedy|Crime,Wallace & Gromit: The Wrong Trousers,Animation Children Comedy Crime,4.035714285714286,56.0
1150,"Return of Martin Guerre, The (Retour de Martin Guerre, Le) (1982)",Drama,"Return of Martin Guerre, The (Retour de Martin Guerre, Le)",Drama,4.333333333333333,3.0
1151,Lesson Faust (1994),Animation|Comedy|Drama|Fantasy,Lesson Faust,Animation Comedy Drama Fantasy,5.0,2.0
1156,"Children Are Watching Us, The (Bambini ci guardano, I) (1944)",Drama,"Children Are Watching Us, The (Bambini ci guardano, I)",Drama,3.5,1.0
1161,"Tin Drum, The (Blechtrommel, Die) (1979)",Drama|War,"Tin Drum, The (Blechtrommel, Die)",Drama War,3.6666666666666665,3.0
1162,"Ruling Class, The (1972)",Comedy|Drama,"Ruling Class, The",Comedy Drama,3.0,1.0
1163,Mina Tannenbaum (1994),Drama,Mina Tannenbaum,Drama,1.0,1.0
1167,Dear God (1996),Comedy,Dear God,Comedy,3.5,2.0
1170,Best of the Best 3: No Turning Back (1995),Action,Best of the Best 3: No Turning Back,Action,2.5,2.0
1171,Bob Roberts (1992),Comedy,Bob Roberts,Comedy,3.3529411764705883,17.0
1172,Cinema Paradiso (Nuovo cinema Paradiso) (1989),Drama,Cinema Paradiso (Nuovo cinema Paradiso),Drama,4.161764705882353,34.0
1173,"Cook the Thief His Wife & Her Lover, The (1989)",Comedy|Drama,"Cook the Thief His Wife & Her Lover, The",Comedy Drama,3.1363636363636362,11.0
1175,Delicatessen (1991),Comedy|Drama|Romance,Delicatessen,Comedy Drama Romance,3.8333333333333335,21.0
1176,"Double Life of Veronique, The (Double Vie de Véronique, La) (1991)",Drama|Fantasy|Romance,"Double Life of Veronique, The (Double Vie de Véronique, La)",Drama Fantasy Romance,4.0,3.0
1177,Enchanted April (1992),Drama|Romance,Enchanted April,Drama Romance,4.0,6.0
1178,Paths of Glory (1957),Drama|War,Paths of Glory,Drama War,4.541666666666667,12.0
1179,"Grifters, The (1990)",Crime|Drama|Film-Noir,"Grifters, The",Crime Drama Film-Noir,3.6296296296296298,27.0
1180,Hear My Song (1991),Comedy,Hear My Song,Comedy,3.0,1.0
1183,"English Patient, The (1996)",Drama|Romance|War,"English Patient, The",Drama Romance War,3.7111111111111112,45.0
1184,Mediterraneo (1991),Comedy|Drama,Mediterraneo,Comedy Drama,3.9285714285714284,7.0
1185,My Left Foot (1989),Drama,My Left Foot,Drama,3.95,10.0
1186,"Sex, Lies, and Videotape (1989)",Drama,"Sex, Lies, and Videotape",Drama,3.5869565217391304,23.0
1187,Passion Fish (1992),Drama,Passion Fish,Drama,3.6,5.0
1188,Strictly Ballroom (1992),Comedy|Romance,Strictly Ballroom,Comedy Romance,3.659090909090909,22.0
1189,"Thin Blue Line, The (1988)",Documentary,"Thin Blue Line, The",Documentary,4.0,11.0
1190,Tie Me Up! Tie Me Down! (¡Átame!) (1990),Crime|Drama|Romance,Tie Me Up! Tie Me Down! (¡Átame!),Crime Drama Romance,3.1666666666666665,6.0
1191,Madonna: Truth or Dare (1991),Documentary|Musical,Madonna: Truth or Dare,Documentary Musical,3.5,6.0
1192,Paris Is Burning (1990),Documentary,Paris Is Burning,Documentary,4.5,5.0
1193,One Flew Over the Cuckoo's Nest (1975),Drama,One Flew Over the Cuckoo's Nest,Drama,4.203007518796992,133.0
1194,Cheech and Chong's Up in Smoke (1978),Comedy,Cheech and Chong's Up in Smoke,Comedy,3.590909090909091,11.0
1196,Star Wars: Episode V - The Empire Strikes Back (1980),Action|Adventure|Sci-Fi,Star Wars: Episode V - The Empire Strikes Back,Action Adventure Sci-Fi,4.2156398104265405,211.0
1197,"Princess Bride, The (1987)",Action|Adventure|Comedy|Fantasy|Romance,"Princess Bride, The",Action Adventure Comedy Fantasy Romance,4.232394366197183,142.0
1198,Raiders of the Lost Ark (Indiana Jones and the Raiders of the Lost Ark) (1981),Action|Adventure,Raiders of the Lost Ark (Indiana Jones and the Raiders of the Lost Ark),Action Adventure,4.2075,200.0
1199,Brazil (1985),Fantasy|Sci-Fi,Brazil,Fantasy Sci-Fi,4.177966101694915,59.0
1200,Aliens (1986),Action|Adventure|Horror|Sci-Fi,Aliens,Action Adventure Horror Sci-Fi,3.9642857142857144,126.0
1201,"Good, the Bad and the Ugly, The (Buono, il brutto, il cattivo, Il) (1966)",Action|Adventure|Western,"Good, the Bad and the Ugly, The (Buono, il brutto, il cattivo, Il)",Action Adventure Western,4.145833333333333,72.0
1202,Withnail & I (1987),Comedy,Withnail & I,Comedy,3.857142857142857,7.0
1203,12 Angry Men (1957),Drama,12 Angry Men,Drama,4.149122807017544,57.0
1204,Lawrence of Arabia (1962),Adventure|Drama|War,Lawrence of Arabia,Adventure Drama War,4.3,45.0
1206,"Clockwork Orange, A (1971)",Crime|Drama|Sci-Fi|Thriller,"Clockwork Orange, A",Crime Drama Sci-Fi Thriller,3.995833333333333,120.0
1207,To Kill a Mockingbird (1962),Drama,To Kill a Mockingbird,Drama,4.120689655172414,58.0
1208,Apocalypse Now (1979),Action|Drama|War,Apocalypse Now,Action Drama War,4.219626168224299,107.0
1209,Once Upon a Time in the West (C'era una volta il West) (1968),Action|Drama|Western,Once Upon a Time in the West (C'era una volta il West),Action Drama Western,4.305555555555555,18.0
1210,Star Wars: Episode VI - Return of the Jedi (1983),Action|Adventure|Sci-Fi,Star Wars: Episode VI - Return of the Jedi,Action Adventure Sci-Fi,4.137755102040816,196.0
1211,"Wings of Desire (Himmel über Berlin, Der) (1987)",Drama|Fantasy|Romance,"Wings of Desire (Himmel über Berlin, Der)",Drama Fantasy Romance,3.8846153846153846,13.0
1212,"Third Man, The (1949)",Film-Noir|Mystery|Thriller,"Third Man, The",Film-Noir Mystery Thriller,4.229166666666667,24.0
1213,Goodfellas (1990),Crime|Drama,Goodfellas,Crime Drama,4.25,126.0
1214,Alien (1979),Horror|Sci-Fi,Alien,Horror Sci-Fi,3.969178082191781,146.0
1215,Army of Darkness (1993),Action|Adventure|Comedy|Fantasy|Horror,Army of Darkness,Action Adventure Comedy Fantasy Horror,4.03921568627451,51.0
1216,"Big Blue, The (Grand bleu, Le) (1988)",Adventure|Drama|Romance,"Big Blue, The (Grand bleu, Le)",Adventure Drama Romance,3.4545454545454546,11.0
1217,Ran (1985),Drama|War,Ran,Drama War,4.433333333333334,15.0
1218,"Killer, The (Die xue shuang xiong) (1989)",Action|Crime|Drama|Thriller,"Killer, The (Die xue shuang xiong)",Action Crime Drama Thriller,4.0,11.0
1219,Psycho (1960),Crime|Horror,Psycho,Crime Horror,4.036144578313253,83.0
1220,"Blues Brothers, The (1980)",Action|Comedy|Musical,"Blues Brothers, The",Action Comedy Musical,3.8095238095238093,84.0
1221,"Godfather: Part II, The (1974)",Crime|Drama,"Godfather: Part II, The",Crime Drama,4.25968992248062,129.0
1222,Full Metal Jacket (1987),Drama|War,Full Metal Jacket,Drama War,4.098039215686274,102.0
1223,"Grand Day Out with Wallace and Gromit, A (1989)",Adventure|Animation|Children|Comedy|Sci-Fi,"Grand Day Out with Wallace and Gromit, A",Adventure Animation Children Comedy Sci-Fi,4.089285714285714,28.0
1224,Henry V (1989),Action|Drama|Romance|War,Henry V,Action Drama Romance War,4.0,19.0
1225,Amadeus (1984),Drama,Amadeus,Drama,4.184210526315789,76.0
1226,"Quiet Man, The (1952)",Drama|Romance,"Quiet Man, The",Drama Romance,3.5,6.0
1227,Once Upon a Time in America (1984),Crime|Drama,Once Upon a Time in America,Crime Drama,4.0625,16.0
1228,Raging Bull (1980),Drama,Raging Bull,Drama,4.1875,40.0
1230,Annie Hall (1977),Comedy|Romance,Annie Hall,Comedy Romance,3.8706896551724137,58.0
1231,"Right Stuff, The (1983)",Drama,"Right Stuff, The",Drama,3.8636363636363638,22.0
1232,Stalker (1979),Drama|Mystery|Sci-Fi,Stalker,Drama Mystery Sci-Fi,3.625,8.0
1233,"Boot, Das (Boat, The) (1981)",Action|Drama|War,"Boot, Das (Boat, The)",Action Drama War,4.2125,40.0
1234,"Sting, The (1973)",Comedy|Crime,"Sting, The",Comedy Crime,3.9765625,64.0
1235,Harold and Maude (1971),Comedy|Drama|Romance,Harold and Maude,Comedy Drama Romance,4.288461538461538,26.0
1236,Trust (1990),Comedy|Drama|Romance,Trust,Comedy Drama Romance,4.333333333333333,3.0
1237,"Seventh Seal, The (Sjunde inseglet, Det) (1957)",Drama,"Seventh Seal, The (Sjunde inseglet, Det)",Drama,4.222222222222222,18.0
1238,Local Hero (1983),Comedy,Local Hero,Comedy,4.055555555555555,9.0
1240,"Terminator, The (1984)",Action|Sci-Fi|Thriller,"Terminator, The",Action Sci-Fi Thriller,3.8969465648854964,131.0
1241,Dead Alive (Braindead) (1992),Comedy|Fantasy|Horror,Dead Alive (Braindead),Comedy Fantasy Horror,4.05,10.0
1242,Glory (1989),Drama|War,Glory,Drama War,4.170731707317073,41.0
1243,Rosencrantz and Guildenstern Are Dead (1990),Comedy|Drama,Rosencrantz and Guildenstern Are Dead,Comedy Drama,3.96875,16.0
1244,Manhattan (1979),Comedy|Drama|Romance,Manhattan,Comedy Drama Romance,4.106060606060606,33.0
1245,Miller's Crossing (1990),Crime|Drama|Film-Noir|Thriller,Miller's Crossing,Crime Drama Film-Noir Thriller,4.225,20.0
1246,Dead Poets Society (1989),Drama,Dead Poets Society,Drama,3.9593023255813953,86.0
1247,"Graduate, The (1967)",Comedy|Drama|Romance,"Graduate, The",Comedy Drama Romance,4.063291139240507,79.0
1248,Touch of Evil (1958),Crime|Film-Noir|Thriller,Touch of Evil,Crime Film-Noir Thriller,4.264705882352941,17.0
1249,"Femme Nikita, La (Nikita) (1990)",Action|Crime|Romance|Thriller,"Femme Nikita, La (Nikita)",Action Crime Romance Thriller,4.071428571428571,35.0
1250,"Bridge on the River Kwai, The (1957)",Adventure|Drama|War,"Bridge on the River Kwai, The",Adventure Drama War,4.122222222222222,45.0
1251,8 1/2 (8½) (1963),Drama|Fantasy,8 1/2 (8½),Drama Fantasy,4.071428571428571,14.0
1252,Chinatown (1974),Crime|Film-Noir|Mystery|Thriller,Chinatown,Crime Film-Noir Mystery Thriller,4.211864406779661,59.0
1253,"Day the Earth Stood Still, The (1951)",Drama|Sci-Fi|Thriller,"Day the Earth Stood Still, The",Drama Sci-Fi Thriller,3.82,25.0
1254,"Treasure of the Sierra Madre, The (1948)",Action|Adventure|Drama|Western,"Treasure of the Sierra Madre, The",Action Adventure Drama Western,3.65625,16.0
1255,Bad Taste (1987),Comedy|Horror|Sci-Fi,Bad Taste,Comedy Horror Sci-Fi,3.0,6.0
1256,Duck Soup (1933),Comedy|Musical|War,Duck Soup,Comedy Musical War,3.8043478260869565,23.0
1257,Better Off Dead... (1985),Comedy|Romance,Better Off Dead...,Comedy Romance,3.685185185185185,27.0
1258,"Shining, The (1980)",Horror,"Shining, The",Horror,4.08256880733945,109.0
1259,Stand by Me (1986),Adventure|Drama,Stand by Me,Adventure Drama,4.0054945054945055,91.0
1260,M (1931),Crime|Film-Noir|Thriller,M,Crime Film-Noir Thriller,3.7333333333333334,15.0
1261,Evil Dead II (Dead by Dawn) (1987),Action|Comedy|Fantasy|Horror,Evil Dead II (Dead by Dawn),Action Comedy Fantasy Horror,4.044117647058823,34.0
1262,"Great Escape, The (1963)",Action|Adventure|Drama|War,"Great Escape, The",Action Adventure Drama War,4.127906976744186,43.0
1263,"Deer Hunter, The (1978)",Drama|War,"Deer Hunter, The",Drama War,3.8255813953488373,43.0
1264,Diva (1981),Action|Drama|Mystery|Romance|Thriller,Diva,Action Drama Mystery Romance Thriller,3.8,5.0
1265,Groundhog Day (1993),Comedy|Fantasy|Romance,Groundhog Day,Comedy Fantasy Romance,3.944055944055944,143.0
1266,Unforgiven (1992),Drama|Western,Unforgiven,Drama Western,4.111111111111111,45.0
1267,"Manchurian Candidate, The (1962)",Crime|Thriller|War,"Manchurian Candidate, The",Crime Thriller War,4.25,30.0
1268,Pump Up the Volume (1990),Comedy|Drama,Pump Up the Volume,Comedy Drama,3.611111111111111,9.0
1269,Arsenic and Old Lace (1944),Comedy|Mystery|Thriller,Arsenic and Old Lace,Comedy Mystery Thriller,3.8793103448275863,29.0
1270,Back to the Future (1985),Adventure|Comedy|Sci-Fi,Back to the Future,Adventure Comedy Sci-Fi,4.038011695906433,171.0
1271,Fried Green Tomatoes (1991),Comedy|Crime|Drama,Fried Green Tomatoes,Comedy Crime Drama,3.5,30.0
1272,Patton (1970),Drama|War,Patton,Drama War,4.121212121212121,33.0
1273,Down by Law (1986),Comedy|Drama|Film-Noir,Down by Law,Comedy Drama Film-Noir,4.045454545454546,11.0
1274,Akira (1988),Action|Adventure|Animation|Sci-Fi,Akira,Action Adventure Animation Sci-Fi,3.7435897435897436,39.0
1275,Highlander (1986),Action|Adventure|Fantasy,Highlander,Action Adventure Fantasy,3.7291666666666665,48.0
1276,Cool Hand Luke (1967),Drama,Cool Hand Luke,Drama,4.271929824561403,57.0
1277,Cyrano de Bergerac (1990),Comedy|Drama|Romance,Cyrano de Bergerac,Comedy Drama Romance,4.125,12.0
1278,Young Frankenstein (1974),Comedy|Fantasy,Young Frankenstein,Comedy Fantasy,3.9927536231884058,69.0
1279,Night on Earth (1991),Comedy|Drama,Night on Earth,Comedy Drama,4.125,8.0
1280,Raise the Red Lantern (Da hong deng long gao gao gua) (1991),Drama,Raise the Red Lantern (Da hong deng long gao gao gua),Drama,4.333333333333333,9.0
1281,"Great Dictator, The (1940)",Comedy|Drama|War,"Great Dictator, The",Comedy Drama War,4.133333333333334,15.0
1282,Fantasia (1940),Animation|Children|Fantasy|Musical,Fantasia,Animation Children Fantasy Musical,3.7830188679245285,53.0
1283,High Noon (1952),Drama|Western,High Noon,Drama Western,4.2105263157894735,19.0
1284,"Big Sleep, The (1946)",Crime|Film-Noir|Mystery,"Big Sleep, The",Crime Film-Noir Mystery,4.142857142857143,14.0
1285,Heathers (1989),Comedy,Heathers,Comedy,3.731707317073171,41.0
1286,Somewhere in Time (1980),Drama|Romance,Somewhere in Time,Drama Romance,3.0714285714285716,7.0
1287,Ben-Hur (1959),Action|Adventure|Drama,Ben-Hur,Action Adventure Drama,3.9411764705882355,34.0
1288,This Is Spinal Tap (1984),Comedy,This Is Spinal Tap,Comedy,4.015151515151516,66.0
1289,Koyaanisqatsi (a.k.a. Koyaanisqatsi: Life Out of Balance) (1983),Documentary,Koyaanisqatsi (a.k.a. Koyaanisqatsi: Life Out of Balance),Documentary,3.8636363636363638,11.0
1290,Some Kind of Wonderful (1987),Drama|Romance,Some Kind of Wonderful,Drama Romance,3.35,10.0
1291,Indiana Jones and the Last Crusade (1989),Action|Adventure,Indiana Jones and the Last Crusade,Action Adventure,4.046428571428572,140.0
1292,Being There (1979),Comedy|Drama,Being There,Comedy Drama,3.95,20.0
1293,Gandhi (1982),Drama,Gandhi,Drama,3.8333333333333335,27.0
1295,"Unbearable Lightness of Being, The (1988)",Drama,"Unbearable Lightness of Being, The",Drama,3.227272727272727,11.0
1296,"Room with a View, A (1986)",Drama|Romance,"Room with a View, A",Drama Romance,3.7058823529411766,17.0
1297,Real Genius (1985),Comedy,Real Genius,Comedy,3.675,20.0
1298,Pink Floyd: The Wall (1982),Drama|Musical,Pink Floyd: The Wall,Drama Musical,3.760869565217391,23.0
1299,"Killing Fields, The (1984)",Drama|War,"Killing Fields, The",Drama War,4.017857142857143,28.0
1300,My Life as a Dog (Mitt liv som hund) (1985),Comedy|Drama,My Life as a Dog (Mitt liv som hund),Comedy Drama,4.166666666666667,9.0
1301,Forbidden Planet (1956),Drama|Sci-Fi,Forbidden Planet,Drama Sci-Fi,3.8076923076923075,13.0
1302,Field of Dreams (1989),Children|Drama|Fantasy,Field of Dreams,Children Drama Fantasy,3.517857142857143,56.0
1303,"Man Who Would Be King, The (1975)",Adventure|Drama,"Man Who Would Be King, The",Adventure Drama,4.029411764705882,17.0
1304,Butch Cassidy and the Sundance Kid (1969),Action|Western,Butch Cassidy and the Sundance Kid,Action Western,3.943548387096774,62.0
1305,"Paris, Texas (1984)",Drama|Romance,"Paris, Texas",Drama Romance,3.5,4.0
1306,Until the End of the World (Bis ans Ende der Welt) (1991),Adventure|Drama|Sci-Fi,Until the End of the World (Bis ans Ende der Welt),Adventure Drama Sci-Fi,2.7,5.0
1307,When Harry Met Sally... (1989),Comedy|Romance,When Harry Met Sally...,Comedy Romance,3.8588235294117648,85.0
1310,Hype! (1996),Documentary,Hype!,Documentary,5.0,1.0
1312,Female Perversions (1996),Drama,Female Perversions,Drama,2.5,2.0
1318,Blue Juice (1995),Comedy|Drama,Blue Juice,Comedy Drama,2.0,1.0
1320,Alien³ (a.k.a. Alien 3) (1992),Action|Horror|Sci-Fi|Thriller,Alien³ (a.k.a. Alien 3),Action Horror Sci-Fi Thriller,3.148936170212766,47.0
1321,"American Werewolf in London, An (1981)",Comedy|Horror|Thriller,"American Werewolf in London, An",Comedy Horror Thriller,3.4130434782608696,23.0
1322,Amityville 1992: It's About Time (1992),Horror,Amityville 1992: It's About Time,Horror,1.5,3.0
1323,Amityville 3-D (1983),Horror,Amityville 3-D,Horror,1.6666666666666667,3.0
1324,Amityville: Dollhouse (1996),Horror,Amityville: Dollhouse,Horror,1.1666666666666667,3.0
1325,Amityville: A New Generation (1993),Horror,Amityville: A New Generation,Horror,1.25,2.0
1326,Amityville II: The Possession (1982),Horror,Amityville II: The Possession,Horror,1.125,4.0
1327,"Amityville Horror, The (1979)",Drama|Horror|Mystery|Thriller,"Amityville Horror, The",Drama Horror Mystery Thriller,2.6333333333333333,15.0
1328,"Amityville Curse, The (1990)",Horror,"Amityville Curse, The",Horror,0.75,2.0
1329,Blood for Dracula (Andy Warhol's Dracula) (1974),Horror,Blood for Dracula (Andy Warhol's Dracula),Horror,2.75,2.0
1330,April Fool's Day (1986),Horror,April Fool's Day,Horror,1.5,4.0
1331,Audrey Rose (1977),Horror,Audrey Rose,Horror,2.0,1.0
1332,"Believers, The (1987)",Horror|Thriller,"Believers, The",Horror Thriller,3.6666666666666665,3.0
1333,"Birds, The (1963)",Horror|Thriller,"Birds, The",Horror Thriller,3.602272727272727,44.0
1334,"Blob, The (1958)",Horror|Sci-Fi,"Blob, The",Horror Sci-Fi,3.0,6.0
1335,Blood Beach (1981),Horror|Mystery,Blood Beach,Horror Mystery,1.0,1.0
1336,Body Parts (1991),Horror|Thriller,Body Parts,Horror Thriller,1.0,1.0
1337,"Body Snatcher, The (1945)",Drama|Horror|Thriller,"Body Snatcher, The",Drama Horror Thriller,4.5,1.0
1339,Dracula (Bram Stoker's Dracula) (1992),Fantasy|Horror|Romance|Thriller,Dracula (Bram Stoker's Dracula),Fantasy Horror Romance Thriller,3.4655172413793105,29.0
1340,"Bride of Frankenstein, The (Bride of Frankenstein) (1935)",Drama|Horror|Sci-Fi,"Bride of Frankenstein, The (Bride of Frankenstein)",Drama Horror Sci-Fi,3.1666666666666665,3.0
1341,Burnt Offerings (1976),Horror,Burnt Offerings,Horror,3.75,2.0
1342,Candyman (1992),Horror|Thriller,Candyman,Horror Thriller,2.5,11.0
1343,Cape Fear (1991),Thriller,Cape Fear,Thriller,3.78,25.0
1344,Cape Fear (1962),Crime|Drama|Thriller,Cape Fear,Crime Drama Thriller,3.9642857142857144,14.0
1345,Carrie (1976),Drama|Fantasy|Horror|Thriller,Carrie,Drama Fantasy Horror Thriller,3.3472222222222223,36.0
1346,Cat People (1982),Drama|Fantasy|Horror,Cat People,Drama Fantasy Horror,2.8125,8.0
1347,"Nightmare on Elm Street, A (1984)",Horror|Thriller,"Nightmare on Elm Street, A",Horror Thriller,3.0,27.0
1348,"Nosferatu (Nosferatu, eine Symphonie des Grauens) (1922)",Horror,"Nosferatu (Nosferatu, eine Symphonie des Grauens)",Horror,3.53125,16.0
1349,Vampire in Venice (Nosferatu a Venezia) (Nosferatu in Venice) (1986),Horror,Vampire in Venice (Nosferatu a Venezia) (Nosferatu in Venice),Horror,5.0,1.0
1350,"Omen, The (1976)",Horror|Mystery|Thriller,"Omen, The",Horror Mystery Thriller,3.8181818181818183,22.0
1351,Blood and Wine (Blood & Wine) (1996),Crime|Drama|Thriller,Blood and Wine (Blood & Wine),Crime Drama Thriller,2.3333333333333335,3.0
1352,Albino Alligator (1996),Crime|Thriller,Albino Alligator,Crime Thriller,2.25,2.0
1353,"Mirror Has Two Faces, The (1996)",Comedy|Drama|Romance,"Mirror Has Two Faces, The",Comedy Drama Romance,3.375,4.0
1354,Breaking the Waves (1996),Drama|Mystery,Breaking the Waves,Drama Mystery,4.071428571428571,7.0
1355,Nightwatch (1997),Horror|Thriller,Nightwatch,Horror Thriller,2.0,3.0
1356,Star Trek: First Contact (1996),Action|Adventure|Sci-Fi|Thriller,Star Trek: First Contact,Action Adventure Sci-Fi Thriller,3.879120879120879,91.0
1357,Shine (1996),Drama|Romance,Shine,Drama Romance,4.0,24.0
1358,Sling Blade (1996),Drama,Sling Blade,Drama,3.8404255319148937,47.0
1359,Jingle All the Way (1996),Children|Comedy,Jingle All the Way,Children Comedy,2.861111111111111,18.0
1361,Paradise Lost: The Child Murders at Robin Hood Hills (1996),Documentary,Paradise Lost: The Child Murders at Robin Hood Hills,Documentary,4.083333333333333,6.0
1363,"Preacher's Wife, The (1996)",Drama,"Preacher's Wife, The",Drama,3.5,5.0
1365,Ridicule (1996),Drama,Ridicule,Drama,3.5833333333333335,6.0
1366,"Crucible, The (1996)",Drama,"Crucible, The",Drama,3.9,5.0
1367,101 Dalmatians (1996),Adventure|Children|Comedy,101 Dalmatians,Adventure Children Comedy,3.074468085106383,47.0
1370,Die Hard 2 (1990),Action|Adventure|Thriller,Die Hard 2,Action Adventure Thriller,3.4044117647058822,68.0
1371,Star Trek: The Motion Picture (1979),Adventure|Sci-Fi,Star Trek: The Motion Picture,Adventure Sci-Fi,3.0444444444444443,45.0
1372,Star Trek VI: The Undiscovered Country (1991),Action|Mystery|Sci-Fi,Star Trek VI: The Undiscovered Country,Action Mystery Sci-Fi,3.3452380952380953,42.0
1373,Star Trek V: The Final Frontier (1989),Action|Sci-Fi,Star Trek V: The Final Frontier,Action Sci-Fi,2.6666666666666665,30.0
1374,Star Trek II: The Wrath of Khan (1982),Action|Adventure|Sci-Fi|Thriller,Star Trek II: The Wrath of Khan,Action Adventure Sci-Fi Thriller,3.7661290322580645,62.0
1375,Star Trek III: The Search for Spock (1984),Action|Adventure|Sci-Fi,Star Trek III: The Search for Spock,Action Adventure Sci-Fi,3.261904761904762,42.0
1376,Star Trek IV: The Voyage Home (1986),Adventure|Comedy|Sci-Fi,Star Trek IV: The Voyage Home,Adventure Comedy Sci-Fi,3.4767441860465116,43.0
1377,Batman Returns (1992),Action|Crime,Batman Returns,Action Crime,3.025,60.0
1378,Young Guns (1988),Action|Comedy|Western,Young Guns,Action Comedy Western,3.1,25.0
1379,Young Guns II (1990),Action|Western,Young Guns II,Action Western,3.0,11.0
1380,Grease (1978),Comedy|Musical|Romance,Grease,Comedy Musical Romance,3.139705882352941,68.0
1381,Grease 2 (1982),Comedy|Musical|Romance,Grease 2,Comedy Musical Romance,2.0789473684210527,19.0
1382,Marked for Death (1990),Action|Drama,Marked for Death,Action Drama,1.875,4.0
1385,Under Siege (1992),Action|Drama|Thriller,Under Siege,Action Drama Thriller,2.8541666666666665,24.0
1387,Jaws (1975),Action|Horror,Jaws,Action Horror,4.0054945054945055,91.0
1388,Jaws 2 (1978),Horror|Thriller,Jaws 2,Horror Thriller,2.6176470588235294,17.0
1389,Jaws 3-D (1983),Action|Horror,Jaws 3-D,Action Horror,1.4166666666666667,6.0
1390,My Fellow Americans (1996),Comedy,My Fellow Americans,Comedy,2.6666666666666665,9.0
1391,Mars Attacks! (1996),Action|Comedy|Sci-Fi,Mars Attacks!,Action Comedy Sci-Fi,3.0930232558139537,86.0
1392,Citizen Ruth (1996),Comedy|Drama,Citizen Ruth,Comedy Drama,4.125,4.0
1393,Jerry Maguire (1996),Drama|Romance,Jerry Maguire,Drama Romance,3.5941176470588236,85.0
1394,Raising Arizona (1987),Comedy,Raising Arizona,Comedy,3.9913793103448274,58.0
1395,Tin Men (1987),Comedy|Drama,Tin Men,Comedy Drama,3.0,5.0
1396,Sneakers (1992),Action|Comedy|Crime|Drama|Sci-Fi,Sneakers,Action Comedy Crime Drama Sci-Fi,3.4782608695652173,46.0
1397,Bastard Out of Carolina (1996),Drama,Bastard Out of Carolina,Drama,4.0,2.0
1398,In Love and War (1996),Romance|War,In Love and War,Romance War,2.5,1.0
1399,Marvin's Room (1996),Drama,Marvin's Room,Drama,3.1,5.0
1401,Ghosts of Mississippi (1996),Drama,Ghosts of Mississippi,Drama,3.3333333333333335,3.0
1405,Beavis and Butt-Head Do America (1996),Adventure|Animation|Comedy|Crime,Beavis and Butt-Head Do America,Adventure Animation Comedy Crime,2.935483870967742,31.0
1406,La Cérémonie (1995),Crime|Drama|Mystery|Thriller,La Cérémonie,Crime Drama Mystery Thriller,4.5,2.0
1407,Scream (1996),Comedy|Horror|Mystery|Thriller,Scream,Comedy Horror Mystery Thriller,3.2,70.0
1408,"Last of the Mohicans, The (1992)",Action|Romance|War|Western,"Last of the Mohicans, The",Action Romance War Western,3.8333333333333335,39.0
1409,Michael (1996),Comedy|Drama|Fantasy|Romance,Michael,Comedy Drama Fantasy Romance,2.5,23.0
1411,Hamlet (1996),Crime|Drama|Romance,Hamlet,Crime Drama Romance,4.0,16.0
1412,Some Mother's Son (1996),Drama,Some Mother's Son,Drama,3.5,1.0
1413,"Whole Wide World, The (1996)",Drama,"Whole Wide World, The",Drama,4.25,2.0
1414,Mother (1996),Comedy,Mother,Comedy,3.0,8.0
1415,"Thieves (Voleurs, Les) (1996)",Crime|Drama|Romance,"Thieves (Voleurs, Les)",Crime Drama Romance,2.5,2.0
1416,Evita (1996),Drama|Musical,Evita,Drama Musical,3.4166666666666665,12.0
1417,"Portrait of a Lady, The (1996)",Drama,"Portrait of a Lady, The",Drama,3.25,2.0
1419,Walkabout (1971),Adventure|Drama,Walkabout,Adventure Drama,4.25,2.0
1422,Murder at 1600 (1997),Crime|Drama|Mystery|Thriller,Murder at 1600,Crime Drama Mystery Thriller,2.75,4.0
1423,Hearts and Minds (1996),Drama,Hearts and Minds,Drama,4.0,1.0
1425,Fierce Creatures (1997),Comedy,Fierce Creatures,Comedy,3.0,8.0
1426,Zeus and Roxanne (1997),Children,Zeus and Roxanne,Children,1.0,1.0
1427,Turbulence (1997),Action|Thriller,Turbulence,Action Thriller,1.0,1.0
1428,Angel Baby (1995),Drama,Angel Baby,Drama,3.0,2.0
1429,First Strike (Police Story 4: First Strike) (Ging chaat goo si 4: Ji gaan daan yam mo) (1996),Action|Adventure|Comedy|Thriller,First Strike (Police Story 4: First Strike) (Ging chaat goo si 4: Ji gaan daan yam mo),Action Adventure Comedy Thriller,3.575,20.0
1430,Underworld (1996),Comedy|Thriller,Underworld,Comedy Thriller,3.0,3.0
1431,Beverly Hills Ninja (1997),Action|Comedy,Beverly Hills Ninja,Action Comedy,2.46875,16.0
1432,Metro (1997),Action|Comedy|Crime|Drama|Thriller,Metro,Action Comedy Crime Drama Thriller,2.7142857142857144,7.0
1437,"Cement Garden, The (1993)",Drama,"Cement Garden, The",Drama,4.25,2.0
1438,Dante's Peak (1997),Action|Thriller,Dante's Peak,Action Thriller,2.625,24.0
1439,Meet Wally Sparks (1997),Comedy,Meet Wally Sparks,Comedy,2.1666666666666665,3.0
1440,Amos & Andrew (1993),Comedy,Amos & Andrew,Comedy,1.5,2.0
1441,Benny & Joon (1993),Comedy|Romance,Benny & Joon,Comedy Romance,3.473684210526316,19.0
1442,Prefontaine (1997),Drama,Prefontaine,Drama,3.5,5.0
1445,McHale's Navy (1997),Comedy|War,McHale's Navy,Comedy War,2.142857142857143,7.0
1446,Kolya (Kolja) (1996),Comedy|Drama,Kolya (Kolja),Comedy Drama,4.428571428571429,7.0
1447,Gridlock'd (1997),Crime,Gridlock'd,Crime,3.375,4.0
1449,Waiting for Guffman (1996),Comedy,Waiting for Guffman,Comedy,3.875,24.0
1453,"Beautician and the Beast, The (1997)",Comedy|Romance,"Beautician and the Beast, The",Comedy Romance,1.8333333333333333,3.0
1454,SubUrbia (1997),Comedy|Drama,SubUrbia,Comedy Drama,3.75,6.0
1456,"Pest, The (1997)",Comedy,"Pest, The",Comedy,2.0,1.0
1457,Fools Rush In (1997),Comedy|Drama|Romance,Fools Rush In,Comedy Drama Romance,3.0833333333333335,12.0
1458,Touch (1997),Drama|Fantasy|Romance,Touch,Drama Fantasy Romance,4.0,1.0
1459,Absolute Power (1997),Mystery|Thriller,Absolute Power,Mystery Thriller,2.6666666666666665,12.0
1460,That Darn Cat (1997),Children|Comedy|Mystery,That Darn Cat,Children Comedy Mystery,3.25,2.0
1461,Vegas Vacation (National Lampoon's Las Vegas Vacation) (1997),Comedy,Vegas Vacation (National Lampoon's Las Vegas Vacation),Comedy,2.3125,8.0
1464,Lost Highway (1997),Crime|Drama|Fantasy|Film-Noir|Mystery|Romance,Lost Highway,Crime Drama Fantasy Film-Noir Mystery Romance,3.264705882352941,17.0
1465,Rosewood (1997),Action|Drama,Rosewood,Action Drama,3.3333333333333335,3.0
1466,Donnie Brasco (1997),Crime|Drama,Donnie Brasco,Crime Drama,3.7403846153846154,52.0
1468,Booty Call (1997),Comedy|Romance,Booty Call,Comedy Romance,2.6,5.0
1473,Best Men (1997),Action|Comedy|Crime|Drama,Best Men,Action Comedy Crime Drama,4.0,1.0
1474,Jungle2Jungle (a.k.a. Jungle 2 Jungle) (1997),Children|Comedy,Jungle2Jungle (a.k.a. Jungle 2 Jungle),Children Comedy,2.1363636363636362,11.0
1475,Kama Sutra: A Tale of Love (1996),Romance,Kama Sutra: A Tale of Love,Romance,4.0,1.0
1476,Private Parts (1997),Comedy|Drama,Private Parts,Comedy Drama,3.5384615384615383,26.0
1477,Love Jones (1997),Romance,Love Jones,Romance,4.0,1.0
1479,"Saint, The (1997)",Action|Romance|Sci-Fi|Thriller,"Saint, The",Action Romance Sci-Fi Thriller,3.216666666666667,30.0
1480,Smilla's Sense of Snow (1997),Drama|Thriller,Smilla's Sense of Snow,Drama Thriller,3.3636363636363638,11.0
1483,Crash (1996),Drama|Thriller,Crash,Drama Thriller,3.090909090909091,11.0
1484,"Daytrippers, The (1996)",Comedy|Drama|Mystery|Romance,"Daytrippers, The",Comedy Drama Mystery Romance,3.6666666666666665,3.0
1485,Liar Liar (1997),Comedy,Liar Liar,Comedy,3.0337837837837838,74.0
1487,Selena (1997),Drama|Musical,Selena,Drama Musical,3.0,5.0
1488,"Devil's Own, The (1997)",Action|Drama|Thriller,"Devil's Own, The",Action Drama Thriller,2.8333333333333335,15.0
1489,Cats Don't Dance (1997),Animation|Children|Musical,Cats Don't Dance,Animation Children Musical,3.0,2.0
1490,B*A*P*S (1997),Comedy,B*A*P*S,Comedy,1.5,2.0
1493,Love and Other Catastrophes (1996),Romance,Love and Other Catastrophes,Romance,3.5,1.0
1495,Turbo: A Power Rangers Movie (1997),Action|Adventure|Children,Turbo: A Power Rangers Movie,Action Adventure Children,2.0,2.0
1496,Anna Karenina (1997),Drama|Romance,Anna Karenina,Drama Romance,4.0,1.0
1497,Double Team (1997),Action,Double Team,Action,4.0,3.0
1498,Inventing the Abbotts (1997),Drama|Romance,Inventing the Abbotts,Drama Romance,3.0,5.0
1499,Anaconda (1997),Action|Adventure|Thriller,Anaconda,Action Adventure Thriller,1.9259259259259258,27.0
1500,Grosse Pointe Blank (1997),Comedy|Crime|Romance,Grosse Pointe Blank,Comedy Crime Romance,3.610169491525424,59.0
1502,Kissed (1996),Drama|Romance,Kissed,Drama Romance,2.5,2.0
1503,8 Heads in a Duffel Bag (1997),Comedy,8 Heads in a Duffel Bag,Comedy,3.0,4.0
1507,Paradise Road (1997),Drama|War,Paradise Road,Drama War,3.5,1.0
1513,Romy and Michele's High School Reunion (1997),Comedy,Romy and Michele's High School Reunion,Comedy,2.9655172413793105,29.0
1514,Temptress Moon (Feng Yue) (1996),Romance,Temptress Moon (Feng Yue),Romance,3.0,1.0
1515,Volcano (1997),Action|Drama|Thriller,Volcano,Action Drama Thriller,2.1,15.0
1516,Children of the Revolution (1996),Comedy,Children of the Revolution,Comedy,3.0,1.0
1517,Austin Powers: International Man of Mystery (1997),Action|Adventure|Comedy,Austin Powers: International Man of Mystery,Action Adventure Comedy,3.535,100.0
1518,Breakdown (1997),Action|Thriller,Breakdown,Action Thriller,3.3461538461538463,13.0
1519,Broken English (1996),Drama,Broken English,Drama,1.0,1.0
1526,Fathers' Day (1997),Comedy,Fathers' Day,Comedy,1.0,3.0
1527,"Fifth Element, The (1997)",Action|Adventure|Comedy|Sci-Fi,"Fifth Element, The",Action Adventure Comedy Sci-Fi,3.7456896551724137,116.0
1529,Nowhere (1997),Comedy|Drama,Nowhere,Comedy Drama,3.3333333333333335,3.0
1533,"Promise, The (La promesse) (1996)",Drama,"Promise, The (La promesse)",Drama,4.5,2.0
1537,Shall We Dance? (Shall We Dansu?) (1996),Comedy|Drama|Romance,Shall We Dance? (Shall We Dansu?),Comedy Drama Romance,3.8076923076923075,13.0
1541,Addicted to Love (1997),Comedy|Romance,Addicted to Love,Comedy Romance,2.7,10.0
1542,Brassed Off (1996),Comedy|Drama|Romance,Brassed Off,Comedy Drama Romance,3.7142857142857144,7.0
1544,"Lost World: Jurassic Park, The (1997)",Action|Adventure|Sci-Fi|Thriller,"Lost World: Jurassic Park, The",Action Adventure Sci-Fi Thriller,2.753731343283582,67.0
1545,Ponette (1996),Drama,Ponette,Drama,4.5,2.0
1546,Schizopolis (1996),Comedy,Schizopolis,Comedy,3.5,1.0
1547,Shiloh (1997),Children|Drama,Shiloh,Children Drama,3.25,2.0
1549,Rough Magic (1995),Drama|Romance,Rough Magic,Drama Romance,4.0,1.0
1550,Trial and Error (1997),Comedy|Romance,Trial and Error,Comedy Romance,2.25,4.0
1551,Buddy (1997),Adventure|Children|Drama,Buddy,Adventure Children Drama,2.1666666666666665,3.0
1552,Con Air (1997),Action|Adventure|Thriller,Con Air,Action Adventure Thriller,3.0338983050847457,59.0
1554,"Pillow Book, The (1996)",Drama|Romance,"Pillow Book, The",Drama Romance,2.4,5.0
1556,Speed 2: Cruise Control (1997),Action|Romance|Thriller,Speed 2: Cruise Control,Action Romance Thriller,1.605263157894737,19.0
1562,Batman & Robin (1997),Action|Adventure|Fantasy|Thriller,Batman & Robin,Action Adventure Fantasy Thriller,2.2142857142857144,42.0
1564,For Roseanna (Roseanna's Grave) (1997),Comedy|Drama|Romance,For Roseanna (Roseanna's Grave),Comedy Drama Romance,4.0,2.0
1565,Head Above Water (1996),Comedy|Thriller,Head Above Water,Comedy Thriller,4.0,1.0
1566,Hercules (1997),Adventure|Animation|Children|Comedy|Musical,Hercules,Adventure Animation Children Comedy Musical,3.4516129032258065,31.0
1569,My Best Friend's Wedding (1997),Comedy|Romance,My Best Friend's Wedding,Comedy Romance,3.5,40.0
1571,When the Cat's Away (Chacun cherche son chat) (1996),Comedy|Romance,When the Cat's Away (Chacun cherche son chat),Comedy Romance,4.5,2.0
1572,"Contempt (Mépris, Le) (1963)",Drama,"Contempt (Mépris, Le)",Drama,3.0,2.0
1573,Face/Off (1997),Action|Crime|Drama|Thriller,Face/Off,Action Crime Drama Thriller,3.3701298701298703,77.0
1574,Fall (1997),Romance,Fall,Romance,1.0,1.0
1580,Men in Black (a.k.a. MIB) (1997),Action|Comedy|Sci-Fi,Men in Black (a.k.a. MIB),Action Comedy Sci-Fi,3.487878787878788,165.0
1581,Out to Sea (1997),Comedy,Out to Sea,Comedy,2.1666666666666665,3.0
1582,Wild America (1997),Adventure|Children,Wild America,Adventure Children,2.6,5.0
1583,"Simple Wish, A (1997)",Children|Fantasy,"Simple Wish, A",Children Fantasy,3.0,2.0
1584,Contact (1997),Drama|Sci-Fi,Contact,Drama Sci-Fi,3.652439024390244,82.0
1585,Love Serenade (1996),Comedy,Love Serenade,Comedy,3.0,1.0
1586,G.I. Jane (1997),Action|Drama,G.I. Jane,Action Drama,2.7954545454545454,22.0
1587,Conan the Barbarian (1982),Action|Adventure|Fantasy,Conan the Barbarian,Action Adventure Fantasy,3.2580645161290325,31.0
1588,George of the Jungle (1997),Children|Comedy,George of the Jungle,Children Comedy,3.075,20.0
1589,Cop Land (1997),Action|Crime|Drama|Thriller,Cop Land,Action Crime Drama Thriller,3.28125,16.0
1590,Event Horizon (1997),Horror|Sci-Fi|Thriller,Event Horizon,Horror Sci-Fi Thriller,2.94,25.0
1591,Spawn (1997),Action|Adventure|Sci-Fi|Thriller,Spawn,Action Adventure Sci-Fi Thriller,2.6346153846153846,26.0
1592,Air Bud (1997),Children|Comedy,Air Bud,Children Comedy,2.375,4.0
1593,Picture Perfect (1997),Comedy|Romance,Picture Perfect,Comedy Romance,2.8333333333333335,6.0
1594,In the Company of Men (1997),Comedy|Drama,In the Company of Men,Comedy Drama,4.083333333333333,6.0
1596,Career Girls (1997),Drama,Career Girls,Drama,4.333333333333333,3.0
1597,Conspiracy Theory (1997),Drama|Mystery|Romance|Thriller,Conspiracy Theory,Drama Mystery Romance Thriller,2.941860465116279,43.0
1598,Desperate Measures (1998),Crime|Drama|Thriller,Desperate Measures,Crime Drama Thriller,2.5,4.0
1599,Steel (1997),Action,Steel,Action,2.3333333333333335,3.0
1600,She's So Lovely (1997),Drama|Romance,She's So Lovely,Drama Romance,3.5,2.0
1601,Hoodlum (1997),Crime|Drama|Film-Noir,Hoodlum,Crime Drama Film-Noir,2.3333333333333335,3.0
1602,Leave It to Beaver (1997),Comedy,Leave It to Beaver,Comedy,1.75,4.0
1603,Mimic (1997),Horror|Sci-Fi|Thriller,Mimic,Horror Sci-Fi Thriller,2.4615384615384617,13.0
1604,Money Talks (1997),Action|Comedy,Money Talks,Action Comedy,3.3333333333333335,3.0
1605,Excess Baggage (1997),Adventure|Romance,Excess Baggage,Adventure Romance,2.75,4.0
1606,Kull the Conqueror (1997),Action|Adventure,Kull the Conqueror,Action Adventure,2.3333333333333335,3.0
1608,Air Force One (1997),Action|Thriller,Air Force One,Action Thriller,3.3448275862068964,58.0
1609,187 (One Eight Seven) (1997),Drama|Thriller,187 (One Eight Seven),Drama Thriller,2.6666666666666665,3.0
1610,"Hunt for Red October, The (1990)",Action|Adventure|Thriller,"Hunt for Red October, The",Action Adventure Thriller,3.8722222222222222,90.0
1611,My Own Private Idaho (1991),Drama|Romance,My Own Private Idaho,Drama Romance,4.1,5.0
1612,"Kiss Me, Guido (1997)",Comedy,"Kiss Me, Guido",Comedy,3.0,2.0
1613,Star Maps (1997),Drama,Star Maps,Drama,4.0,1.0
1614,In & Out (1997),Comedy,In & Out,Comedy,2.7884615384615383,26.0
1615,"Edge, The (1997)",Adventure|Drama,"Edge, The",Adventure Drama,3.0,11.0
1616,"Peacemaker, The (1997)",Action|Thriller|War,"Peacemaker, The",Action Thriller War,3.025,20.0
1617,L.A. Confidential (1997),Crime|Film-Noir|Mystery|Thriller,L.A. Confidential,Crime Film-Noir Mystery Thriller,4.061855670103093,97.0
1619,Seven Years in Tibet (1997),Adventure|Drama|War,Seven Years in Tibet,Adventure Drama War,3.4285714285714284,14.0
1620,Kiss the Girls (1997),Crime|Drama|Mystery|Thriller,Kiss the Girls,Crime Drama Mystery Thriller,3.1153846153846154,13.0
1621,Soul Food (1997),Drama,Soul Food,Drama,3.25,2.0
1623,Wishmaster (1997),Horror,Wishmaster,Horror,2.25,2.0
1624,"Thousand Acres, A (1997)",Drama,"Thousand Acres, A",Drama,1.75,2.0
1625,"Game, The (1997)",Drama|Mystery|Thriller,"Game, The",Drama Mystery Thriller,3.7012987012987013,77.0
1626,Fire Down Below (1997),Action|Drama|Thriller,Fire Down Below,Action Drama Thriller,2.6666666666666665,3.0
1627,U Turn (1997),Crime|Drama|Mystery,U Turn,Crime Drama Mystery,3.357142857142857,7.0
1629,"MatchMaker, The (1997)",Comedy|Romance,"MatchMaker, The",Comedy Romance,3.3333333333333335,3.0
1631,"Assignment, The (1997)",Action|Thriller,"Assignment, The",Action Thriller,5.0,1.0
1633,Ulee's Gold (1997),Drama,Ulee's Gold,Drama,4.0,5.0
1635,"Ice Storm, The (1997)",Drama,"Ice Storm, The",Drama,3.8823529411764706,17.0
1639,Chasing Amy (1997),Comedy|Drama|Romance,Chasing Amy,Comedy Drama Romance,3.576923076923077,52.0
1641,"Full Monty, The (1997)",Comedy|Drama,"Full Monty, The",Comedy Drama,3.7589285714285716,56.0
1642,Indian Summer (a.k.a. Alive & Kicking) (1996),Comedy|Drama,Indian Summer (a.k.a. Alive & Kicking),Comedy Drama,1.75,2.0
1643,"Mrs. Brown (a.k.a. Her Majesty, Mrs. Brown) (1997)",Drama|Romance,"Mrs. Brown (a.k.a. Her Majesty, Mrs. Brown)",Drama Romance,3.8,5.0
1644,I Know What You Did Last Summer (1997),Horror|Mystery|Thriller,I Know What You Did Last Summer,Horror Mystery Thriller,2.109375,32.0
1645,The Devil's Advocate (1997),Drama|Mystery|Thriller,The Devil's Advocate,Drama Mystery Thriller,3.411764705882353,51.0
1646,RocketMan (a.k.a. Rocket Man) (1997),Children|Comedy|Romance|Sci-Fi,RocketMan (a.k.a. Rocket Man),Children Comedy Romance Sci-Fi,2.142857142857143,7.0
1647,Playing God (1997),Crime|Drama|Thriller,Playing God,Crime Drama Thriller,2.5,3.0
1648,"House of Yes, The (1997)",Comedy|Drama,"House of Yes, The",Comedy Drama,3.5,4.0
1649,"Fast, Cheap & Out of Control (1997)",Documentary,"Fast, Cheap & Out of Control",Documentary,2.5,3.0
1650,Washington Square (1997),Drama,Washington Square,Drama,3.75,2.0
1652,Year of the Horse (1997),Documentary,Year of the Horse,Documentary,4.5,1.0
1653,Gattaca (1997),Drama|Sci-Fi|Thriller,Gattaca,Drama Sci-Fi Thriller,3.953488372093023,86.0
1654,FairyTale: A True Story (1997),Children|Drama|Fantasy,FairyTale: A True Story,Children Drama Fantasy,3.5,1.0
1655,Phantoms (1998),Drama|Horror|Thriller,Phantoms,Drama Horror Thriller,4.0,1.0
1656,Swept from the Sea (1997),Drama|Romance,Swept from the Sea,Drama Romance,4.0,1.0
1658,"Life Less Ordinary, A (1997)",Romance|Thriller,"Life Less Ordinary, A",Romance Thriller,3.0625,8.0
1659,Hurricane Streets (1997),Drama,Hurricane Streets,Drama,4.0,1.0
1660,Eve's Bayou (1997),Drama,Eve's Bayou,Drama,3.0,1.0
1661,Switchback (1997),Crime|Mystery|Thriller,Switchback,Crime Mystery Thriller,3.0,1.0
1662,Gang Related (1997),Crime,Gang Related,Crime,3.0,2.0
1663,Stripes (1981),Comedy|War,Stripes,Comedy War,3.7941176470588234,34.0
1665,Bean (1997),Comedy,Bean,Comedy,2.96875,16.0
1667,Mad City (1997),Action|Drama,Mad City,Action Drama,2.1,5.0
1670,Welcome to Sarajevo (1997),Drama|War,Welcome to Sarajevo,Drama War,3.0,3.0
1671,Deceiver (1997),Crime|Drama|Thriller,Deceiver,Crime Drama Thriller,3.0,1.0
1672,"Rainmaker, The (1997)",Drama,"Rainmaker, The",Drama,3.375,12.0
1673,Boogie Nights (1997),Drama,Boogie Nights,Drama,4.076923076923077,39.0
1674,Witness (1985),Drama|Romance|Thriller,Witness,Drama Romance Thriller,3.65,40.0
1675,Incognito (1997),Crime|Thriller,Incognito,Crime Thriller,3.5,1.0
1676,Starship Troopers (1997),Action|Sci-Fi,Starship Troopers,Action Sci-Fi,3.33125,80.0
1677,Critical Care (1997),Comedy|Drama,Critical Care,Comedy Drama,2.0,1.0
1678,"Joy Luck Club, The (1993)",Drama|Romance,"Joy Luck Club, The",Drama Romance,3.5,10.0
1679,Chairman of the Board (1998),Comedy,Chairman of the Board,Comedy,2.0,1.0
1680,Sliding Doors (1998),Drama|Romance,Sliding Doors,Drama Romance,3.6,25.0
1681,Mortal Kombat: Annihilation (1997),Action|Adventure|Fantasy,Mortal Kombat: Annihilation,Action Adventure Fantasy,1.9285714285714286,7.0
1682,"Truman Show, The (1998)",Comedy|Drama|Sci-Fi,"Truman Show, The",Comedy Drama Sci-Fi,3.812,125.0
1683,"Wings of the Dove, The (1997)",Drama|Romance,"Wings of the Dove, The",Drama Romance,4.416666666666667,6.0
1684,Mrs. Dalloway (1997),Drama|Romance,Mrs. Dalloway,Drama Romance,3.5,4.0
1685,"I Love You, I Love You Not (1996)",Drama|Romance,"I Love You, I Love You Not",Drama Romance,3.0,1.0
1686,Red Corner (1997),Crime|Thriller,Red Corner,Crime Thriller,3.6666666666666665,3.0
1687,"Jackal, The (1997)",Action|Thriller,"Jackal, The",Action Thriller,3.2222222222222223,18.0
1688,Anastasia (1997),Adventure|Animation|Children|Drama|Musical,Anastasia,Adventure Animation Children Drama Musical,3.35,20.0
1689,"Man Who Knew Too Little, The (1997)",Comedy|Crime|Thriller,"Man Who Knew Too Little, The",Comedy Crime Thriller,2.2142857142857144,7.0
1690,Alien: Resurrection (1997),Action|Horror|Sci-Fi,Alien: Resurrection,Action Horror Sci-Fi,2.922222222222222,45.0
1693,Amistad (1997),Drama|Mystery,Amistad,Drama Mystery,3.5,19.0
1694,"Apostle, The (1997)",Drama,"Apostle, The",Drama,3.0,7.0
1695,Artemisia (1997),Drama,Artemisia,Drama,4.0,2.0
1696,Bent (1997),Drama|War,Bent,Drama War,3.5,2.0
1699,"Butcher Boy, The (1997)",Comedy|Drama,"Butcher Boy, The",Comedy Drama,4.0,2.0
1701,Deconstructing Harry (1997),Comedy|Drama,Deconstructing Harry,Comedy Drama,3.875,8.0
1702,Flubber (1997),Children|Comedy|Fantasy,Flubber,Children Comedy Fantasy,3.0,16.0
1703,For Richer or Poorer (1997),Comedy,For Richer or Poorer,Comedy,2.9,5.0
1704,Good Will Hunting (1997),Drama|Romance,Good Will Hunting,Drama Romance,4.078014184397163,141.0
1707,Home Alone 3 (1997),Children|Comedy,Home Alone 3,Children Comedy,1.875,8.0
1711,Midnight in the Garden of Good and Evil (1997),Crime|Drama|Mystery,Midnight in the Garden of Good and Evil,Crime Drama Mystery,3.1041666666666665,24.0
1713,Mouse Hunt (1997),Children|Comedy,Mouse Hunt,Children Comedy,3.0714285714285716,7.0
1717,Scream 2 (1997),Comedy|Horror|Mystery|Thriller,Scream 2,Comedy Horror Mystery Thriller,2.9193548387096775,31.0
1718,Stranger in the House (1997),Thriller,Stranger in the House,Thriller,3.25,2.0
1719,"Sweet Hereafter, The (1997)",Drama,"Sweet Hereafter, The",Drama,4.25,16.0
1721,Titanic (1997),Drama|Romance,Titanic,Drama Romance,3.414285714285714,140.0
1722,Tomorrow Never Dies (1997),Action|Adventure|Thriller,Tomorrow Never Dies,Action Adventure Thriller,3.066666666666667,45.0
1726,"Postman, The (1997)",Action|Adventure|Drama|Sci-Fi,"Postman, The",Action Adventure Drama Sci-Fi,2.6923076923076925,13.0
1727,"Horse Whisperer, The (1998)",Drama|Romance,"Horse Whisperer, The",Drama Romance,3.75,4.0
1729,Jackie Brown (1997),Crime|Drama|Thriller,Jackie Brown,Crime Drama Thriller,3.6979166666666665,48.0
1730,Kundun (1997),Drama,Kundun,Drama,3.25,4.0
1731,Mr. Magoo (1997),Comedy,Mr. Magoo,Comedy,1.75,4.0
1732,"Big Lebowski, The (1998)",Comedy|Crime,"Big Lebowski, The",Comedy Crime,3.9245283018867925,106.0
1733,Afterglow (1997),Drama|Romance,Afterglow,Drama Romance,4.5,4.0
1734,My Life in Pink (Ma vie en rose) (1997),Comedy|Drama,My Life in Pink (Ma vie en rose),Comedy Drama,4.055555555555555,9.0
1735,Great Expectations (1998),Drama|Romance,Great Expectations,Drama Romance,3.3181818181818183,11.0
1739,3 Ninjas: High Noon On Mega Mountain (1998),Action|Children|Comedy,3 Ninjas: High Noon On Mega Mountain,Action Children Comedy,4.0,1.0
1746,Senseless (1998),Comedy,Senseless,Comedy,2.0,1.0
1747,Wag the Dog (1997),Comedy,Wag the Dog,Comedy,3.338709677419355,31.0
1748,Dark City (1998),Adventure|Film-Noir|Sci-Fi|Thriller,Dark City,Adventure Film-Noir Sci-Fi Thriller,3.8229166666666665,48.0
1752,Hard Rain (1998),Action|Crime|Thriller,Hard Rain,Action Crime Thriller,2.5,4.0
1753,Half Baked (1998),Comedy,Half Baked,Comedy,3.59375,16.0
1754,Fallen (1998),Crime|Drama|Fantasy|Thriller,Fallen,Crime Drama Fantasy Thriller,3.5,15.0
1755,Shooting Fish (1997),Comedy|Romance,Shooting Fish,Comedy Romance,4.1,5.0
1757,Fallen Angels (Duo luo tian shi) (1995),Drama|Romance,Fallen Angels (Duo luo tian shi),Drama Romance,2.0,1.0
1759,"Four Days in September (O Que É Isso, Companheiro?) (1997)",Drama,"Four Days in September (O Que É Isso, Companheiro?)",Drama,5.0,1.0
1760,Spice World (1997),Comedy,Spice World,Comedy,1.35,10.0
1762,Deep Rising (1998),Action|Horror|Sci-Fi,Deep Rising,Action Horror Sci-Fi,2.3,5.0
1767,Music From Another Room (1998),Drama|Romance,Music From Another Room,Drama Romance,3.0,2.0
1769,"Replacement Killers, The (1998)",Action|Crime|Thriller,"Replacement Killers, The",Action Crime Thriller,2.9285714285714284,14.0
1770,B. Monkey (1998),Crime|Romance|Thriller,B. Monkey,Crime Romance Thriller,2.5,2.0
1771,Night Flier (1997),Horror,Night Flier,Horror,4.0,1.0
1772,Blues Brothers 2000 (1998),Action|Comedy|Musical,Blues Brothers 2000,Action Comedy Musical,2.7083333333333335,12.0
1777,"Wedding Singer, The (1998)",Comedy|Romance,"Wedding Singer, The",Comedy Romance,3.419642857142857,56.0
1779,Sphere (1998),Sci-Fi|Thriller,Sphere,Sci-Fi Thriller,2.760869565217391,23.0
1783,Palmetto (1998),Crime|Drama|Mystery|Romance|Thriller,Palmetto,Crime Drama Mystery Romance Thriller,2.8,5.0
1784,As Good as It Gets (1997),Comedy|Drama|Romance,As Good as It Gets,Comedy Drama Romance,3.6979166666666665,96.0
1785,King of New York (1990),Crime|Thriller,King of New York,Crime Thriller,3.9,5.0
1791,Twilight (1998),Crime|Drama|Thriller,Twilight,Crime Drama Thriller,2.3333333333333335,3.0
1792,U.S. Marshals (1998),Action|Crime|Thriller,U.S. Marshals,Action Crime Thriller,3.0217391304347827,23.0
1793,Welcome to Woop-Woop (1997),Comedy,Welcome to Woop-Woop,Comedy,4.0,2.0
1794,Love and Death on Long Island (1997),Comedy|Drama,Love and Death on Long Island,Comedy Drama,3.0,1.0
1797,Everest (1998),Documentary|IMAX,Everest,Documentary IMAX,4.25,6.0
1798,Hush (1998),Thriller,Hush,Thriller,2.0,2.0
1799,Suicide Kings (1997),Comedy|Crime|Drama|Mystery|Thriller,Suicide Kings,Comedy Crime Drama Mystery Thriller,3.423076923076923,13.0
1801,"Man in the Iron Mask, The (1998)",Action|Adventure|Drama,"Man in the Iron Mask, The",Action Adventure Drama,3.5,25.0
1804,"Newton Boys, The (1998)",Crime|Drama,"Newton Boys, The",Crime Drama,3.0,3.0
1805,Wild Things (1998),Crime|Drama|Mystery|Thriller,Wild Things,Crime Drama Mystery Thriller,3.0161290322580645,31.0
1806,Paulie (1998),Adventure|Children|Comedy,Paulie,Adventure Children Comedy,2.3125,8.0
1807,"Cool, Dry Place, A (1998)",Drama,"Cool, Dry Place, A",Drama,3.0,1.0
1809,Fireworks (Hana-bi) (1997),Crime|Drama,Fireworks (Hana-bi),Crime Drama,4.0,6.0
1810,Primary Colors (1998),Comedy|Drama,Primary Colors,Comedy Drama,3.5,11.0
1812,Wide Awake (1998),Children|Comedy|Drama,Wide Awake,Children Comedy Drama,3.6666666666666665,3.0
1816,Two Girls and a Guy (1997),Comedy|Drama,Two Girls and a Guy,Comedy Drama,2.0,3.0
1821,"Object of My Affection, The (1998)",Comedy|Romance,"Object of My Affection, The",Comedy Romance,2.6666666666666665,6.0
1824,Homegrown (1998),Comedy|Thriller,Homegrown,Comedy Thriller,1.0,1.0
1825,The Players Club (1998),Comedy|Drama,The Players Club,Comedy Drama,3.5,1.0
1826,Barney's Great Adventure (1998),Adventure|Children,Barney's Great Adventure,Adventure Children,2.0,1.0
1827,"Big One, The (1997)",Comedy|Documentary,"Big One, The",Comedy Documentary,3.3333333333333335,3.0
1829,Chinese Box (1997),Drama|Romance,Chinese Box,Drama Romance,3.25,2.0
1831,Lost in Space (1998),Action|Adventure|Sci-Fi,Lost in Space,Action Adventure Sci-Fi,2.4482758620689653,29.0
1833,Mercury Rising (1998),Action|Drama|Thriller,Mercury Rising,Action Drama Thriller,3.0,13.0
1834,"Spanish Prisoner, The (1997)",Crime|Drama|Mystery|Thriller,"Spanish Prisoner, The",Crime Drama Mystery Thriller,4.0,11.0
1835,City of Angels (1998),Drama|Fantasy|Romance,City of Angels,Drama Fantasy Romance,3.3823529411764706,17.0
1836,"Last Days of Disco, The (1998)",Comedy|Drama,"Last Days of Disco, The",Comedy Drama,4.5,3.0
1837,"Odd Couple II, The (1998)",Comedy,"Odd Couple II, The",Comedy,2.25,4.0
1839,My Giant (1998),Comedy,My Giant,Comedy,3.0,1.0
1840,He Got Game (1998),Drama,He Got Game,Drama,3.2142857142857144,7.0
1841,"Gingerbread Man, The (1998)",Drama|Thriller,"Gingerbread Man, The",Drama Thriller,3.0,1.0
1844,Live Flesh (Carne trémula) (1997),Drama|Romance,Live Flesh (Carne trémula),Drama Romance,3.875,4.0
1845,Zero Effect (1998),Comedy|Mystery|Thriller,Zero Effect,Comedy Mystery Thriller,3.966666666666667,15.0
1848,"Borrowers, The (1997)",Adventure|Children|Comedy|Fantasy,"Borrowers, The",Adventure Children Comedy Fantasy,3.0416666666666665,12.0
1855,Krippendorf's Tribe (1998),Comedy,Krippendorf's Tribe,Comedy,2.5714285714285716,7.0
1856,Kurt & Courtney (1998),Documentary,Kurt & Courtney,Documentary,4.0,3.0
1857,"Real Blonde, The (1997)",Comedy,"Real Blonde, The",Comedy,3.5,1.0
1858,Mr. Nice Guy (Yat goh ho yan) (1997),Action|Comedy,Mr. Nice Guy (Yat goh ho yan),Action Comedy,2.5625,8.0
1859,Taste of Cherry (Ta'm e guilass) (1997),Drama,Taste of Cherry (Ta'm e guilass),Drama,3.6666666666666665,3.0
1860,Character (Karakter) (1997),Drama,Character (Karakter),Drama,2.625,4.0
1862,Species II (1998),Horror|Sci-Fi,Species II,Horror Sci-Fi,1.9444444444444444,9.0
1863,Major League: Back to the Minors (1998),Comedy,Major League: Back to the Minors,Comedy,2.4285714285714284,7.0
1866,"Big Hit, The (1998)",Action|Comedy|Crime,"Big Hit, The",Action Comedy Crime,2.9285714285714284,7.0
1867,Tarzan and the Lost City (1998),Action|Adventure,Tarzan and the Lost City,Action Adventure,2.0,1.0
1870,"Dancer, Texas Pop. 81 (1998)",Comedy|Drama,"Dancer, Texas Pop. 81",Comedy Drama,3.0,1.0
1873,"Misérables, Les (1998)",Crime|Drama|Romance|War,"Misérables, Les",Crime Drama Romance War,3.75,10.0
1875,Clockwatchers (1997),Comedy,Clockwatchers,Comedy,3.9166666666666665,6.0
1876,Deep Impact (1998),Drama|Sci-Fi|Thriller,Deep Impact,Drama Sci-Fi Thriller,3.0697674418604652,43.0
1881,Quest for Camelot (1998),Adventure|Animation|Children|Fantasy|Musical,Quest for Camelot,Adventure Animation Children Fantasy Musical,2.0,2.0
1882,Godzilla (1998),Action|Sci-Fi|Thriller,Godzilla,Action Sci-Fi Thriller,1.9545454545454546,33.0
1883,Bulworth (1998),Comedy|Drama|Romance,Bulworth,Comedy Drama Romance,3.2708333333333335,24.0
1884,Fear and Loathing in Las Vegas (1998),Adventure|Comedy|Drama,Fear and Loathing in Las Vegas,Adventure Comedy Drama,3.967391304347826,46.0
1885,"Opposite of Sex, The (1998)",Comedy|Drama|Romance,"Opposite of Sex, The",Comedy Drama Romance,3.125,12.0
1887,Almost Heroes (1998),Adventure|Comedy|Western,Almost Heroes,Adventure Comedy Western,2.0,2.0
1888,Hope Floats (1998),Comedy|Drama|Romance,Hope Floats,Comedy Drama Romance,2.6666666666666665,3.0
1889,Insomnia (1997),Drama|Mystery|Thriller,Insomnia,Drama Mystery Thriller,3.75,8.0
1891,"Ugly, The (1997)",Horror|Thriller,"Ugly, The",Horror Thriller,2.0,1.0
1892,"Perfect Murder, A (1998)",Thriller,"Perfect Murder, A",Thriller,3.28125,16.0
1893,Beyond Silence (Jenseits der Stille) (1996),Drama,Beyond Silence (Jenseits der Stille),Drama,4.5,1.0
1894,Six Days Seven Nights (1998),Adventure|Comedy|Romance,Six Days Seven Nights,Adventure Comedy Romance,2.84375,16.0
1895,Can't Hardly Wait (1998),Comedy|Drama|Romance,Can't Hardly Wait,Comedy Drama Romance,3.3333333333333335,15.0
1897,High Art (1998),Drama|Romance,High Art,Drama Romance,3.5,2.0
1900,"Children of Heaven, The (Bacheha-Ye Aseman) (1997)",Comedy|Drama,"Children of Heaven, The (Bacheha-Ye Aseman)",Comedy Drama,4.0,1.0
1902,Dream for an Insomniac (1996),Drama|Romance,Dream for an Insomniac,Drama Romance,4.0,1.0
1904,Henry Fool (1997),Comedy|Drama,Henry Fool,Comedy Drama,3.3333333333333335,3.0
1906,Mr. Jealousy (1997),Comedy|Romance,Mr. Jealousy,Comedy Romance,2.5,2.0
1907,Mulan (1998),Adventure|Animation|Children|Comedy|Drama|Musical|Romance,Mulan,Adventure Animation Children Comedy Drama Musical Romance,3.566666666666667,45.0
1909,"X-Files: Fight the Future, The (1998)",Action|Crime|Mystery|Sci-Fi|Thriller,"X-Files: Fight the Future, The",Action Crime Mystery Sci-Fi Thriller,3.4404761904761907,42.0
1910,I Went Down (1997),Comedy|Crime|Drama,I Went Down,Comedy Crime Drama,2.0,2.0
1911,Dr. Dolittle (1998),Comedy,Dr. Dolittle,Comedy,2.609375,32.0
1912,Out of Sight (1998),Comedy|Crime|Drama|Romance|Thriller,Out of Sight,Comedy Crime Drama Romance Thriller,3.859375,32.0
1913,Picnic at Hanging Rock (1975),Drama|Mystery,Picnic at Hanging Rock,Drama Mystery,4.0,3.0
1914,Smoke Signals (1998),Comedy|Drama,Smoke Signals,Comedy Drama,3.388888888888889,9.0
1916,Buffalo '66 (a.k.a. Buffalo 66) (1998),Drama|Romance,Buffalo '66 (a.k.a. Buffalo 66),Drama Romance,3.4166666666666665,12.0
1917,Armageddon (1998),Action|Romance|Sci-Fi|Thriller,Armageddon,Action Romance Sci-Fi Thriller,3.0543478260869565,92.0
1918,Lethal Weapon 4 (1998),Action|Comedy|Crime|Thriller,Lethal Weapon 4,Action Comedy Crime Thriller,2.8484848484848486,33.0
1919,Madeline (1998),Children|Comedy,Madeline,Children Comedy,2.5,5.0
1920,Small Soldiers (1998),Animation|Children|Fantasy|War,Small Soldiers,Animation Children Fantasy War,2.8333333333333335,18.0
1921,Pi (1998),Drama|Sci-Fi|Thriller,Pi,Drama Sci-Fi Thriller,3.851063829787234,47.0
1922,Whatever (1998),Drama,Whatever,Drama,3.5,2.0
1923,There's Something About Mary (1998),Comedy|Romance,There's Something About Mary,Comedy Romance,3.676190476190476,105.0
1924,Plan 9 from Outer Space (1959),Horror|Sci-Fi,Plan 9 from Outer Space,Horror Sci-Fi,3.1875,8.0
1926,"Broadway Melody, The (1929)",Musical,"Broadway Melody, The",Musical,3.0,1.0
1927,All Quiet on the Western Front (1930),Action|Drama|War,All Quiet on the Western Front,Action Drama War,4.35,10.0
1928,Cimarron (1931),Drama|Western,Cimarron,Drama Western,3.5,1.0
1929,Grand Hotel (1932),Drama|Romance,Grand Hotel,Drama Romance,4.0,2.0
1931,Mutiny on the Bounty (1935),Adventure|Drama,Mutiny on the Bounty,Adventure Drama,4.166666666666667,6.0
1932,"Great Ziegfeld, The (1936)",Drama|Musical,"Great Ziegfeld, The",Drama Musical,3.5,1.0
1933,"Life of Emile Zola, The (1937)",Drama,"Life of Emile Zola, The",Drama,3.0,1.0
1934,You Can't Take It with You (1938),Comedy|Romance,You Can't Take It with You,Comedy Romance,3.8333333333333335,3.0
1936,Mrs. Miniver (1942),Drama|War,Mrs. Miniver,Drama War,4.0,3.0
1937,Going My Way (1944),Comedy|Drama|Musical,Going My Way,Comedy Drama Musical,3.25,2.0
1938,"Lost Weekend, The (1945)",Drama,"Lost Weekend, The",Drama,4.0,3.0
1939,"Best Years of Our Lives, The (1946)",Drama|War,"Best Years of Our Lives, The",Drama War,4.0625,8.0
1940,Gentleman's Agreement (1947),Drama,Gentleman's Agreement,Drama,4.0,1.0
1941,Hamlet (1948),Drama,Hamlet,Drama,3.5,2.0
1942,All the King's Men (1949),Drama,All the King's Men,Drama,4.25,4.0
1944,From Here to Eternity (1953),Drama|Romance|War,From Here to Eternity,Drama Romance War,3.9545454545454546,11.0
1945,On the Waterfront (1954),Crime|Drama,On the Waterfront,Crime Drama,4.1875,24.0
1946,Marty (1955),Drama|Romance,Marty,Drama Romance,3.8333333333333335,3.0
1947,West Side Story (1961),Drama|Musical|Romance,West Side Story,Drama Musical Romance,3.6029411764705883,34.0
1948,Tom Jones (1963),Adventure|Comedy|Romance,Tom Jones,Adventure Comedy Romance,3.642857142857143,7.0
1949,"Man for All Seasons, A (1966)",Drama,"Man for All Seasons, A",Drama,4.333333333333333,6.0
1950,In the Heat of the Night (1967),Drama|Mystery,In the Heat of the Night,Drama Mystery,4.181818181818182,11.0
1951,Oliver! (1968),Drama|Musical,Oliver!,Drama Musical,3.5714285714285716,7.0
1952,Midnight Cowboy (1969),Drama,Midnight Cowboy,Drama,3.9545454545454546,22.0
1953,"French Connection, The (1971)",Action|Crime|Thriller,"French Connection, The",Action Crime Thriller,3.871794871794872,39.0
1954,Rocky (1976),Drama,Rocky,Drama,3.828125,64.0
1955,Kramer vs. Kramer (1979),Drama,Kramer vs. Kramer,Drama,3.892857142857143,14.0
1956,Ordinary People (1980),Drama,Ordinary People,Drama,4.0,12.0
1957,Chariots of Fire (1981),Drama,Chariots of Fire,Drama,4.038461538461538,13.0
1958,Terms of Endearment (1983),Comedy|Drama,Terms of Endearment,Comedy Drama,3.7954545454545454,22.0
1959,Out of Africa (1985),Drama|Romance,Out of Africa,Drama Romance,3.6666666666666665,15.0
1960,"Last Emperor, The (1987)",Drama,"Last Emperor, The",Drama,3.6923076923076925,26.0
1961,Rain Man (1988),Drama,Rain Man,Drama,3.8072916666666665,96.0
1962,Driving Miss Daisy (1989),Drama,Driving Miss Daisy,Drama,3.739130434782609,23.0
1963,Take the Money and Run (1969),Comedy|Crime,Take the Money and Run,Comedy Crime,3.3636363636363638,11.0
1964,Klute (1971),Drama|Mystery,Klute,Drama Mystery,4.083333333333333,6.0
1965,Repo Man (1984),Comedy|Sci-Fi,Repo Man,Comedy Sci-Fi,3.380952380952381,21.0
1966,Metropolitan (1990),Comedy,Metropolitan,Comedy,3.625,8.0
1967,Labyrinth (1986),Adventure|Fantasy|Musical,Labyrinth,Adventure Fantasy Musical,3.8214285714285716,42.0
1968,"Breakfast Club, The (1985)",Comedy|Drama,"Breakfast Club, The",Comedy Drama,3.7787610619469025,113.0
1969,"Nightmare on Elm Street 2: Freddy's Revenge, A (1985)",Horror,"Nightmare on Elm Street 2: Freddy's Revenge, A",Horror,2.35,10.0
1970,"Nightmare on Elm Street 3: Dream Warriors, A (1987)",Horror|Thriller,"Nightmare on Elm Street 3: Dream Warriors, A",Horror Thriller,2.9166666666666665,12.0
1971,"Nightmare on Elm Street 4: The Dream Master, A (1988)",Horror|Thriller,"Nightmare on Elm Street 4: The Dream Master, A",Horror Thriller,2.4285714285714284,7.0
1972,"Nightmare on Elm Street 5: The Dream Child, A (1989)",Horror,"Nightmare on Elm Street 5: The Dream Child, A",Horror,2.142857142857143,7.0
1973,"Freddy's Dead: The Final Nightmare (Nightmare on Elm Street Part 6: Freddy's Dead, A) (1991)",Horror,"Freddy's Dead: The Final Nightmare (Nightmare on Elm Street Part 6: Freddy's Dead, A)",Horror,2.2,5.0
1974,Friday the 13th (1980),Horror|Mystery|Thriller,Friday the 13th,Horror Mystery Thriller,2.875,16.0
1975,Friday the 13th Part 2 (1981),Horror,Friday the 13th Part 2,Horror,2.5,7.0
1976,Friday the 13th Part 3: 3D (1982),Horror,Friday the 13th Part 3: 3D,Horror,2.2142857142857144,7.0
1977,Friday the 13th Part IV: The Final Chapter (1984),Horror,Friday the 13th Part IV: The Final Chapter,Horror,2.5833333333333335,6.0
1978,Friday the 13th Part V: A New Beginning (1985),Horror,Friday the 13th Part V: A New Beginning,Horror,2.5,2.0
1979,Friday the 13th Part VI: Jason Lives (1986),Horror,Friday the 13th Part VI: Jason Lives,Horror,3.25,4.0
1980,Friday the 13th Part VII: The New Blood (1988),Horror,Friday the 13th Part VII: The New Blood,Horror,2.0,1.0
1981,Friday the 13th Part VIII: Jason Takes Manhattan (1989),Horror,Friday the 13th Part VIII: Jason Takes Manhattan,Horror,2.0,3.0
1982,Halloween (1978),Horror,Halloween,Horror,3.7222222222222223,27.0
1983,Halloween II (1981),Horror,Halloween II,Horror,2.4,5.0
1984,Halloween III: Season of the Witch (1982),Horror,Halloween III: Season of the Witch,Horror,2.1666666666666665,3.0
1985,Halloween 4: The Return of Michael Myers (1988),Horror,Halloween 4: The Return of Michael Myers,Horror,2.0,1.0
1986,Halloween 5: The Revenge of Michael Myers (1989),Horror,Halloween 5: The Revenge of Michael Myers,Horror,1.5,2.0
1987,Prom Night (1980),Horror,Prom Night,Horror,2.5,2.0
1990,Prom Night IV: Deliver Us From Evil (1992),Horror,Prom Night IV: Deliver Us From Evil,Horror,4.0,1.0
1991,Child's Play (1988),Horror|Thriller,Child's Play,Horror Thriller,2.7083333333333335,12.0
1992,Child's Play 2 (1990),Horror|Thriller,Child's Play 2,Horror Thriller,2.375,4.0
1993,Child's Play 3 (1991),Comedy|Horror|Thriller,Child's Play 3,Comedy Horror Thriller,1.8,5.0
1994,Poltergeist (1982),Horror|Thriller,Poltergeist,Horror Thriller,3.425531914893617,47.0
1995,Poltergeist II: The Other Side (1986),Horror|Thriller,Poltergeist II: The Other Side,Horror Thriller,1.6666666666666667,6.0
1996,Poltergeist III (1988),Horror|Thriller,Poltergeist III,Horror Thriller,1.875,4.0
1997,"Exorcist, The (1973)",Horror|Mystery,"Exorcist, The",Horror Mystery,3.80188679245283,53.0
1998,Exorcist II: The Heretic (1977),Horror,Exorcist II: The Heretic,Horror,1.5,4.0
1999,"Exorcist III, The (1990)",Horror,"Exorcist III, The",Horror,2.0,4.0
2000,Lethal Weapon (1987),Action|Comedy|Crime|Drama,Lethal Weapon,Action Comedy Crime Drama,3.6733333333333333,75.0
2001,Lethal Weapon 2 (1989),Action|Comedy|Crime|Drama,Lethal Weapon 2,Action Comedy Crime Drama,3.1808510638297873,47.0
2002,Lethal Weapon 3 (1992),Action|Comedy|Crime|Drama,Lethal Weapon 3,Action Comedy Crime Drama,2.9347826086956523,46.0
2003,Gremlins (1984),Comedy|Horror,Gremlins,Comedy Horror,3.3780487804878048,41.0
2004,Gremlins 2: The New Batch (1990),Comedy|Horror,Gremlins 2: The New Batch,Comedy Horror,3.3333333333333335,15.0
2005,"Goonies, The (1985)",Action|Adventure|Children|Comedy|Fantasy,"Goonies, The",Action Adventure Children Comedy Fantasy,3.5701754385964914,57.0
2006,"Mask of Zorro, The (1998)",Action|Comedy|Romance,"Mask of Zorro, The",Action Comedy Romance,3.1,60.0
2007,Polish Wedding (1998),Comedy,Polish Wedding,Comedy,3.5,2.0
2008,"This World, Then the Fireworks (1997)",Crime|Drama|Film-Noir,"This World, Then the Fireworks",Crime Drama Film-Noir,3.0,1.0
2009,Soylent Green (1973),Drama|Mystery|Sci-Fi|Thriller,Soylent Green,Drama Mystery Sci-Fi Thriller,3.473684210526316,19.0
2010,Metropolis (1927),Drama|Sci-Fi,Metropolis,Drama Sci-Fi,3.857142857142857,21.0
2011,Back to the Future Part II (1989),Adventure|Comedy|Sci-Fi,Back to the Future Part II,Adventure Comedy Sci-Fi,3.5057471264367814,87.0
2012,Back to the Future Part III (1990),Adventure|Comedy|Sci-Fi|Western,Back to the Future Part III,Adventure Comedy Sci-Fi Western,3.3693181818181817,88.0
2013,"Poseidon Adventure, The (1972)",Action|Adventure|Drama,"Poseidon Adventure, The",Action Adventure Drama,3.0952380952380953,21.0
2014,Freaky Friday (1977),Children|Comedy|Fantasy,Freaky Friday,Children Comedy Fantasy,2.625,8.0
2015,"Absent-Minded Professor, The (1961)",Children|Comedy|Fantasy,"Absent-Minded Professor, The",Children Comedy Fantasy,3.388888888888889,9.0
2016,"Apple Dumpling Gang Rides Again, The (1979)",Children|Comedy|Western,"Apple Dumpling Gang Rides Again, The",Children Comedy Western,2.875,4.0
2017,Babes in Toyland (1961),Children|Fantasy|Musical,Babes in Toyland,Children Fantasy Musical,3.1,5.0
2018,Bambi (1942),Animation|Children|Drama,Bambi,Animation Children Drama,3.3684210526315788,38.0
2019,Seven Samurai (Shichinin no samurai) (1954),Action|Adventure|Drama,Seven Samurai (Shichinin no samurai),Action Adventure Drama,4.1875,48.0
2020,Dangerous Liaisons (1988),Drama|Romance,Dangerous Liaisons,Drama Romance,4.0,25.0
2021,Dune (1984),Adventure|Sci-Fi,Dune,Adventure Sci-Fi,3.4324324324324325,37.0
2022,"Last Temptation of Christ, The (1988)",Drama,"Last Temptation of Christ, The",Drama,3.6875,8.0
2023,"Godfather: Part III, The (1990)",Crime|Drama|Mystery|Thriller,"Godfather: Part III, The",Crime Drama Mystery Thriller,3.3555555555555556,45.0
2024,"Rapture, The (1991)",Drama|Mystery,"Rapture, The",Drama Mystery,3.3333333333333335,3.0
2025,Lolita (1997),Drama|Romance,Lolita,Drama Romance,3.9285714285714284,7.0
2026,Disturbing Behavior (1998),Horror|Thriller,Disturbing Behavior,Horror Thriller,2.0,3.0
2027,Jane Austen's Mafia! (1998),Comedy|Crime,Jane Austen's Mafia!,Comedy Crime,1.8333333333333333,9.0
2028,Saving Private Ryan (1998),Action|Drama|War,Saving Private Ryan,Action Drama War,4.1462765957446805,188.0
2032,"Barefoot Executive, The (1971)",Children|Comedy,"Barefoot Executive, The",Children Comedy,2.0,1.0
2033,"Black Cauldron, The (1985)",Adventure|Animation|Children|Fantasy,"Black Cauldron, The",Adventure Animation Children Fantasy,3.75,8.0
2034,"Black Hole, The (1979)",Children|Sci-Fi,"Black Hole, The",Children Sci-Fi,2.611111111111111,9.0
2035,Blackbeard's Ghost (1968),Children|Comedy,Blackbeard's Ghost,Children Comedy,3.6666666666666665,3.0
2036,Blank Check (1994),Children|Comedy,Blank Check,Children Comedy,2.25,6.0
2037,Candleshoe (1977),Adventure|Children|Comedy,Candleshoe,Adventure Children Comedy,4.0,1.0
2038,"Cat from Outer Space, The (1978)",Children|Comedy|Sci-Fi,"Cat from Outer Space, The",Children Comedy Sci-Fi,2.3333333333333335,3.0
2040,"Computer Wore Tennis Shoes, The (1969)",Children|Comedy,"Computer Wore Tennis Shoes, The",Children Comedy,2.857142857142857,7.0
2041,Condorman (1981),Action|Adventure|Children|Comedy,Condorman,Action Adventure Children Comedy,3.3333333333333335,3.0
2042,D2: The Mighty Ducks (1994),Children|Comedy,D2: The Mighty Ducks,Children Comedy,2.5833333333333335,6.0
2043,Darby O'Gill and the Little People (1959),Adventure|Children|Fantasy,Darby O'Gill and the Little People,Adventure Children Fantasy,2.75,4.0
2044,"Devil and Max Devlin, The (1981)",Comedy|Fantasy,"Devil and Max Devlin, The",Comedy Fantasy,2.5,2.0
2046,Flight of the Navigator (1986),Adventure|Children|Sci-Fi,Flight of the Navigator,Adventure Children Sci-Fi,3.2083333333333335,24.0
2048,"Great Mouse Detective, The (1986)",Action|Animation|Children|Crime,"Great Mouse Detective, The",Action Animation Children Crime,3.5625,8.0
2050,Herbie Goes Bananas (1980),Adventure|Children|Comedy,Herbie Goes Bananas,Adventure Children Comedy,2.875,4.0
2051,Herbie Goes to Monte Carlo (1977),Adventure|Children|Comedy,Herbie Goes to Monte Carlo,Adventure Children Comedy,2.3333333333333335,3.0
2052,Hocus Pocus (1993),Children|Comedy|Fantasy|Horror,Hocus Pocus,Children Comedy Fantasy Horror,2.760869565217391,23.0
2053,"Honey, I Blew Up the Kid (1992)",Children|Comedy|Sci-Fi,"Honey, I Blew Up the Kid",Children Comedy Sci-Fi,2.05,20.0
2054,"Honey, I Shrunk the Kids (1989)",Adventure|Children|Comedy|Fantasy|Sci-Fi,"Honey, I Shrunk the Kids",Adventure Children Comedy Fantasy Sci-Fi,2.7573529411764706,68.0
2055,Hot Lead and Cold Feet (1978),Action|Comedy|Western,Hot Lead and Cold Feet,Action Comedy Western,3.0,1.0
2056,In Search of the Castaways (1962),Adventure|Children,In Search of the Castaways,Adventure Children,3.0,1.0
2057,"Incredible Journey, The (1963)",Adventure|Children,"Incredible Journey, The",Adventure Children,3.375,4.0
2058,"Negotiator, The (1998)",Action|Crime|Drama|Mystery|Thriller,"Negotiator, The",Action Crime Drama Mystery Thriller,3.35,30.0
2059,"Parent Trap, The (1998)",Children|Comedy|Romance,"Parent Trap, The",Children Comedy Romance,3.0,15.0
2060,BASEketball (1998),Comedy,BASEketball,Comedy,3.0714285714285716,14.0
2064,Roger & Me (1989),Documentary,Roger & Me,Documentary,3.838709677419355,31.0
2065,"Purple Rose of Cairo, The (1985)",Comedy|Drama|Fantasy|Romance,"Purple Rose of Cairo, The",Comedy Drama Fantasy Romance,3.730769230769231,13.0
2066,Out of the Past (1947),Film-Noir,Out of the Past,Film-Noir,4.125,4.0
2067,Doctor Zhivago (1965),Drama|Romance|War,Doctor Zhivago,Drama Romance War,4.142857142857143,21.0
2068,Fanny and Alexander (Fanny och Alexander) (1982),Drama|Fantasy|Mystery,Fanny and Alexander (Fanny och Alexander),Drama Fantasy Mystery,2.75,2.0
2069,"Trip to Bountiful, The (1985)",Drama,"Trip to Bountiful, The",Drama,4.25,2.0
2070,Tender Mercies (1983),Drama|Romance|Western,Tender Mercies,Drama Romance Western,3.4,5.0
2071,And the Band Played On (1993),Drama,And the Band Played On,Drama,3.25,2.0
2072,"'burbs, The (1989)",Comedy,"'burbs, The",Comedy,3.176470588235294,17.0
2073,Fandango (1985),Comedy,Fandango,Comedy,3.6,5.0
2074,"Night Porter, The (Portiere di notte, Il) (1974)",Crime|Drama|Romance,"Night Porter, The (Portiere di notte, Il)",Crime Drama Romance,3.6666666666666665,3.0
2075,Mephisto (1981),Drama|War,Mephisto,Drama War,5.0,1.0
2076,Blue Velvet (1986),Drama|Mystery|Thriller,Blue Velvet,Drama Mystery Thriller,3.9456521739130435,46.0
2077,"Journey of Natty Gann, The (1985)",Adventure|Children,"Journey of Natty Gann, The",Adventure Children,3.4,5.0
2078,"Jungle Book, The (1967)",Animation|Children|Comedy|Musical,"Jungle Book, The",Animation Children Comedy Musical,3.830188679245283,53.0
2080,Lady and the Tramp (1955),Animation|Children|Comedy|Romance,Lady and the Tramp,Animation Children Comedy Romance,3.4,55.0
2081,"Little Mermaid, The (1989)",Animation|Children|Comedy|Musical|Romance,"Little Mermaid, The",Animation Children Comedy Musical Romance,3.425373134328358,67.0
2082,"Mighty Ducks, The (1992)",Children|Comedy,"Mighty Ducks, The",Children Comedy,2.6538461538461537,26.0
2083,"Muppet Christmas Carol, The (1992)",Children|Comedy|Musical,"Muppet Christmas Carol, The",Children Comedy Musical,3.736842105263158,19.0
2084,Newsies (1992),Children|Musical,Newsies,Children Musical,2.7,5.0
2085,101 Dalmatians (One Hundred and One Dalmatians) (1961),Adventure|Animation|Children,101 Dalmatians (One Hundred and One Dalmatians),Adventure Animation Children,3.4318181818181817,44.0
2087,Peter Pan (1953),Animation|Children|Fantasy|Musical,Peter Pan,Animation Children Fantasy Musical,3.573170731707317,41.0
2088,Popeye (1980),Adventure|Comedy|Musical,Popeye,Adventure Comedy Musical,2.5,18.0
2089,"Rescuers Down Under, The (1990)",Adventure|Animation|Children,"Rescuers Down Under, The",Adventure Animation Children,3.5,10.0
2090,"Rescuers, The (1977)",Adventure|Animation|Children|Crime|Drama,"Rescuers, The",Adventure Animation Children Crime Drama,3.1923076923076925,13.0
2091,Return from Witch Mountain (1978),Children|Sci-Fi,Return from Witch Mountain,Children Sci-Fi,2.25,4.0
2092,"Return of Jafar, The (1994)",Adventure|Animation|Children|Fantasy|Musical|Romance,"Return of Jafar, The",Adventure Animation Children Fantasy Musical Romance,2.4166666666666665,6.0
2093,Return to Oz (1985),Adventure|Children|Fantasy,Return to Oz,Adventure Children Fantasy,3.0,6.0
2094,"Rocketeer, The (1991)",Action|Adventure|Sci-Fi,"Rocketeer, The",Action Adventure Sci-Fi,3.2564102564102564,39.0
2095,"Shaggy D.A., The (1976)",Children|Comedy,"Shaggy D.A., The",Children Comedy,2.8333333333333335,3.0
2096,Sleeping Beauty (1959),Animation|Children|Musical,Sleeping Beauty,Animation Children Musical,3.409090909090909,22.0
2097,Something Wicked This Way Comes (1983),Children|Drama|Fantasy|Mystery|Thriller,Something Wicked This Way Comes,Children Drama Fantasy Mystery Thriller,2.9,10.0
2098,Son of Flubber (1963),Children|Comedy,Son of Flubber,Children Comedy,2.5,2.0
2099,Song of the South (1946),Adventure|Animation|Children|Musical,Song of the South,Adventure Animation Children Musical,3.4166666666666665,6.0
2100,Splash (1984),Comedy|Fantasy|Romance,Splash,Comedy Fantasy Romance,3.1176470588235294,51.0
2102,Steamboat Willie (1928),Animation|Children|Comedy|Musical,Steamboat Willie,Animation Children Comedy Musical,2.3333333333333335,3.0
2103,Tall Tale (1995),Adventure|Children|Fantasy|Western,Tall Tale,Adventure Children Fantasy Western,2.5,3.0
2104,Tex (1982),Drama,Tex,Drama,4.0,1.0
2105,Tron (1982),Action|Adventure|Sci-Fi,Tron,Action Adventure Sci-Fi,3.34,50.0
2106,Swing Kids (1993),Drama|War,Swing Kids,Drama War,3.7,5.0
2107,Halloween H20: 20 Years Later (Halloween 7: The Revenge of Laurie Strode) (1998),Horror|Thriller,Halloween H20: 20 Years Later (Halloween 7: The Revenge of Laurie Strode),Horror Thriller,3.0,3.0
2108,L.A. Story (1991),Comedy|Romance,L.A. Story,Comedy Romance,3.4791666666666665,24.0
2109,"Jerk, The (1979)",Comedy,"Jerk, The",Comedy,3.3703703703703702,27.0
2110,Dead Men Don't Wear Plaid (1982),Comedy|Crime|Thriller,Dead Men Don't Wear Plaid,Comedy Crime Thriller,3.3055555555555554,18.0
2111,"Man with Two Brains, The (1983)",Comedy,"Man with Two Brains, The",Comedy,3.25,10.0
2112,Grand Canyon (1991),Crime|Drama,Grand Canyon,Crime Drama,3.1875,8.0
2114,"Outsiders, The (1983)",Drama,"Outsiders, The",Drama,3.71875,16.0
2115,Indiana Jones and the Temple of Doom (1984),Action|Adventure|Fantasy,Indiana Jones and the Temple of Doom,Action Adventure Fantasy,3.638888888888889,108.0
2116,"Lord of the Rings, The (1978)",Adventure|Animation|Children|Fantasy,"Lord of the Rings, The",Adventure Animation Children Fantasy,3.1333333333333333,15.0
2117,1984 (Nineteen Eighty-Four) (1984),Drama|Sci-Fi,1984 (Nineteen Eighty-Four),Drama Sci-Fi,3.7142857142857144,14.0
2118,"Dead Zone, The (1983)",Thriller,"Dead Zone, The",Thriller,3.7333333333333334,15.0
2119,Maximum Overdrive (1986),Horror,Maximum Overdrive,Horror,1.3333333333333333,3.0
2120,Needful Things (1993),Drama|Horror,Needful Things,Drama Horror,2.0,4.0
2121,Cujo (1983),Horror|Thriller,Cujo,Horror Thriller,2.2142857142857144,7.0
2122,Children of the Corn (1984),Horror|Thriller,Children of the Corn,Horror Thriller,2.4545454545454546,11.0
2123,All Dogs Go to Heaven (1989),Animation|Children|Comedy|Drama|Fantasy,All Dogs Go to Heaven,Animation Children Comedy Drama Fantasy,2.7,15.0
2124,"Addams Family, The (1991)",Children|Comedy|Fantasy,"Addams Family, The",Children Comedy Fantasy,3.289473684210526,38.0
2125,Ever After: A Cinderella Story (1998),Comedy|Drama|Romance,Ever After: A Cinderella Story,Comedy Drama Romance,3.619047619047619,21.0
2126,Snake Eyes (1998),Action|Crime|Mystery|Thriller,Snake Eyes,Action Crime Mystery Thriller,2.7666666666666666,15.0
2130,Atlantic City (1980),Crime|Drama|Romance,Atlantic City,Crime Drama Romance,3.6875,8.0
2131,Autumn Sonata (Höstsonaten) (1978),Drama,Autumn Sonata (Höstsonaten),Drama,4.625,4.0
2132,Who's Afraid of Virginia Woolf? (1966),Drama,Who's Afraid of Virginia Woolf?,Drama,4.142857142857143,7.0
2133,Adventures in Babysitting (1987),Adventure|Comedy,Adventures in Babysitting,Adventure Comedy,3.325,20.0
2134,Weird Science (1985),Comedy|Fantasy|Sci-Fi,Weird Science,Comedy Fantasy Sci-Fi,3.1136363636363638,22.0
2135,Doctor Dolittle (1967),Adventure|Children|Musical,Doctor Dolittle,Adventure Children Musical,3.772727272727273,11.0
2136,"Nutty Professor, The (1963)",Comedy|Sci-Fi,"Nutty Professor, The",Comedy Sci-Fi,2.4642857142857144,14.0
2137,Charlotte's Web (1973),Animation|Children,Charlotte's Web,Animation Children,3.5476190476190474,21.0
2138,Watership Down (1978),Adventure|Animation|Children|Drama|Fantasy,Watership Down,Adventure Animation Children Drama Fantasy,4.05,10.0
2139,"Secret of NIMH, The (1982)",Adventure|Animation|Children|Drama,"Secret of NIMH, The",Adventure Animation Children Drama,3.4761904761904763,21.0
2140,"Dark Crystal, The (1982)",Adventure|Fantasy,"Dark Crystal, The",Adventure Fantasy,3.5441176470588234,34.0
2141,"American Tail, An (1986)",Adventure|Animation|Children|Comedy,"American Tail, An",Adventure Animation Children Comedy,3.1666666666666665,18.0
2142,"American Tail: Fievel Goes West, An (1991)",Adventure|Animation|Children|Musical|Western,"American Tail: Fievel Goes West, An",Adventure Animation Children Musical Western,2.7,10.0
2143,Legend (1985),Adventure|Fantasy|Romance,Legend,Adventure Fantasy Romance,3.076923076923077,13.0
2144,Sixteen Candles (1984),Comedy|Romance,Sixteen Candles,Comedy Romance,3.6020408163265305,49.0
2145,Pretty in Pink (1986),Comedy|Drama|Romance,Pretty in Pink,Comedy Drama Romance,3.242424242424242,33.0
2146,St. Elmo's Fire (1985),Drama|Romance,St. Elmo's Fire,Drama Romance,3.21875,16.0
2147,"Clan of the Cave Bear, The (1986)",Adventure|Drama|Fantasy,"Clan of the Cave Bear, The",Adventure Drama Fantasy,2.6666666666666665,3.0
2148,House (1986),Comedy|Fantasy|Horror,House,Comedy Fantasy Horror,3.0555555555555554,9.0
2149,House II: The Second Story (1987),Comedy|Fantasy|Horror,House II: The Second Story,Comedy Fantasy Horror,1.75,4.0
2150,"Gods Must Be Crazy, The (1980)",Adventure|Comedy,"Gods Must Be Crazy, The",Adventure Comedy,3.892857142857143,28.0
2151,"Gods Must Be Crazy II, The (1989)",Comedy,"Gods Must Be Crazy II, The",Comedy,3.75,6.0
2152,Air Bud: Golden Receiver (1998),Children|Comedy,Air Bud: Golden Receiver,Children Comedy,2.0,3.0
2153,"Avengers, The (1998)",Action|Adventure,"Avengers, The",Action Adventure,2.3181818181818183,11.0
2154,How Stella Got Her Groove Back (1998),Drama|Romance,How Stella Got Her Groove Back,Drama Romance,1.75,2.0
2155,"Slums of Beverly Hills, The (1998)",Comedy|Drama,"Slums of Beverly Hills, The",Comedy Drama,3.625,8.0
2156,"Best Man, The (Testimone dello sposo, Il) (1998)",Comedy|Drama|Romance,"Best Man, The (Testimone dello sposo, Il)",Comedy Drama Romance,4.0,1.0
2159,Henry: Portrait of a Serial Killer (1986),Crime|Horror|Thriller,Henry: Portrait of a Serial Killer,Crime Horror Thriller,3.9285714285714284,7.0
2160,Rosemary's Baby (1968),Drama|Horror|Thriller,Rosemary's Baby,Drama Horror Thriller,4.171875,32.0
2161,"NeverEnding Story, The (1984)",Adventure|Children|Fantasy,"NeverEnding Story, The",Adventure Children Fantasy,3.5813953488372094,43.0
2162,"NeverEnding Story II: The Next Chapter, The (1990)",Adventure|Children|Fantasy,"NeverEnding Story II: The Next Chapter, The",Adventure Children Fantasy,2.5,8.0
2163,Attack of the Killer Tomatoes! (1978),Comedy|Horror,Attack of the Killer Tomatoes!,Comedy Horror,2.2,5.0
2164,Surf Nazis Must Die (1987),Action|Comedy|Drama|Horror,Surf Nazis Must Die,Action Comedy Drama Horror,1.0,1.0
2165,Your Friends and Neighbors (1998),Comedy|Drama,Your Friends and Neighbors,Comedy Drama,3.5,2.0
2166,Return to Paradise (1998),Crime|Drama|Romance|Thriller,Return to Paradise,Crime Drama Romance Thriller,2.5,4.0
2167,Blade (1998),Action|Horror|Thriller,Blade,Action Horror Thriller,3.3620689655172415,58.0
2169,Dead Man on Campus (1998),Comedy,Dead Man on Campus,Comedy,2.2857142857142856,7.0
2170,Wrongfully Accused (1998),Action|Comedy,Wrongfully Accused,Action Comedy,2.4,5.0
2171,Next Stop Wonderland (1998),Comedy|Drama|Romance,Next Stop Wonderland,Comedy Drama Romance,3.3125,8.0
2172,"Strike! (a.k.a. All I Wanna Do, The Hairy Bird) (1998)",Comedy|Drama,"Strike! (a.k.a. All I Wanna Do, The Hairy Bird)",Comedy Drama,3.0,1.0
2174,Beetlejuice (1988),Comedy|Fantasy,Beetlejuice,Comedy Fantasy,3.4725274725274726,91.0
2175,Déjà Vu (1997),Drama|Romance,Déjà Vu,Drama Romance,4.5,1.0
2176,Rope (1948),Crime|Drama|Thriller,Rope,Crime Drama Thriller,3.9,10.0
2177,Family Plot (1976),Comedy|Thriller,Family Plot,Comedy Thriller,3.1666666666666665,3.0
2178,Frenzy (1972),Thriller,Frenzy,Thriller,3.5,2.0
2179,Topaz (1969),Thriller,Topaz,Thriller,3.0,1.0
2180,Torn Curtain (1966),Thriller,Torn Curtain,Thriller,3.5,1.0
2181,Marnie (1964),Drama|Mystery|Romance|Thriller,Marnie,Drama Mystery Romance Thriller,3.625,4.0
2182,"Wrong Man, The (1956)",Drama|Film-Noir|Thriller,"Wrong Man, The",Drama Film-Noir Thriller,2.875,4.0
2183,"Man Who Knew Too Much, The (1956)",Adventure|Drama|Mystery|Thriller,"Man Who Knew Too Much, The",Adventure Drama Mystery Thriller,3.5555555555555554,9.0
2184,"Trouble with Harry, The (1955)",Comedy|Mystery,"Trouble with Harry, The",Comedy Mystery,3.4166666666666665,6.0
2185,I Confess (1953),Thriller,I Confess,Thriller,4.0,2.0
2186,Strangers on a Train (1951),Crime|Drama|Film-Noir|Thriller,Strangers on a Train,Crime Drama Film-Noir Thriller,3.98,25.0
2187,Stage Fright (1950),Mystery|Romance|Thriller,Stage Fright,Mystery Romance Thriller,3.5,2.0
2188,54 (1998),Drama,54,Drama,2.0,5.0
2190,Why Do Fools Fall In Love? (1998),Drama,Why Do Fools Fall In Love?,Drama,2.0,1.0
2193,Willow (1988),Action|Adventure|Fantasy,Willow,Action Adventure Fantasy,3.3375,40.0
2194,"Untouchables, The (1987)",Action|Crime|Drama,"Untouchables, The",Action Crime Drama,3.9384615384615387,65.0
2195,Dirty Work (1998),Comedy,Dirty Work,Comedy,3.2142857142857144,7.0
2196,Knock Off (1998),Action,Knock Off,Action,5.0,1.0
2201,"Paradine Case, The (1947)",Drama,"Paradine Case, The",Drama,3.5,2.0
2202,Lifeboat (1944),Drama|War,Lifeboat,Drama War,4.357142857142857,7.0
2203,Shadow of a Doubt (1943),Crime|Drama|Thriller,Shadow of a Doubt,Crime Drama Thriller,4.142857142857143,7.0
2204,Saboteur (1942),Mystery|Thriller,Saboteur,Mystery Thriller,3.875,4.0
2205,Mr. & Mrs. Smith (1941),Comedy|Romance,Mr. & Mrs. Smith,Comedy Romance,2.875,4.0
2206,Suspicion (1941),Film-Noir|Mystery|Thriller,Suspicion,Film-Noir Mystery Thriller,4.0,5.0
2207,Jamaica Inn (1939),Drama,Jamaica Inn,Drama,3.0,1.0
2208,"Lady Vanishes, The (1938)",Drama|Mystery|Thriller,"Lady Vanishes, The",Drama Mystery Thriller,3.9166666666666665,6.0
2210,Sabotage (1936),Thriller,Sabotage,Thriller,3.25,2.0
2211,Secret Agent (1936),Thriller,Secret Agent,Thriller,3.0,1.0
2212,"Man Who Knew Too Much, The (1934)",Drama|Thriller,"Man Who Knew Too Much, The",Drama Thriller,3.6666666666666665,3.0
2226,"Ring, The (1927)",Drama,"Ring, The",Drama,1.0,1.0
2227,"Lodger: A Story of the London Fog, The (1927)",Crime|Drama|Thriller,"Lodger: A Story of the London Fog, The",Crime Drama Thriller,3.5,3.0
2231,Rounders (1998),Drama,Rounders,Drama,3.861111111111111,36.0
2232,Cube (1997),Horror|Mystery|Sci-Fi|Thriller,Cube,Horror Mystery Sci-Fi Thriller,3.425925925925926,27.0
2236,Simon Birch (1998),Drama,Simon Birch,Drama,3.0,9.0
2239,Swept Away (Travolti da un insolito destino nell'azzurro mare d'Agosto) (1975),Comedy|Drama,Swept Away (Travolti da un insolito destino nell'azzurro mare d'Agosto),Comedy Drama,4.666666666666667,6.0
2240,My Bodyguard (1980),Drama,My Bodyguard,Drama,3.857142857142857,7.0
2241,Class (1983),Comedy,Class,Comedy,3.5,4.0
2243,Broadcast News (1987),Comedy|Drama|Romance,Broadcast News,Comedy Drama Romance,3.4285714285714284,28.0
2244,"Allnighter, The (1987)",Comedy|Romance,"Allnighter, The",Comedy Romance,1.5,2.0
2245,Working Girl (1988),Comedy|Drama|Romance,Working Girl,Comedy Drama Romance,3.2045454545454546,22.0
2247,Married to the Mob (1988),Comedy,Married to the Mob,Comedy,3.0,12.0
2248,Say Anything... (1989),Comedy|Drama|Romance,Say Anything...,Comedy Drama Romance,3.923076923076923,39.0
2249,My Blue Heaven (1990),Comedy,My Blue Heaven,Comedy,3.1818181818181817,11.0
2252,Hero (1992),Comedy|Drama,Hero,Comedy Drama,2.5,5.0
2253,Toys (1992),Comedy|Fantasy,Toys,Comedy Fantasy,2.375,20.0
2255,Young Doctors in Love (1982),Comedy,Young Doctors in Love,Comedy,1.5,2.0
2256,Parasite (1982),Horror|Sci-Fi,Parasite,Horror Sci-Fi,2.5,2.0
2257,No Small Affair (1984),Comedy|Romance,No Small Affair,Comedy Romance,4.0,1.0
2259,Blame It on Rio (1984),Comedy|Romance,Blame It on Rio,Comedy Romance,3.1875,8.0
2260,Wisdom (1986),Crime|Drama,Wisdom,Crime Drama,2.5,2.0
2261,One Crazy Summer (1986),Comedy,One Crazy Summer,Comedy,3.0,6.0
2262,About Last Night... (1986),Comedy|Drama|Romance,About Last Night...,Comedy Drama Romance,3.0,9.0
2263,"Seventh Sign, The (1988)",Drama|Fantasy|Thriller,"Seventh Sign, The",Drama Fantasy Thriller,2.8,5.0
2264,We're No Angels (1989),Comedy|Crime,We're No Angels,Comedy Crime,2.75,4.0
2265,Nothing But Trouble (1991),Adventure|Comedy,Nothing But Trouble,Adventure Comedy,2.375,4.0
2266,"Butcher's Wife, The (1991)",Comedy|Romance,"Butcher's Wife, The",Comedy Romance,3.1,5.0
2267,Mortal Thoughts (1991),Mystery|Thriller,Mortal Thoughts,Mystery Thriller,2.5,2.0
2268,"Few Good Men, A (1992)",Crime|Drama|Thriller,"Few Good Men, A",Crime Drama Thriller,3.789473684210526,57.0
2269,Indecent Proposal (1993),Drama|Romance,Indecent Proposal,Drama Romance,3.0,8.0
2271,Permanent Midnight (1998),Drama,Permanent Midnight,Drama,3.0,2.0
2272,One True Thing (1998),Drama,One True Thing,Drama,2.75,2.0
2273,Rush Hour (1998),Action|Comedy|Crime|Thriller,Rush Hour,Action Comedy Crime Thriller,3.261904761904762,42.0
2275,Six-String Samurai (1998),Action|Adventure|Sci-Fi,Six-String Samurai,Action Adventure Sci-Fi,3.6,5.0
2278,Ronin (1998),Action|Crime|Thriller,Ronin,Action Crime Thriller,3.5232558139534884,43.0
2279,Urban Legend (1998),Horror|Thriller,Urban Legend,Horror Thriller,2.4,10.0
2280,Clay Pigeons (1998),Crime,Clay Pigeons,Crime,3.0,2.0
2281,Monument Ave. (1998),Action|Crime|Drama,Monument Ave.,Action Crime Drama,2.5,1.0
2282,Pecker (1998),Comedy|Drama,Pecker,Comedy Drama,3.4166666666666665,6.0
2283,"Sheltering Sky, The (1990)",Drama,"Sheltering Sky, The",Drama,3.5,2.0
2286,"Fiendish Plot of Dr. Fu Manchu, The (1980)",Comedy,"Fiendish Plot of Dr. Fu Manchu, The",Comedy,2.0,1.0
2287,Them! (1954),Horror|Sci-Fi|Thriller,Them!,Horror Sci-Fi Thriller,3.8,5.0
2288,"Thing, The (1982)",Action|Horror|Sci-Fi|Thriller,"Thing, The",Action Horror Sci-Fi Thriller,3.933333333333333,45.0
2289,"Player, The (1992)",Comedy|Crime|Drama,"Player, The",Comedy Crime Drama,3.9473684210526314,38.0
2290,Stardust Memories (1980),Comedy|Drama,Stardust Memories,Comedy Drama,3.6,5.0
2291,Edward Scissorhands (1990),Drama|Fantasy|Romance,Edward Scissorhands,Drama Fantasy Romance,3.7,80.0
2292,Overnight Delivery (1998),Comedy|Romance,Overnight Delivery,Comedy Romance,2.5,1.0
2294,Antz (1998),Adventure|Animation|Children|Comedy|Fantasy,Antz,Adventure Animation Children Comedy Fantasy,3.2444444444444445,45.0
2295,"Impostors, The (1998)",Comedy,"Impostors, The",Comedy,4.5,2.0
2296,"Night at the Roxbury, A (1998)",Comedy,"Night at the Roxbury, A",Comedy,2.1,10.0
2297,What Dreams May Come (1998),Adventure|Drama|Fantasy|Romance,What Dreams May Come,Adventure Drama Fantasy Romance,3.642857142857143,14.0
2298,Strangeland (1998),Thriller,Strangeland,Thriller,4.0,1.0
2300,"Producers, The (1968)",Comedy,"Producers, The",Comedy,3.9696969696969697,33.0
2301,History of the World: Part I (1981),Comedy|Musical,History of the World: Part I,Comedy Musical,3.625,16.0
2302,My Cousin Vinny (1992),Comedy,My Cousin Vinny,Comedy,3.26271186440678,59.0
2303,Nashville (1975),Drama|Musical,Nashville,Drama Musical,3.6,5.0
2304,Love Is the Devil (1998),Drama,Love Is the Devil,Drama,4.0,1.0
2306,Holy Man (1998),Comedy,Holy Man,Comedy,2.5833333333333335,6.0
2307,One Tough Cop (1998),Action|Crime,One Tough Cop,Action Crime,3.0,1.0
2310,"Mighty, The (1998)",Drama,"Mighty, The",Drama,3.6666666666666665,3.0
2311,2010: The Year We Make Contact (1984),Sci-Fi,2010: The Year We Make Contact,Sci-Fi,3.588235294117647,17.0
2312,Children of a Lesser God (1986),Drama,Children of a Lesser God,Drama,3.8333333333333335,12.0
2313,"Elephant Man, The (1980)",Drama,"Elephant Man, The",Drama,4.029411764705882,17.0
2314,Beloved (1998),Drama,Beloved,Drama,4.5,2.0
2315,Bride of Chucky (Child's Play 4) (1998),Comedy|Horror|Thriller,Bride of Chucky (Child's Play 4),Comedy Horror Thriller,2.1666666666666665,6.0
2316,Practical Magic (1998),Drama|Fantasy|Mystery|Romance,Practical Magic,Drama Fantasy Mystery Romance,3.2142857142857144,7.0
2318,Happiness (1998),Comedy|Drama,Happiness,Comedy Drama,4.125,16.0
2320,Apt Pupil (1998),Drama|Thriller,Apt Pupil,Drama Thriller,3.0,9.0
2321,Pleasantville (1998),Comedy|Drama|Fantasy,Pleasantville,Comedy Drama Fantasy,3.4836065573770494,61.0
2322,Soldier (1998),Action|Sci-Fi|War,Soldier,Action Sci-Fi War,3.0625,8.0
2323,"Cruise, The (1998)",Documentary,"Cruise, The",Documentary,4.25,2.0
2324,Life Is Beautiful (La Vita è bella) (1997),Comedy|Drama|Romance|War,Life Is Beautiful (La Vita è bella),Comedy Drama Romance War,4.1477272727272725,88.0
2325,Orgazmo (1997),Comedy,Orgazmo,Comedy,3.1153846153846154,13.0
2327,Tales from the Darkside: The Movie (1990),Fantasy|Horror|Thriller,Tales from the Darkside: The Movie,Fantasy Horror Thriller,3.6666666666666665,3.0
2328,Vampires (1998),Horror|Western,Vampires,Horror Western,2.4285714285714284,7.0
2329,American History X (1998),Crime|Drama,American History X,Crime Drama,4.217054263565892,129.0
2330,Hands on a Hard Body (1996),Comedy|Documentary,Hands on a Hard Body,Comedy Documentary,4.5,2.0
2331,Living Out Loud (1998),Comedy|Drama|Romance,Living Out Loud,Comedy Drama Romance,3.0,3.0
2332,Belly (1998),Crime|Drama,Belly,Crime Drama,1.25,2.0
2333,Gods and Monsters (1998),Drama,Gods and Monsters,Drama,4.125,4.0
2334,"Siege, The (1998)",Action|Thriller,"Siege, The",Action Thriller,2.8076923076923075,13.0
2335,"Waterboy, The (1998)",Comedy,"Waterboy, The",Comedy,3.1785714285714284,28.0
2336,Elizabeth (1998),Drama,Elizabeth,Drama,3.6739130434782608,23.0
2337,Velvet Goldmine (1998),Drama,Velvet Goldmine,Drama,3.375,4.0
2338,I Still Know What You Did Last Summer (1998),Horror|Mystery|Thriller,I Still Know What You Did Last Summer,Horror Mystery Thriller,2.0555555555555554,18.0
2339,I'll Be Home For Christmas (1998),Comedy|Romance,I'll Be Home For Christmas,Comedy Romance,1.5,1.0
2340,Meet Joe Black (1998),Romance,Meet Joe Black,Romance,3.05,20.0
2342,Hard Core Logo (1996),Comedy|Drama,Hard Core Logo,Comedy Drama,4.0,2.0
2344,Runaway Train (1985),Action|Adventure|Drama|Thriller,Runaway Train,Action Adventure Drama Thriller,3.25,8.0
2346,"Stepford Wives, The (1975)",Mystery|Sci-Fi|Thriller,"Stepford Wives, The",Mystery Sci-Fi Thriller,3.1818181818181817,11.0
2347,"Pope of Greenwich Village, The (1984)",Drama,"Pope of Greenwich Village, The",Drama,2.3333333333333335,3.0
2348,Sid and Nancy (1986),Drama,Sid and Nancy,Drama,3.4375,8.0
2349,Mona Lisa (1986),Comedy|Thriller,Mona Lisa,Comedy Thriller,3.5,7.0
2350,Heart Condition (1990),Comedy,Heart Condition,Comedy,3.5,2.0
2351,"Nights of Cabiria (Notti di Cabiria, Le) (1957)",Drama,"Nights of Cabiria (Notti di Cabiria, Le)",Drama,4.285714285714286,7.0
2352,"Big Chill, The (1983)",Comedy|Drama,"Big Chill, The",Comedy Drama,3.84,25.0
2353,Enemy of the State (1998),Action|Thriller,Enemy of the State,Action Thriller,3.4925373134328357,67.0
2354,"Rugrats Movie, The (1998)",Animation|Children|Comedy,"Rugrats Movie, The",Animation Children Comedy,2.5,7.0
2355,"Bug's Life, A (1998)",Adventure|Animation|Children|Comedy,"Bug's Life, A",Adventure Animation Children Comedy,3.516304347826087,92.0
2356,Celebrity (1998),Comedy,Celebrity,Comedy,2.6,5.0
2357,Central Station (Central do Brasil) (1998),Drama,Central Station (Central do Brasil),Drama,4.416666666666667,6.0
2358,Savior (1998),Drama|War,Savior,Drama War,4.0,1.0
2359,Waking Ned Devine (a.k.a. Waking Ned) (1998),Comedy,Waking Ned Devine (a.k.a. Waking Ned),Comedy,3.673076923076923,26.0
2360,"Celebration, The (Festen) (1998)",Drama,"Celebration, The (Festen)",Drama,4.458333333333333,12.0
2361,Pink Flamingos (1972),Comedy,Pink Flamingos,Comedy,2.75,10.0
2362,Glen or Glenda (1953),Drama,Glen or Glenda,Drama,4.0,1.0
2363,Godzilla (Gojira) (1954),Drama|Horror|Sci-Fi,Godzilla (Gojira),Drama Horror Sci-Fi,2.1666666666666665,3.0
2364,"Godzilla 1985: The Legend Is Reborn (Gojira) (Godzilla) (Return of Godzilla, The) (1984)",Action|Horror|Sci-Fi|Thriller,"Godzilla 1985: The Legend Is Reborn (Gojira) (Godzilla) (Return of Godzilla, The)",Action Horror Sci-Fi Thriller,1.5,2.0
2365,King Kong vs. Godzilla (Kingukongu tai Gojira) (1962),Action|Sci-Fi,King Kong vs. Godzilla (Kingukongu tai Gojira),Action Sci-Fi,2.5,2.0
2366,King Kong (1933),Action|Adventure|Fantasy|Horror,King Kong,Action Adventure Fantasy Horror,3.64,25.0
2367,King Kong (1976),Adventure|Fantasy|Romance|Sci-Fi|Thriller,King Kong,Adventure Fantasy Romance Sci-Fi Thriller,2.7142857142857144,14.0
2368,King Kong Lives (1986),Adventure|Sci-Fi,King Kong Lives,Adventure Sci-Fi,2.0,1.0
2369,Desperately Seeking Susan (1985),Comedy|Drama|Romance,Desperately Seeking Susan,Comedy Drama Romance,2.6666666666666665,24.0
2370,"Emerald Forest, The (1985)",Action|Adventure|Drama,"Emerald Forest, The",Action Adventure Drama,3.0,1.0
2371,Fletch (1985),Comedy|Crime|Mystery,Fletch,Comedy Crime Mystery,3.0833333333333335,24.0
2372,Fletch Lives (1989),Comedy,Fletch Lives,Comedy,2.2222222222222223,9.0
2373,Red Sonja (1985),Action|Adventure|Fantasy,Red Sonja,Action Adventure Fantasy,2.2777777777777777,9.0
2374,Gung Ho (1986),Comedy|Drama,Gung Ho,Comedy Drama,3.1666666666666665,9.0
2375,"Money Pit, The (1986)",Comedy,"Money Pit, The",Comedy,2.9285714285714284,21.0
2376,"View to a Kill, A (1985)",Action|Adventure|Thriller,"View to a Kill, A",Action Adventure Thriller,3.2142857142857144,21.0
2377,Lifeforce (1985),Horror|Sci-Fi,Lifeforce,Horror Sci-Fi,2.5,5.0
2378,Police Academy (1984),Comedy|Crime,Police Academy,Comedy Crime,3.022727272727273,22.0
2379,Police Academy 2: Their First Assignment (1985),Comedy|Crime,Police Academy 2: Their First Assignment,Comedy Crime,2.4583333333333335,12.0
2380,Police Academy 3: Back in Training (1986),Comedy|Crime,Police Academy 3: Back in Training,Comedy Crime,2.3,10.0
2381,Police Academy 4: Citizens on Patrol (1987),Comedy|Crime,Police Academy 4: Citizens on Patrol,Comedy Crime,2.142857142857143,7.0
2382,Police Academy 5: Assignment: Miami Beach (1988),Comedy|Crime,Police Academy 5: Assignment: Miami Beach,Comedy Crime,2.5,5.0
2383,Police Academy 6: City Under Siege (1989),Comedy|Crime,Police Academy 6: City Under Siege,Comedy Crime,1.5,4.0
2384,Babe: Pig in the City (1998),Adventure|Children|Drama,Babe: Pig in the City,Adventure Children Drama,2.7758620689655173,29.0
2385,Home Fries (1998),Comedy|Romance,Home Fries,Comedy Romance,2.3333333333333335,3.0
2387,Very Bad Things (1998),Comedy|Crime,Very Bad Things,Comedy Crime,3.4375,16.0
2388,Steam: The Turkish Bath (Hamam) (1997),Drama|Romance,Steam: The Turkish Bath (Hamam),Drama Romance,4.0,1.0
2389,Psycho (1998),Crime|Horror|Thriller,Psycho,Crime Horror Thriller,1.8888888888888888,9.0
2390,Little Voice (1998),Comedy,Little Voice,Comedy,3.9285714285714284,7.0
2391,"Simple Plan, A (1998)",Crime|Drama|Thriller,"Simple Plan, A",Crime Drama Thriller,3.7954545454545454,22.0
2392,Jack Frost (1998),Children|Comedy|Drama,Jack Frost,Children Comedy Drama,1.9375,8.0
2393,Star Trek: Insurrection (1998),Action|Drama|Romance|Sci-Fi,Star Trek: Insurrection,Action Drama Romance Sci-Fi,3.1515151515151514,33.0
2394,"Prince of Egypt, The (1998)",Animation|Musical,"Prince of Egypt, The",Animation Musical,3.5,25.0
2395,Rushmore (1998),Comedy|Drama,Rushmore,Comedy Drama,3.544642857142857,56.0
2396,Shakespeare in Love (1998),Comedy|Drama|Romance,Shakespeare in Love,Comedy Drama Romance,3.777173913043478,92.0
2398,Miracle on 34th Street (1947),Comedy|Drama,Miracle on 34th Street,Comedy Drama,4.0588235294117645,17.0
2399,Santa Claus: The Movie (1985),Adventure|Children|Fantasy,Santa Claus: The Movie,Adventure Children Fantasy,2.25,4.0
2400,Prancer (1989),Children|Drama|Fantasy,Prancer,Children Drama Fantasy,3.0,2.0
2401,Pale Rider (1985),Western,Pale Rider,Western,3.8125,8.0
2402,Rambo: First Blood Part II (1985),Action|Adventure|Thriller,Rambo: First Blood Part II,Action Adventure Thriller,2.6578947368421053,19.0
2403,First Blood (Rambo: First Blood) (1982),Action|Adventure|Drama|Thriller,First Blood (Rambo: First Blood),Action Adventure Drama Thriller,3.55,30.0
2404,Rambo III (1988),Action|Adventure|Thriller|War,Rambo III,Action Adventure Thriller War,1.9166666666666667,12.0
2405,"Jewel of the Nile, The (1985)",Action|Adventure|Comedy|Romance,"Jewel of the Nile, The",Action Adventure Comedy Romance,2.8095238095238093,21.0
2406,Romancing the Stone (1984),Action|Adventure|Comedy|Romance,Romancing the Stone,Action Adventure Comedy Romance,3.4537037037037037,54.0
2407,Cocoon (1985),Comedy|Sci-Fi,Cocoon,Comedy Sci-Fi,3.2674418604651163,43.0
2408,Cocoon: The Return (1988),Comedy|Sci-Fi,Cocoon: The Return,Comedy Sci-Fi,2.3333333333333335,9.0
2409,Rocky II (1979),Action|Drama,Rocky II,Action Drama,3.1923076923076925,26.0
2410,Rocky III (1982),Action|Drama,Rocky III,Action Drama,2.7291666666666665,24.0
2411,Rocky IV (1985),Action|Drama,Rocky IV,Action Drama,2.706896551724138,29.0
2412,Rocky V (1990),Action|Drama,Rocky V,Action Drama,1.9411764705882353,17.0
2413,Clue (1985),Comedy|Crime|Mystery|Thriller,Clue,Comedy Crime Mystery Thriller,3.388888888888889,18.0
2414,Young Sherlock Holmes (1985),Action|Adventure|Children|Fantasy|Mystery|Thriller,Young Sherlock Holmes,Action Adventure Children Fantasy Mystery Thriller,3.3636363636363638,11.0
2415,Violets Are Blue... (1986),Drama|Romance,Violets Are Blue...,Drama Romance,3.0,1.0
2416,Back to School (1986),Comedy,Back to School,Comedy,2.90625,16.0
2417,Heartburn (1986),Comedy|Drama,Heartburn,Comedy Drama,1.0,1.0
2418,Nothing in Common (1986),Comedy,Nothing in Common,Comedy,2.75,6.0
2419,Extremities (1986),Drama|Thriller,Extremities,Drama Thriller,3.75,2.0
2420,"Karate Kid, The (1984)",Drama,"Karate Kid, The",Drama,3.5657894736842106,38.0
2421,"Karate Kid, Part II, The (1986)",Action|Adventure|Drama,"Karate Kid, Part II, The",Action Adventure Drama,2.7758620689655173,29.0
2422,"Karate Kid, Part III, The (1989)",Action|Adventure|Children|Drama,"Karate Kid, Part III, The",Action Adventure Children Drama,1.75,14.0
2423,Christmas Vacation (National Lampoon's Christmas Vacation) (1989),Comedy,Christmas Vacation (National Lampoon's Christmas Vacation),Comedy,3.566666666666667,30.0
2424,You've Got Mail (1998),Comedy|Romance,You've Got Mail,Comedy Romance,3.12,50.0
2425,"General, The (1998)",Crime,"General, The",Crime,4.0,2.0
2427,"Thin Red Line, The (1998)",Action|Drama|War,"Thin Red Line, The",Action Drama War,3.3,35.0
2428,"Faculty, The (1998)",Horror|Sci-Fi,"Faculty, The",Horror Sci-Fi,2.4782608695652173,23.0
2429,Mighty Joe Young (1998),Action|Adventure|Drama|Fantasy|Thriller,Mighty Joe Young,Action Adventure Drama Fantasy Thriller,2.8,5.0
2430,Mighty Joe Young (1949),Adventure|Children|Drama,Mighty Joe Young,Adventure Children Drama,2.8333333333333335,6.0
2431,Patch Adams (1998),Comedy|Drama,Patch Adams,Comedy Drama,3.3703703703703702,27.0
2432,Stepmom (1998),Drama,Stepmom,Drama,3.0833333333333335,6.0
2433,"Civil Action, A (1998)",Drama,"Civil Action, A",Drama,3.0454545454545454,11.0
2435,Hurlyburly (1998),Drama,Hurlyburly,Drama,4.0,1.0
2436,Tea with Mussolini (1999),Comedy|Drama|War,Tea with Mussolini,Comedy Drama War,4.25,6.0
2439,Affliction (1997),Drama,Affliction,Drama,3.1666666666666665,3.0
2442,Hilary and Jackie (1998),Drama,Hilary and Jackie,Drama,3.8333333333333335,3.0
2443,Playing by Heart (1998),Drama|Romance,Playing by Heart,Drama Romance,3.375,8.0
2445,At First Sight (1999),Drama,At First Sight,Drama,2.6875,8.0
2446,In Dreams (1999),Horror|Thriller,In Dreams,Horror Thriller,2.0,2.0
2447,Varsity Blues (1999),Comedy|Drama,Varsity Blues,Comedy Drama,3.2666666666666666,15.0
2448,Virus (1999),Horror|Sci-Fi,Virus,Horror Sci-Fi,2.6666666666666665,3.0
2450,Howard the Duck (1986),Adventure|Comedy|Sci-Fi,Howard the Duck,Adventure Comedy Sci-Fi,2.15625,16.0
2451,"Gate, The (1987)",Horror,"Gate, The",Horror,3.0,1.0
2453,"Boy Who Could Fly, The (1986)",Drama|Fantasy,"Boy Who Could Fly, The",Drama Fantasy,2.1666666666666665,3.0
2454,"Fly, The (1958)",Horror|Mystery|Sci-Fi,"Fly, The",Horror Mystery Sci-Fi,3.3846153846153846,13.0
2455,"Fly, The (1986)",Drama|Horror|Sci-Fi|Thriller,"Fly, The",Drama Horror Sci-Fi Thriller,3.383720930232558,43.0
2456,"Fly II, The (1989)",Horror|Sci-Fi,"Fly II, The",Horror Sci-Fi,2.2777777777777777,9.0
2457,Running Scared (1986),Action|Comedy,Running Scared,Action Comedy,3.5625,8.0
2458,Armed and Dangerous (1986),Comedy|Crime,Armed and Dangerous,Comedy Crime,2.75,8.0
2459,"Texas Chainsaw Massacre, The (1974)",Horror,"Texas Chainsaw Massacre, The",Horror,3.269230769230769,13.0
2460,"Texas Chainsaw Massacre 2, The (1986)",Horror,"Texas Chainsaw Massacre 2, The",Horror,2.0,3.0
2462,Texas Chainsaw Massacre: The Next Generation (a.k.a. The Return of the Texas Chainsaw Massacre) (1994),Horror,Texas Chainsaw Massacre: The Next Generation (a.k.a. The Return of the Texas Chainsaw Massacre),Horror,3.0,1.0
2463,Ruthless People (1986),Comedy,Ruthless People,Comedy,3.3214285714285716,14.0
2465,Deadly Friend (1986),Horror,Deadly Friend,Horror,1.5,3.0
2467,"Name of the Rose, The (Name der Rose, Der) (1986)",Crime|Drama|Mystery|Thriller,"Name of the Rose, The (Name der Rose, Der)",Crime Drama Mystery Thriller,3.75,18.0
2468,Jumpin' Jack Flash (1986),Action|Comedy|Romance|Thriller,Jumpin' Jack Flash,Action Comedy Romance Thriller,2.5,15.0
2469,Peggy Sue Got Married (1986),Comedy|Drama,Peggy Sue Got Married,Comedy Drama,3.2142857142857144,7.0
2470,Crocodile Dundee (1986),Adventure|Comedy,Crocodile Dundee,Adventure Comedy,3.175438596491228,57.0
2471,Crocodile Dundee II (1988),Action|Adventure|Comedy,Crocodile Dundee II,Action Adventure Comedy,2.4791666666666665,24.0
2472,Tough Guys (1986),Comedy,Tough Guys,Comedy,3.0,3.0
2473,Soul Man (1986),Comedy,Soul Man,Comedy,2.5625,8.0
2474,"Color of Money, The (1986)",Drama,"Color of Money, The",Drama,3.5,13.0
2475,52 Pick-Up (1986),Action|Mystery|Thriller,52 Pick-Up,Action Mystery Thriller,3.6666666666666665,3.0
2476,Heartbreak Ridge (1986),Action|War,Heartbreak Ridge,Action War,3.75,12.0
2477,Firewalker (1986),Adventure,Firewalker,Adventure,3.3333333333333335,3.0
2478,¡Three Amigos! (1986),Comedy|Western,¡Three Amigos!,Comedy Western,3.1346153846153846,26.0
2481,My Name Is Joe (1998),Drama|Romance,My Name Is Joe,Drama Romance,4.0,1.0
2482,Still Crazy (1998),Comedy|Romance,Still Crazy,Comedy Romance,3.0,2.0
2483,"Day of the Beast, The (Día de la Bestia, El) (1995)",Adventure|Comedy|Thriller,"Day of the Beast, The (Día de la Bestia, El)",Adventure Comedy Thriller,3.5,1.0
2485,She's All That (1999),Comedy|Romance,She's All That,Comedy Romance,2.8448275862068964,29.0
2488,Peeping Tom (1960),Drama|Horror|Thriller,Peeping Tom,Drama Horror Thriller,3.0,3.0
2490,Payback (1999),Action|Thriller,Payback,Action Thriller,3.422222222222222,45.0
2491,Simply Irresistible (1999),Comedy|Romance,Simply Irresistible,Comedy Romance,3.6,5.0
2492,20 Dates (1998),Comedy|Romance,20 Dates,Comedy Romance,3.0,7.0
2493,"Harmonists, The (1997)",Drama,"Harmonists, The",Drama,4.0,1.0
2494,"Last Days, The (1998)",Documentary,"Last Days, The",Documentary,4.0,2.0
2495,"Fantastic Planet, The (Planète sauvage, La) (1973)",Animation|Sci-Fi,"Fantastic Planet, The (Planète sauvage, La)",Animation Sci-Fi,4.0,3.0
2496,Blast from the Past (1999),Comedy|Romance,Blast from the Past,Comedy Romance,3.108695652173913,23.0
2497,Message in a Bottle (1999),Romance,Message in a Bottle,Romance,2.9166666666666665,6.0
2498,My Favorite Martian (1999),Comedy|Sci-Fi,My Favorite Martian,Comedy Sci-Fi,2.1,5.0
2500,Jawbreaker (1999),Comedy,Jawbreaker,Comedy,2.0,7.0
2501,October Sky (1999),Drama,October Sky,Drama,3.75,30.0
2502,Office Space (1999),Comedy|Crime,Office Space,Comedy Crime,4.090425531914893,94.0
2503,"Apple, The (Sib) (1998)",Drama,"Apple, The (Sib)",Drama,4.0,1.0
2504,200 Cigarettes (1999),Comedy|Drama,200 Cigarettes,Comedy Drama,3.1666666666666665,6.0
2505,8MM (1999),Drama|Mystery|Thriller,8MM,Drama Mystery Thriller,2.9444444444444446,18.0
2506,"Other Sister, The (1999)",Comedy|Drama|Romance,"Other Sister, The",Comedy Drama Romance,3.3333333333333335,6.0
2511,"Long Goodbye, The (1973)",Crime|Film-Noir,"Long Goodbye, The",Crime Film-Noir,4.666666666666667,3.0
2512,"Ballad of Narayama, The (Narayama bushiko) (1983)",Drama,"Ballad of Narayama, The (Narayama bushiko)",Drama,5.0,1.0
2513,Pet Sematary (1989),Horror,Pet Sematary,Horror,2.85,10.0
2514,Pet Sematary II (1992),Comedy|Horror,Pet Sematary II,Comedy Horror,1.8333333333333333,3.0
2515,Children of the Corn II: The Final Sacrifice (1993),Horror,Children of the Corn II: The Final Sacrifice,Horror,1.75,2.0
2516,Children of the Corn III (1994),Horror,Children of the Corn III,Horror,1.0,1.0
2517,Christine (1983),Horror,Christine,Horror,2.95,10.0
2518,Night Shift (1982),Comedy,Night Shift,Comedy,3.05,10.0
2520,Airport (1970),Drama,Airport,Drama,2.1666666666666665,3.0
2521,Airport 1975 (1974),Action|Drama|Thriller,Airport 1975,Action Drama Thriller,3.5,2.0
2522,Airport '77 (1977),Drama,Airport '77,Drama,3.25,4.0
2523,Rollercoaster (1977),Drama|Thriller,Rollercoaster,Drama Thriller,2.5,2.0
2524,"Towering Inferno, The (1974)",Action|Adventure|Drama|Thriller,"Towering Inferno, The",Action Adventure Drama Thriller,3.2222222222222223,9.0
2525,Alligator (1980),Action|Horror|Sci-Fi,Alligator,Action Horror Sci-Fi,2.0,3.0
2526,Meteor (1979),Sci-Fi,Meteor,Sci-Fi,1.8333333333333333,3.0
2527,Westworld (1973),Action|Sci-Fi|Thriller|Western,Westworld,Action Sci-Fi Thriller Western,3.4166666666666665,18.0
2528,Logan's Run (1976),Action|Adventure|Sci-Fi,Logan's Run,Action Adventure Sci-Fi,3.2291666666666665,24.0
2529,Planet of the Apes (1968),Action|Drama|Sci-Fi,Planet of the Apes,Action Drama Sci-Fi,3.8035714285714284,56.0
2530,Beneath the Planet of the Apes (1970),Action|Sci-Fi,Beneath the Planet of the Apes,Action Sci-Fi,2.7777777777777777,18.0
2531,Battle for the Planet of the Apes (1973),Action|Sci-Fi,Battle for the Planet of the Apes,Action Sci-Fi,2.7777777777777777,9.0
2532,Conquest of the Planet of the Apes (1972),Action|Sci-Fi,Conquest of the Planet of the Apes,Action Sci-Fi,2.7916666666666665,12.0
2533,Escape from the Planet of the Apes (1971),Action|Sci-Fi,Escape from the Planet of the Apes,Action Sci-Fi,3.0,15.0
2534,Avalanche (1978),Action,Avalanche,Action,2.5,3.0
2535,Earthquake (1974),Action|Drama|Thriller,Earthquake,Action Drama Thriller,2.6666666666666665,3.0
2537,Beyond the Poseidon Adventure (1979),Adventure,Beyond the Poseidon Adventure,Adventure,2.0,3.0
2538,Dancemaker (1998),Documentary,Dancemaker,Documentary,1.0,1.0
2539,Analyze This (1999),Comedy,Analyze This,Comedy,3.095744680851064,47.0
2540,"Corruptor, The (1999)",Action|Crime|Drama|Thriller,"Corruptor, The",Action Crime Drama Thriller,2.5,3.0
2541,Cruel Intentions (1999),Drama,Cruel Intentions,Drama,3.225,40.0
2542,"Lock, Stock & Two Smoking Barrels (1998)",Comedy|Crime|Thriller,"Lock, Stock & Two Smoking Barrels",Comedy Crime Thriller,4.052238805970149,67.0
2544,"School of Flesh, The (École de la chair, L') (1998)",Drama|Romance,"School of Flesh, The (École de la chair, L')",Drama Romance,3.0,1.0
2546,"Deep End of the Ocean, The (1999)",Drama,"Deep End of the Ocean, The",Drama,3.25,2.0
2548,"Rage: Carrie 2, The (1999)",Horror,"Rage: Carrie 2, The",Horror,1.8333333333333333,6.0
2549,Wing Commander (1999),Action|Sci-Fi,Wing Commander,Action Sci-Fi,2.9166666666666665,6.0
2550,"Haunting, The (1963)",Horror|Thriller,"Haunting, The",Horror Thriller,4.0,7.0
2551,Dead Ringers (1988),Drama|Horror|Thriller,Dead Ringers,Drama Horror Thriller,3.6875,8.0
2552,My Boyfriend's Back (1993),Comedy,My Boyfriend's Back,Comedy,1.5,2.0
2553,Village of the Damned (1960),Horror|Sci-Fi|Thriller,Village of the Damned,Horror Sci-Fi Thriller,3.0833333333333335,6.0
2554,Children of the Damned (1963),Horror|Sci-Fi|Thriller,Children of the Damned,Horror Sci-Fi Thriller,3.1666666666666665,3.0
2555,Baby Geniuses (1999),Comedy,Baby Geniuses,Comedy,1.6666666666666667,3.0
2557,I Stand Alone (Seul contre tous) (1998),Drama|Thriller,I Stand Alone (Seul contre tous),Drama Thriller,4.5,1.0
2558,Forces of Nature (1999),Comedy|Romance,Forces of Nature,Comedy Romance,2.3333333333333335,9.0
2559,"King and I, The (1999)",Animation|Children,"King and I, The",Animation Children,3.0,1.0
2560,Ravenous (1999),Horror|Thriller,Ravenous,Horror Thriller,3.0,8.0
2561,True Crime (1999),Crime|Thriller,True Crime,Crime Thriller,2.75,4.0
2563,Dangerous Beauty (1998),Drama,Dangerous Beauty,Drama,4.166666666666667,3.0
2565,"King and I, The (1956)",Drama|Musical|Romance,"King and I, The",Drama Musical Romance,4.166666666666667,12.0
2566,Doug's 1st Movie (1999),Animation|Children,Doug's 1st Movie,Animation Children,2.0,2.0
2567,EDtv (1999),Comedy,EDtv,Comedy,2.973684210526316,19.0
2568,"Mod Squad, The (1999)",Action|Crime,"Mod Squad, The",Action Crime,3.1875,8.0
2570,"Walk on the Moon, A (1999)",Drama|Romance,"Walk on the Moon, A",Drama Romance,3.2,5.0
2571,"Matrix, The (1999)",Action|Sci-Fi|Thriller,"Matrix, The",Action Sci-Fi Thriller,4.192446043165468,278.0
2572,10 Things I Hate About You (1999),Comedy|Romance,10 Things I Hate About You,Comedy Romance,3.5277777777777777,54.0
2573,Tango (1998),Drama|Musical,Tango,Drama Musical,1.0,1.0
2574,"Out-of-Towners, The (1999)",Comedy,"Out-of-Towners, The",Comedy,2.0,6.0
2575,"Dreamlife of Angels, The (Vie rêvée des anges, La) (1998)",Drama,"Dreamlife of Angels, The (Vie rêvée des anges, La)",Drama,3.75,4.0
2577,Metroland (1997),Comedy|Drama,Metroland,Comedy Drama,3.0,1.0
2579,Following (1998),Crime|Mystery|Thriller,Following,Crime Mystery Thriller,3.8333333333333335,6.0
2580,Go (1999),Comedy|Crime,Go,Comedy Crime,3.9615384615384617,39.0
2581,Never Been Kissed (1999),Comedy|Romance,Never Been Kissed,Comedy Romance,2.9583333333333335,36.0
2582,Twin Dragons (Shuang long hui) (1992),Action|Comedy,Twin Dragons (Shuang long hui),Action Comedy,3.0,3.0
2583,Cookie's Fortune (1999),Comedy|Drama,Cookie's Fortune,Comedy Drama,3.875,12.0
2585,"Lovers of the Arctic Circle, The (Los Amantes del Círculo Polar) (1998)",Drama|Romance,"Lovers of the Arctic Circle, The (Los Amantes del Círculo Polar)",Drama Romance,4.25,2.0
2586,Goodbye Lover (1999),Comedy|Crime|Thriller,Goodbye Lover,Comedy Crime Thriller,1.75,2.0
2587,Life (1999),Comedy|Crime|Drama,Life,Comedy Crime Drama,3.25,4.0
2589,Friends & Lovers (1999),Comedy|Drama|Romance,Friends & Lovers,Comedy Drama Romance,3.5,1.0
2590,Hideous Kinky (1998),Drama,Hideous Kinky,Drama,2.5,1.0
2593,"Monster, The (Mostro, Il) (1994)",Comedy,"Monster, The (Mostro, Il)",Comedy,3.375,4.0
2594,Open Your Eyes (Abre los ojos) (1997),Drama|Romance|Sci-Fi|Thriller,Open Your Eyes (Abre los ojos),Drama Romance Sci-Fi Thriller,3.75,10.0
2596,SLC Punk! (1998),Comedy|Drama,SLC Punk!,Comedy Drama,3.7916666666666665,12.0
2597,Lost & Found (1999),Comedy|Romance,Lost & Found,Comedy Romance,2.75,2.0
2598,Pushing Tin (1999),Comedy,Pushing Tin,Comedy,2.84,25.0
2599,Election (1999),Comedy,Election,Comedy,3.6607142857142856,56.0
2600,eXistenZ (1999),Action|Sci-Fi|Thriller,eXistenZ,Action Sci-Fi Thriller,3.8636363636363638,22.0
2605,Entrapment (1999),Crime|Thriller,Entrapment,Crime Thriller,2.988372093023256,43.0
2606,Idle Hands (1999),Comedy|Horror,Idle Hands,Comedy Horror,2.566666666666667,15.0
2607,Get Real (1998),Drama|Romance,Get Real,Drama Romance,4.0,2.0
2609,"King of Masks, The (Bian Lian) (1996)",Drama,"King of Masks, The (Bian Lian)",Drama,4.0,1.0
2611,"Winslow Boy, The (1999)",Drama,"Winslow Boy, The",Drama,3.0,1.0
2612,Mildred Pierce (1945),Drama|Film-Noir,Mildred Pierce,Drama Film-Noir,4.0,1.0
2613,Night of the Comet (1984),Comedy|Horror|Sci-Fi,Night of the Comet,Comedy Horror Sci-Fi,2.875,8.0
2614,Chopping Mall (a.k.a. Killbots) (1986),Action|Horror|Sci-Fi,Chopping Mall (a.k.a. Killbots),Action Horror Sci-Fi,1.0,2.0
2615,My Science Project (1985),Adventure|Sci-Fi,My Science Project,Adventure Sci-Fi,2.875,4.0
2616,Dick Tracy (1990),Action|Crime,Dick Tracy,Action Crime,2.8846153846153846,26.0
2617,"Mummy, The (1999)",Action|Adventure|Comedy|Fantasy|Horror|Thriller,"Mummy, The",Action Adventure Comedy Fantasy Horror Thriller,3.1206896551724137,87.0
2618,"Castle, The (1997)",Comedy,"Castle, The",Comedy,3.4,5.0
2620,This Is My Father (1998),Drama|Romance,This Is My Father,Drama Romance,3.0,1.0
2622,William Shakespeare's A Midsummer Night's Dream (1999),Comedy|Fantasy,William Shakespeare's A Midsummer Night's Dream,Comedy Fantasy,3.1363636363636362,11.0
2623,Trippin' (1999),Comedy,Trippin',Comedy,1.0,1.0
2624,After Life (Wandafuru raifu) (1998),Drama|Fantasy,After Life (Wandafuru raifu),Drama Fantasy,4.25,2.0
2625,Black Mask (Hak hap) (1996),Action|Adventure|Crime|Sci-Fi|Thriller,Black Mask (Hak hap),Action Adventure Crime Sci-Fi Thriller,2.5,2.0
2628,Star Wars: Episode I - The Phantom Menace (1999),Action|Adventure|Sci-Fi,Star Wars: Episode I - The Phantom Menace,Action Adventure Sci-Fi,3.107142857142857,140.0
2629,"Love Letter, The (1999)",Comedy|Romance,"Love Letter, The",Comedy Romance,2.5,2.0
2630,Besieged (a.k.a. L' Assedio) (1998),Drama,Besieged (a.k.a. L' Assedio),Drama,3.5,2.0
2632,"Saragossa Manuscript, The (Rekopis znaleziony w Saragossie) (1965)",Adventure|Drama|Mystery,"Saragossa Manuscript, The (Rekopis znaleziony w Saragossie)",Adventure Drama Mystery,4.0,1.0
2633,"Mummy, The (1932)",Horror|Romance,"Mummy, The",Horror Romance,3.3333333333333335,3.0
2634,"Mummy, The (1959)",Horror,"Mummy, The",Horror,3.3333333333333335,3.0
2639,Mommie Dearest (1981),Drama,Mommie Dearest,Drama,3.125,4.0
2640,Superman (1978),Action|Adventure|Sci-Fi,Superman,Action Adventure Sci-Fi,3.6065573770491803,61.0
2641,Superman II (1980),Action|Sci-Fi,Superman II,Action Sci-Fi,3.020408163265306,49.0
2642,Superman III (1983),Action|Adventure|Sci-Fi,Superman III,Action Adventure Sci-Fi,2.25,22.0
2643,Superman IV: The Quest for Peace (1987),Action|Adventure|Sci-Fi,Superman IV: The Quest for Peace,Action Adventure Sci-Fi,1.6875,16.0
2644,Dracula (1931),Horror,Dracula,Horror,3.3333333333333335,9.0
2648,Frankenstein (1931),Drama|Horror|Sci-Fi,Frankenstein,Drama Horror Sci-Fi,3.909090909090909,11.0
2651,Frankenstein Meets the Wolf Man (1943),Horror,Frankenstein Meets the Wolf Man,Horror,1.0,1.0
2652,"Curse of Frankenstein, The (1957)",Horror,"Curse of Frankenstein, The",Horror,3.0,1.0
2654,"Wolf Man, The (1941)",Drama|Fantasy|Horror,"Wolf Man, The",Drama Fantasy Horror,3.6,5.0
2655,Howling II: Your Sister Is a Werewolf (1985),Horror,Howling II: Your Sister Is a Werewolf,Horror,2.0,1.0
2656,Tarantula (1955),Horror|Sci-Fi,Tarantula,Horror Sci-Fi,3.0,1.0
2657,"Rocky Horror Picture Show, The (1975)",Comedy|Horror|Musical|Sci-Fi,"Rocky Horror Picture Show, The",Comedy Horror Musical Sci-Fi,3.3412698412698414,63.0
2659,It Came from Hollywood (1982),Comedy|Documentary,It Came from Hollywood,Comedy Documentary,2.0,1.0
2660,"Thing from Another World, The (1951)",Horror|Sci-Fi,"Thing from Another World, The",Horror Sci-Fi,3.5,4.0
2661,It Came from Outer Space (1953),Sci-Fi,It Came from Outer Space,Sci-Fi,3.0,1.0
2662,"War of the Worlds, The (1953)",Action|Drama|Sci-Fi,"War of the Worlds, The",Action Drama Sci-Fi,3.1666666666666665,12.0
2664,Invasion of the Body Snatchers (1956),Horror|Sci-Fi|Thriller,Invasion of the Body Snatchers,Horror Sci-Fi Thriller,3.769230769230769,13.0
2665,Earth vs. the Flying Saucers (1956),Sci-Fi,Earth vs. the Flying Saucers,Sci-Fi,1.0,1.0
2668,Swamp Thing (1982),Horror|Sci-Fi,Swamp Thing,Horror Sci-Fi,2.9375,8.0
2669,Pork Chop Hill (1959),War,Pork Chop Hill,War,3.5,2.0
2670,Run Silent Run Deep (1958),War,Run Silent Run Deep,War,3.6,5.0
2671,Notting Hill (1999),Comedy|Romance,Notting Hill,Comedy Romance,3.455357142857143,56.0
2672,"Thirteenth Floor, The (1999)",Drama|Sci-Fi|Thriller,"Thirteenth Floor, The",Drama Sci-Fi Thriller,2.9583333333333335,12.0
2674,"Loss of Sexual Innocence, The (1999)",Drama|Fantasy,"Loss of Sexual Innocence, The",Drama Fantasy,2.25,2.0
2676,Instinct (1999),Drama|Thriller,Instinct,Drama Thriller,3.1666666666666665,6.0
2677,Buena Vista Social Club (1999),Documentary|Musical,Buena Vista Social Club,Documentary Musical,4.375,4.0
2681,Free Enterprise (1998),Comedy|Romance|Sci-Fi,Free Enterprise,Comedy Romance Sci-Fi,3.0,3.0
2682,Limbo (1999),Drama,Limbo,Drama,4.0,3.0
2683,Austin Powers: The Spy Who Shagged Me (1999),Action|Adventure|Comedy,Austin Powers: The Spy Who Shagged Me,Action Adventure Comedy,3.1983471074380163,121.0
2686,"Red Violin, The (Violon rouge, Le) (1998)",Drama|Mystery,"Red Violin, The (Violon rouge, Le)",Drama Mystery,4.026315789473684,19.0
2687,Tarzan (1999),Adventure|Animation|Children|Drama,Tarzan,Adventure Animation Children Drama,3.4583333333333335,24.0
2688,"General's Daughter, The (1999)",Crime|Drama|Mystery|Thriller,"General's Daughter, The",Crime Drama Mystery Thriller,2.933333333333333,15.0
2690,"Ideal Husband, An (1999)",Comedy|Romance,"Ideal Husband, An",Comedy Romance,3.7,10.0
2691,"Legend of 1900, The (a.k.a. The Legend of the Pianist on the Ocean) (Leggenda del pianista sull'oceano) (1998)",Drama,"Legend of 1900, The (a.k.a. The Legend of the Pianist on the Ocean) (Leggenda del pianista sull'oceano)",Drama,3.6666666666666665,3.0
2692,Run Lola Run (Lola rennt) (1998),Action|Crime,Run Lola Run (Lola rennt),Action Crime,4.0,75.0
2693,Trekkies (1997),Documentary,Trekkies,Documentary,3.375,4.0
2694,Big Daddy (1999),Comedy,Big Daddy,Comedy,3.1979166666666665,48.0
2695,"Boys, The (1998)",Drama,"Boys, The",Drama,2.0,1.0
2696,"Dinner Game, The (Dîner de cons, Le) (1998)",Comedy,"Dinner Game, The (Dîner de cons, Le)",Comedy,4.333333333333333,3.0
2697,My Son the Fanatic (1997),Comedy|Drama|Romance,My Son the Fanatic,Comedy Drama Romance,3.5,1.0
2698,Zone 39 (1997),Sci-Fi,Zone 39,Sci-Fi,2.0,1.0
2699,Arachnophobia (1990),Comedy|Horror,Arachnophobia,Comedy Horror,2.811320754716981,53.0
2700,"South Park: Bigger, Longer and Uncut (1999)",Animation|Comedy|Musical,"South Park: Bigger, Longer and Uncut",Animation Comedy Musical,3.861842105263158,76.0
2701,Wild Wild West (1999),Action|Comedy|Sci-Fi|Western,Wild Wild West,Action Comedy Sci-Fi Western,2.207547169811321,53.0
2702,Summer of Sam (1999),Drama,Summer of Sam,Drama,3.4,15.0
2706,American Pie (1999),Comedy|Romance,American Pie,Comedy Romance,3.378640776699029,103.0
2707,Arlington Road (1999),Thriller,Arlington Road,Thriller,3.272727272727273,22.0
2708,"Autumn Tale, An (Conte d'automne) (1998)",Romance,"Autumn Tale, An (Conte d'automne)",Romance,4.0,3.0
2709,Muppets From Space (1999),Children|Comedy,Muppets From Space,Children Comedy,3.1666666666666665,9.0
2710,"Blair Witch Project, The (1999)",Drama|Horror|Thriller,"Blair Witch Project, The",Drama Horror Thriller,2.796875,64.0
2712,Eyes Wide Shut (1999),Drama|Mystery|Thriller,Eyes Wide Shut,Drama Mystery Thriller,3.4622641509433962,53.0
2713,Lake Placid (1999),Horror|Thriller,Lake Placid,Horror Thriller,2.6666666666666665,12.0
2716,Ghostbusters (a.k.a. Ghost Busters) (1984),Action|Comedy|Sci-Fi,Ghostbusters (a.k.a. Ghost Busters),Action Comedy Sci-Fi,3.775,120.0
2717,Ghostbusters II (1989),Comedy|Fantasy|Sci-Fi,Ghostbusters II,Comedy Fantasy Sci-Fi,3.0,47.0
2718,Drop Dead Gorgeous (1999),Comedy,Drop Dead Gorgeous,Comedy,3.2,10.0
2719,"Haunting, The (1999)",Horror|Thriller,"Haunting, The",Horror Thriller,2.1153846153846154,13.0
2720,Inspector Gadget (1999),Action|Adventure|Children|Comedy,Inspector Gadget,Action Adventure Children Comedy,2.0952380952380953,21.0
2722,Deep Blue Sea (1999),Action|Horror|Sci-Fi|Thriller,Deep Blue Sea,Action Horror Sci-Fi Thriller,2.7758620689655173,29.0
2723,Mystery Men (1999),Action|Comedy|Fantasy,Mystery Men,Action Comedy Fantasy,3.08974358974359,39.0
2724,Runaway Bride (1999),Comedy|Romance,Runaway Bride,Comedy Romance,2.8333333333333335,42.0
2725,Twin Falls Idaho (1999),Drama,Twin Falls Idaho,Drama,2.0,1.0
2726,"Killing, The (1956)",Crime|Film-Noir,"Killing, The",Crime Film-Noir,4.055555555555555,9.0
2727,Killer's Kiss (1955),Crime|Film-Noir,Killer's Kiss,Crime Film-Noir,3.0,1.0
2728,Spartacus (1960),Action|Drama|Romance|War,Spartacus,Action Drama Romance War,3.576923076923077,13.0
2729,Lolita (1962),Drama|Romance,Lolita,Drama Romance,3.5,7.0
2730,Barry Lyndon (1975),Drama|Romance|War,Barry Lyndon,Drama Romance War,3.7142857142857144,7.0
2731,"400 Blows, The (Les quatre cents coups) (1959)",Crime|Drama,"400 Blows, The (Les quatre cents coups)",Crime Drama,4.0,12.0
2732,Jules and Jim (Jules et Jim) (1961),Drama|Romance,Jules and Jim (Jules et Jim),Drama Romance,4.5,5.0
2733,Vibes (1988),Adventure|Comedy|Romance,Vibes,Adventure Comedy Romance,2.0,2.0
2734,"Mosquito Coast, The (1986)",Adventure|Drama|Thriller,"Mosquito Coast, The",Adventure Drama Thriller,3.25,10.0
2735,"Golden Child, The (1986)",Action|Adventure|Comedy|Fantasy|Mystery,"Golden Child, The",Action Adventure Comedy Fantasy Mystery,2.71875,16.0
2736,Brighton Beach Memoirs (1986),Comedy,Brighton Beach Memoirs,Comedy,3.6,5.0
2737,Assassination (1987),Action|Drama|Thriller,Assassination,Action Drama Thriller,4.0,1.0
2738,Crimes of the Heart (1986),Comedy|Drama,Crimes of the Heart,Comedy Drama,4.0,1.0
2739,"Color Purple, The (1985)",Drama,"Color Purple, The",Drama,3.9166666666666665,12.0
2740,"Kindred, The (1986)",Horror|Sci-Fi,"Kindred, The",Horror Sci-Fi,1.0,1.0
2741,No Mercy (1986),Action|Crime|Thriller,No Mercy,Action Crime Thriller,2.0,2.0
2742,Ménage (Tenue de soirée) (1986),Comedy|Drama,Ménage (Tenue de soirée),Comedy Drama,1.0,1.0
2743,Native Son (1986),Drama,Native Son,Drama,3.0,1.0
2744,Otello (1986),Drama,Otello,Drama,4.0,1.0
2745,"Mission, The (1986)",Drama,"Mission, The",Drama,3.5,9.0
2746,Little Shop of Horrors (1986),Comedy|Horror|Musical,Little Shop of Horrors,Comedy Horror Musical,3.3333333333333335,39.0
2747,"Little Shop of Horrors, The (1960)",Comedy|Horror,"Little Shop of Horrors, The",Comedy Horror,3.0,9.0
2748,Allan Quatermain and the Lost City of Gold (1987),Action|Adventure|Comedy,Allan Quatermain and the Lost City of Gold,Action Adventure Comedy,1.8333333333333333,6.0
2749,"Morning After, The (1986)",Drama|Mystery,"Morning After, The",Drama Mystery,4.0,2.0
2750,Radio Days (1987),Comedy|Drama,Radio Days,Comedy Drama,3.142857142857143,7.0
2751,From the Hip (1987),Comedy|Drama,From the Hip,Comedy Drama,4.0,1.0
2752,Outrageous Fortune (1987),Comedy|Mystery,Outrageous Fortune,Comedy Mystery,2.8125,8.0
2754,Deadtime Stories (1987),Horror,Deadtime Stories,Horror,1.0,1.0
2757,Frances (1982),Drama,Frances,Drama,3.5,1.0
2759,Dick (1999),Comedy,Dick,Comedy,3.5,8.0
2761,"Iron Giant, The (1999)",Adventure|Animation|Children|Drama|Sci-Fi,"Iron Giant, The",Adventure Animation Children Drama Sci-Fi,4.051282051282051,39.0
2762,"Sixth Sense, The (1999)",Drama|Horror|Mystery,"Sixth Sense, The",Drama Horror Mystery,3.893854748603352,179.0
2763,"Thomas Crown Affair, The (1999)",Action|Mystery,"Thomas Crown Affair, The",Action Mystery,3.6458333333333335,48.0
2764,"Thomas Crown Affair, The (1968)",Crime|Drama|Romance|Thriller,"Thomas Crown Affair, The",Crime Drama Romance Thriller,4.0,7.0
2765,"Acid House, The (1998)",Comedy|Drama,"Acid House, The",Comedy Drama,3.5,1.0
2766,"Adventures of Sebastian Cole, The (1998)",Comedy|Drama,"Adventures of Sebastian Cole, The",Comedy Drama,3.25,2.0
2769,"Yards, The (2000)",Crime|Drama,"Yards, The",Crime Drama,3.4,5.0
2770,Bowfinger (1999),Comedy,Bowfinger,Comedy,2.960526315789474,38.0
2771,Brokedown Palace (1999),Drama,Brokedown Palace,Drama,3.25,4.0
2772,Detroit Rock City (1999),Comedy,Detroit Rock City,Comedy,2.85,10.0
2774,Better Than Chocolate (1999),Comedy|Romance,Better Than Chocolate,Comedy Romance,3.0,1.0
2775,Head On (1998),Drama,Head On,Drama,1.0,1.0
2779,Heaven Can Wait (1978),Comedy,Heaven Can Wait,Comedy,3.269230769230769,13.0
2782,Pit and the Pendulum (1961),Horror,Pit and the Pendulum,Horror,3.3333333333333335,3.0
2784,"Masque of the Red Death, The (1964)",Horror,"Masque of the Red Death, The",Horror,3.25,2.0
2786,Haunted Honeymoon (1986),Comedy,Haunted Honeymoon,Comedy,1.75,4.0
2787,Cat's Eye (1985),Horror,Cat's Eye,Horror,2.4166666666666665,6.0
2788,Monty Python's And Now for Something Completely Different (1971),Comedy,Monty Python's And Now for Something Completely Different,Comedy,4.053571428571429,28.0
2789,Damien: Omen II (1978),Horror,Damien: Omen II,Horror,2.875,4.0
2790,"Final Conflict, The (a.k.a. Omen III: The Final Conflict) (1981)",Horror|Thriller,"Final Conflict, The (a.k.a. Omen III: The Final Conflict)",Horror Thriller,2.0,2.0
2791,Airplane! (1980),Comedy,Airplane!,Comedy,3.8563218390804597,87.0
2792,Airplane II: The Sequel (1982),Comedy,Airplane II: The Sequel,Comedy,3.1842105263157894,19.0
2793,"American Werewolf in Paris, An (1997)",Comedy|Horror|Romance|Thriller,"American Werewolf in Paris, An",Comedy Horror Romance Thriller,2.3,10.0
2794,European Vacation (aka National Lampoon's European Vacation) (1985),Adventure|Comedy|Romance,European Vacation (aka National Lampoon's European Vacation),Adventure Comedy Romance,2.6333333333333333,15.0
2795,National Lampoon's Vacation (1983),Comedy,National Lampoon's Vacation,Comedy,3.6538461538461537,26.0
2796,Funny Farm (1988),Comedy,Funny Farm,Comedy,2.590909090909091,11.0
2797,Big (1988),Comedy|Drama|Fantasy|Romance,Big,Comedy Drama Fantasy Romance,3.71978021978022,91.0
2798,Problem Child (1990),Children|Comedy,Problem Child,Children Comedy,1.5833333333333333,12.0
2799,Problem Child 2 (1991),Comedy,Problem Child 2,Comedy,1.3125,8.0
2800,Little Nemo: Adventures in Slumberland (1992),Adventure|Animation|Children|Drama|Fantasy,Little Nemo: Adventures in Slumberland,Adventure Animation Children Drama Fantasy,2.5,1.0
2801,Oscar and Lucinda (a.k.a. Oscar & Lucinda) (1997),Drama|Romance,Oscar and Lucinda (a.k.a. Oscar & Lucinda),Drama Romance,4.5,1.0
2802,Tequila Sunrise (1988),Action|Drama|Romance|Thriller,Tequila Sunrise,Action Drama Romance Thriller,3.0384615384615383,13.0
2803,"Pelican Brief, The (1993)",Crime|Drama|Mystery|Romance|Thriller,"Pelican Brief, The",Crime Drama Mystery Romance Thriller,2.923076923076923,13.0
2804,"Christmas Story, A (1983)",Children|Comedy,"Christmas Story, A",Children Comedy,3.9727272727272727,55.0
2805,Mickey Blue Eyes (1999),Comedy|Romance,Mickey Blue Eyes,Comedy Romance,3.0,23.0
2806,Teaching Mrs. Tingle (1999),Comedy|Thriller,Teaching Mrs. Tingle,Comedy Thriller,2.3333333333333335,9.0
2807,Universal Soldier: The Return (1999),Action|Sci-Fi,Universal Soldier: The Return,Action Sci-Fi,2.625,4.0
2808,Universal Soldier (1992),Action|Sci-Fi,Universal Soldier,Action Sci-Fi,2.2058823529411766,17.0
2810,Perfect Blue (1997),Animation|Horror|Mystery|Thriller,Perfect Blue,Animation Horror Mystery Thriller,4.2,5.0
2812,In Too Deep (1999),Action|Thriller,In Too Deep,Action Thriller,3.0,1.0
2813,"Source, The (1999)",Documentary,"Source, The",Documentary,1.0,1.0
2815,Iron Eagle (1986),Action|War,Iron Eagle,Action War,2.2857142857142856,7.0
2816,Iron Eagle II (1988),Action|War,Iron Eagle II,Action War,1.6666666666666667,3.0
2817,Aces: Iron Eagle III (1992),Action,Aces: Iron Eagle III,Action,2.0,3.0
2818,Iron Eagle IV (1995),Action|War,Iron Eagle IV,Action War,1.0,3.0
2819,Three Days of the Condor (3 Days of the Condor) (1975),Drama|Mystery|Romance|Thriller,Three Days of the Condor (3 Days of the Condor),Drama Mystery Romance Thriller,3.75,16.0
2820,Hamlet (1964),Drama,Hamlet,Drama,4.0,1.0
2822,Medicine Man (1992),Adventure|Romance,Medicine Man,Adventure Romance,3.1363636363636362,11.0
2824,On the Ropes (1999),Documentary|Drama,On the Ropes,Documentary Drama,5.0,1.0
2826,"13th Warrior, The (1999)",Action|Adventure|Fantasy,"13th Warrior, The",Action Adventure Fantasy,2.9038461538461537,26.0
2827,"Astronaut's Wife, The (1999)",Horror|Sci-Fi|Thriller,"Astronaut's Wife, The",Horror Sci-Fi Thriller,2.272727272727273,11.0
2828,Dudley Do-Right (1999),Children|Comedy,Dudley Do-Right,Children Comedy,1.5,2.0
2829,"Muse, The (1999)",Comedy,"Muse, The",Comedy,3.0714285714285716,7.0
2835,Chill Factor (1999),Action|Adventure|Comedy|Thriller,Chill Factor,Action Adventure Comedy Thriller,1.0,1.0
2836,Outside Providence (1999),Comedy,Outside Providence,Comedy,3.5,4.0
2837,Bedrooms & Hallways (1998),Comedy|Romance,Bedrooms & Hallways,Comedy Romance,3.0,1.0
2839,West Beirut (West Beyrouth) (1998),Drama,West Beirut (West Beyrouth),Drama,4.0,1.0
2840,Stigmata (1999),Drama|Thriller,Stigmata,Drama Thriller,2.869565217391304,23.0
2841,Stir of Echoes (1999),Horror|Mystery|Thriller,Stir of Echoes,Horror Mystery Thriller,3.5277777777777777,18.0
2843,"Black Cat, White Cat (Crna macka, beli macor) (1998)",Comedy|Romance,"Black Cat, White Cat (Crna macka, beli macor)",Comedy Romance,3.9444444444444446,9.0
2844,"Minus Man, The (1999)",Drama|Mystery,"Minus Man, The",Drama Mystery,2.6666666666666665,3.0
2846,"Adventures of Milo and Otis, The (Koneko monogatari) (1986)",Adventure|Children|Comedy|Drama,"Adventures of Milo and Otis, The (Koneko monogatari)",Adventure Children Comedy Drama,3.857142857142857,7.0
2847,Only Angels Have Wings (1939),Adventure|Drama|Romance,Only Angels Have Wings,Adventure Drama Romance,3.0,2.0
2848,"Othello (Tragedy of Othello: The Moor of Venice, The) (1952)",Drama,"Othello (Tragedy of Othello: The Moor of Venice, The)",Drama,4.0,1.0
2851,Saturn 3 (1980),Adventure|Sci-Fi|Thriller,Saturn 3,Adventure Sci-Fi Thriller,3.25,4.0
2852,"Soldier's Story, A (1984)",Drama,"Soldier's Story, A",Drama,4.0,1.0
2856,I Saw What You Did (1965),Thriller,I Saw What You Did,Thriller,3.0,1.0
2857,Yellow Submarine (1968),Adventure|Animation|Comedy|Fantasy|Musical,Yellow Submarine,Adventure Animation Comedy Fantasy Musical,3.2857142857142856,14.0
2858,American Beauty (1999),Drama|Romance,American Beauty,Drama Romance,4.056372549019608,204.0
2859,Stop Making Sense (1984),Documentary|Musical,Stop Making Sense,Documentary Musical,3.857142857142857,7.0
2860,Blue Streak (1999),Comedy,Blue Streak,Comedy,2.611111111111111,9.0
2861,For Love of the Game (1999),Comedy|Drama,For Love of the Game,Comedy Drama,3.375,8.0
2862,Caligula (1979),Drama,Caligula,Drama,1.0,1.0
2863,"Hard Day's Night, A (1964)",Adventure|Comedy|Musical,"Hard Day's Night, A",Adventure Comedy Musical,3.473684210526316,19.0
2865,Sugar Town (1999),Comedy,Sugar Town,Comedy,4.0,1.0
2866,"Buddy Holly Story, The (1978)",Drama,"Buddy Holly Story, The",Drama,3.6,5.0
2867,Fright Night (1985),Comedy|Horror|Thriller,Fright Night,Comedy Horror Thriller,3.5833333333333335,12.0
2868,Fright Night Part II (1988),Horror,Fright Night Part II,Horror,2.0,2.0
2870,Barefoot in the Park (1967),Comedy,Barefoot in the Park,Comedy,3.3125,8.0
2871,Deliverance (1972),Adventure|Drama|Thriller,Deliverance,Adventure Drama Thriller,3.9,30.0
2872,Excalibur (1981),Adventure|Fantasy,Excalibur,Adventure Fantasy,3.64,25.0
2874,"Pajama Game, The (1957)",Comedy|Musical|Romance,"Pajama Game, The",Comedy Musical Romance,3.6666666666666665,3.0
2875,Sommersby (1993),Drama|Mystery|Romance,Sommersby,Drama Mystery Romance,2.95,10.0
2876,Thumbelina (1994),Animation|Children|Fantasy,Thumbelina,Animation Children Fantasy,2.0,1.0
2877,Tommy (1975),Musical,Tommy,Musical,3.0,7.0
2878,Hell Night (1981),Horror,Hell Night,Horror,2.0,2.0
2879,Armour of God II: Operation Condor (Operation Condor) (Fei ying gai wak) (1991),Action|Adventure|Comedy,Armour of God II: Operation Condor (Operation Condor) (Fei ying gai wak),Action Adventure Comedy,3.2142857142857144,7.0
2880,Armour of God (Long xiong hu di) (1987),Action|Adventure|Comedy,Armour of God (Long xiong hu di),Action Adventure Comedy,3.0833333333333335,6.0
2881,Double Jeopardy (1999),Action|Crime|Drama|Thriller,Double Jeopardy,Action Crime Drama Thriller,3.026315789473684,19.0
2882,Jakob the Liar (1999),Drama,Jakob the Liar,Drama,2.0,4.0
2883,Mumford (1999),Comedy|Drama,Mumford,Comedy Drama,3.2,5.0
2884,Dog Park (1998),Comedy|Romance,Dog Park,Comedy Romance,2.0,1.0
2885,Guinevere (1999),Drama|Romance,Guinevere,Drama Romance,2.0,1.0
2886,"Adventures of Elmo in Grouchland, The (1999)",Children|Comedy,"Adventures of Elmo in Grouchland, The",Children Comedy,1.5,2.0
2887,Simon Sez (1999),Action|Comedy,Simon Sez,Action Comedy,1.0,1.0
2888,Drive Me Crazy (1999),Comedy|Romance,Drive Me Crazy,Comedy Romance,2.1,5.0
2889,"Mystery, Alaska (1999)",Comedy|Drama,"Mystery, Alaska",Comedy Drama,3.75,8.0
2890,Three Kings (1999),Action|Adventure|Comedy|Drama|War,Three Kings,Action Adventure Comedy Drama War,3.7111111111111112,45.0
2891,"Happy, Texas (1999)",Comedy,"Happy, Texas",Comedy,4.0,3.0
2892,New Rose Hotel (1998),Action|Drama,New Rose Hotel,Action Drama,1.0,1.0
2893,Plunkett & MaCleane (1999),Action|Adventure|Drama,Plunkett & MaCleane,Action Adventure Drama,3.0,1.0
2894,Romance (1999),Drama|Romance,Romance,Drama Romance,4.0,1.0
2896,Alvarez Kelly (1966),Western,Alvarez Kelly,Western,3.0,1.0
2897,And the Ship Sails On (E la nave va) (1983),Comedy|War,And the Ship Sails On (E la nave va),Comedy War,4.0,1.0
2898,"Dark Half, The (1993)",Horror|Mystery,"Dark Half, The",Horror Mystery,2.0,1.0
2899,Gulliver's Travels (1939),Adventure|Animation|Children,Gulliver's Travels,Adventure Animation Children,3.0,3.0
2900,Monkey Shines (1988),Horror|Sci-Fi,Monkey Shines,Horror Sci-Fi,2.5,2.0
2901,Phantasm (1979),Horror|Sci-Fi,Phantasm,Horror Sci-Fi,2.892857142857143,14.0
2902,Psycho II (1983),Horror|Mystery|Thriller,Psycho II,Horror Mystery Thriller,2.5,4.0
2903,Psycho III (1986),Horror|Thriller,Psycho III,Horror Thriller,2.5,2.0
2905,Sanjuro (Tsubaki Sanjûrô) (1962),Action|Adventure|Drama,Sanjuro (Tsubaki Sanjûrô),Action Adventure Drama,4.25,4.0
2906,Random Hearts (1999),Drama|Romance,Random Hearts,Drama Romance,2.5714285714285716,7.0
2907,Superstar (1999),Comedy,Superstar,Comedy,3.5714285714285716,7.0
2908,Boys Don't Cry (1999),Drama,Boys Don't Cry,Drama,3.551282051282051,39.0
2912,"Limey, The (1999)",Crime|Drama|Thriller,"Limey, The",Crime Drama Thriller,3.892857142857143,14.0
2915,Risky Business (1983),Comedy,Risky Business,Comedy,3.4404761904761907,42.0
2916,Total Recall (1990),Action|Adventure|Sci-Fi|Thriller,Total Recall,Action Adventure Sci-Fi Thriller,3.653409090909091,88.0
2917,Body Heat (1981),Crime|Thriller,Body Heat,Crime Thriller,4.0,10.0
2918,Ferris Bueller's Day Off (1986),Comedy,Ferris Bueller's Day Off,Comedy,3.8394495412844036,109.0
2919,"Year of Living Dangerously, The (1982)",Drama|Romance|War,"Year of Living Dangerously, The",Drama Romance War,3.8125,8.0
2921,High Plains Drifter (1973),Western,High Plains Drifter,Western,4.181818181818182,11.0
2922,Hang 'Em High (1968),Crime|Drama|Western,Hang 'Em High,Crime Drama Western,3.6,5.0
2924,Drunken Master (Jui kuen) (1978),Action|Comedy,Drunken Master (Jui kuen),Action Comedy,4.05,10.0
2925,"Conformist, The (Conformista, Il) (1970)",Drama,"Conformist, The (Conformista, Il)",Drama,4.1,5.0
2926,Hairspray (1988),Comedy|Drama,Hairspray,Comedy Drama,3.3181818181818183,11.0
2927,Brief Encounter (1946),Drama|Romance,Brief Encounter,Drama Romance,3.5,2.0
2928,"Razor's Edge, The (1984)",Drama,"Razor's Edge, The",Drama,3.5,2.0
2929,Reds (1981),Drama|Romance,Reds,Drama Romance,3.25,2.0
2930,Return with Honor (1998),Documentary,Return with Honor,Documentary,3.5,1.0
2931,Time of the Gypsies (Dom za vesanje) (1989),Comedy|Crime|Drama|Fantasy,Time of the Gypsies (Dom za vesanje),Comedy Crime Drama Fantasy,4.166666666666667,3.0
2932,Days of Heaven (1978),Drama,Days of Heaven,Drama,3.6666666666666665,3.0
2935,"Lady Eve, The (1941)",Comedy|Romance,"Lady Eve, The",Comedy Romance,4.0,8.0
2936,Sullivan's Travels (1941),Adventure|Comedy|Romance,Sullivan's Travels,Adventure Comedy Romance,4.0,7.0
2937,"Palm Beach Story, The (1942)",Comedy,"Palm Beach Story, The",Comedy,4.1,5.0
2939,Niagara (1953),Drama|Thriller,Niagara,Drama Thriller,0.0,0.0
2940,Gilda (1946),Drama|Film-Noir|Mystery|Romance,Gilda,Drama Film-Noir Mystery Romance,4.0,6.0
2941,South Pacific (1958),Musical|Romance|War,South Pacific,Musical Romance War,3.7777777777777777,9.0
2942,Flashdance (1983),Drama|Romance,Flashdance,Drama Romance,2.875,16.0
2943,Indochine (1992),Drama|Romance,Indochine,Drama Romance,4.166666666666667,3.0
2944,"Dirty Dozen, The (1967)",Action|Drama|War,"Dirty Dozen, The",Action Drama War,3.96875,32.0
2946,Help! (1965),Comedy|Musical,Help!,Comedy Musical,3.357142857142857,7.0
2947,Goldfinger (1964),Action|Adventure|Thriller,Goldfinger,Action Adventure Thriller,3.839622641509434,53.0
2948,From Russia with Love (1963),Action|Adventure|Thriller,From Russia with Love,Action Adventure Thriller,3.75,36.0
2949,Dr. No (1962),Action|Adventure|Thriller,Dr. No,Action Adventure Thriller,3.712121212121212,33.0
2950,"Blue Lagoon, The (1980)",Adventure|Drama|Romance,"Blue Lagoon, The",Adventure Drama Romance,2.4642857142857144,14.0
2951,"Fistful of Dollars, A (Per un pugno di dollari) (1964)",Action|Western,"Fistful of Dollars, A (Per un pugno di dollari)",Action Western,3.9358974358974357,39.0
2952,Sydney (Hard Eight) (1996),Crime|Drama|Thriller,Sydney (Hard Eight),Crime Drama Thriller,3.5416666666666665,12.0
2953,Home Alone 2: Lost in New York (1992),Children|Comedy,Home Alone 2: Lost in New York,Children Comedy,2.5161290322580645,31.0
2956,Someone to Watch Over Me (1987),Action|Crime|Thriller,Someone to Watch Over Me,Action Crime Thriller,3.1666666666666665,6.0
2959,Fight Club (1999),Action|Crime|Drama|Thriller,Fight Club,Action Crime Drama Thriller,4.272935779816514,218.0
2961,"Story of Us, The (1999)",Comedy|Drama,"Story of Us, The",Comedy Drama,2.4,5.0
2962,Fever Pitch (1997),Comedy|Romance,Fever Pitch,Comedy Romance,3.0,2.0
2964,Julien Donkey-Boy (1999),Drama,Julien Donkey-Boy,Drama,1.0,1.0
2965,"Omega Code, The (1999)",Action,"Omega Code, The",Action,2.0,1.0
2966,"Straight Story, The (1999)",Adventure|Drama,"Straight Story, The",Adventure Drama,3.9285714285714284,14.0
2967,"Bad Seed, The (1956)",Drama|Thriller,"Bad Seed, The",Drama Thriller,4.0,4.0
2968,Time Bandits (1981),Adventure|Comedy|Fantasy|Sci-Fi,Time Bandits,Adventure Comedy Fantasy Sci-Fi,3.731707317073171,41.0
2969,"Man and a Woman, A (Un homme et une femme) (1966)",Drama|Romance,"Man and a Woman, A (Un homme et une femme)",Drama Romance,5.0,1.0
2970,Fitzcarraldo (1982),Adventure|Drama,Fitzcarraldo,Adventure Drama,3.375,4.0
2971,All That Jazz (1979),Drama|Fantasy|Musical,All That Jazz,Drama Fantasy Musical,4.083333333333333,6.0
2972,Red Sorghum (Hong gao liang) (1987),Drama|War,Red Sorghum (Hong gao liang),Drama War,5.0,1.0
2973,Crimes and Misdemeanors (1989),Comedy|Crime|Drama,Crimes and Misdemeanors,Comedy Crime Drama,3.9166666666666665,18.0
2974,Bats (1999),Horror|Thriller,Bats,Horror Thriller,2.5,1.0
2975,"Best Man, The (1999)",Comedy|Drama,"Best Man, The",Comedy Drama,3.0,1.0
2976,Bringing Out the Dead (1999),Drama,Bringing Out the Dead,Drama,3.4166666666666665,6.0
2977,Crazy in Alabama (1999),Comedy|Drama,Crazy in Alabama,Comedy Drama,3.0,2.0
2978,Three to Tango (1999),Comedy|Romance,Three to Tango,Comedy Romance,3.0,4.0
2979,Body Shots (1999),Drama,Body Shots,Drama,3.0,1.0
2982,"Guardian, The (1990)",Horror|Thriller,"Guardian, The",Horror Thriller,2.0,1.0
2983,"Ipcress File, The (1965)",Thriller,"Ipcress File, The",Thriller,4.0,1.0
2984,On Any Sunday (1971),Documentary,On Any Sunday,Documentary,4.5,1.0
2985,RoboCop (1987),Action|Crime|Drama|Sci-Fi|Thriller,RoboCop,Action Crime Drama Sci-Fi Thriller,3.3714285714285714,70.0
2986,RoboCop 2 (1990),Action|Crime|Sci-Fi|Thriller,RoboCop 2,Action Crime Sci-Fi Thriller,2.64,25.0
2987,Who Framed Roger Rabbit? (1988),Adventure|Animation|Children|Comedy|Crime|Fantasy|Mystery,Who Framed Roger Rabbit?,Adventure Animation Children Comedy Crime Fantasy Mystery,3.5721649484536084,97.0
2988,Melvin and Howard (1980),Drama,Melvin and Howard,Drama,4.0,3.0
2989,For Your Eyes Only (1981),Action|Adventure|Thriller,For Your Eyes Only,Action Adventure Thriller,3.5476190476190474,21.0
2990,Licence to Kill (1989),Action|Adventure|Thriller,Licence to Kill,Action Adventure Thriller,3.325,20.0
2991,Live and Let Die (1973),Action|Adventure|Thriller,Live and Let Die,Action Adventure Thriller,3.6956521739130435,23.0
2992,Rawhead Rex (1986),Horror|Thriller,Rawhead Rex,Horror Thriller,3.5,1.0
2993,Thunderball (1965),Action|Adventure|Thriller,Thunderball,Action Adventure Thriller,3.4791666666666665,24.0
2995,House on Haunted Hill (1999),Horror|Thriller,House on Haunted Hill,Horror Thriller,2.4285714285714284,14.0
2996,Music of the Heart (1999),Drama,Music of the Heart,Drama,3.125,4.0
2997,Being John Malkovich (1999),Comedy|Drama|Fantasy,Being John Malkovich,Comedy Drama Fantasy,3.9545454545454546,99.0
3000,Princess Mononoke (Mononoke-hime) (1997),Action|Adventure|Animation|Drama|Fantasy,Princess Mononoke (Mononoke-hime),Action Adventure Animation Drama Fantasy,3.9583333333333335,48.0
3002,My Best Fiend (Mein liebster Feind) (1999),Documentary,My Best Fiend (Mein liebster Feind),Documentary,4.0,1.0
3003,Train of Life (Train de vie) (1998),Comedy|Drama|Romance|War,Train of Life (Train de vie),Comedy Drama Romance War,4.5,2.0
3004,"Bachelor, The (1999)",Comedy|Romance,"Bachelor, The",Comedy Romance,2.5454545454545454,11.0
3005,"Bone Collector, The (1999)",Thriller,"Bone Collector, The",Thriller,2.84,25.0
3006,"Insider, The (1999)",Drama|Thriller,"Insider, The",Drama Thriller,3.7419354838709675,31.0
3007,American Movie (1999),Documentary,American Movie,Documentary,3.75,6.0
3008,Last Night (1998),Drama|Sci-Fi,Last Night,Drama Sci-Fi,4.0,1.0
3010,Rosetta (1999),Drama,Rosetta,Drama,4.0,1.0
3011,"They Shoot Horses, Don't They? (1969)",Drama,"They Shoot Horses, Don't They?",Drama,3.25,4.0
3013,Bride of Re-Animator (1990),Comedy|Horror,Bride of Re-Animator,Comedy Horror,4.0,1.0
3014,Bustin' Loose (1981),Comedy,Bustin' Loose,Comedy,2.0,1.0
3015,Coma (1978),Thriller,Coma,Thriller,3.6666666666666665,3.0
3016,Creepshow (1982),Horror,Creepshow,Horror,3.0714285714285716,14.0
3017,Creepshow 2 (1987),Horror,Creepshow 2,Horror,3.0,4.0
3018,Re-Animator (1985),Comedy|Horror|Sci-Fi,Re-Animator,Comedy Horror Sci-Fi,3.45,10.0
3019,Drugstore Cowboy (1989),Crime|Drama,Drugstore Cowboy,Crime Drama,4.15,10.0
3020,Falling Down (1993),Action|Drama,Falling Down,Action Drama,3.5294117647058822,17.0
3021,"Funhouse, The (1981)",Horror,"Funhouse, The",Horror,2.0,1.0
3022,"General, The (1926)",Comedy|War,"General, The",Comedy War,4.0,9.0
3024,Piranha (1978),Horror|Sci-Fi,Piranha,Horror Sci-Fi,2.642857142857143,7.0
3028,"Taming of the Shrew, The (1967)",Comedy,"Taming of the Shrew, The",Comedy,2.5,2.0
3029,Nighthawks (1981),Action|Drama,Nighthawks,Action Drama,3.25,6.0
3030,Yojimbo (1961),Action|Adventure,Yojimbo,Action Adventure,4.230769230769231,13.0
3031,Repossessed (1990),Comedy,Repossessed,Comedy,2.375,4.0
3032,"Omega Man, The (1971)",Action|Drama|Sci-Fi|Thriller,"Omega Man, The",Action Drama Sci-Fi Thriller,3.6666666666666665,6.0
3033,Spaceballs (1987),Comedy|Sci-Fi,Spaceballs,Comedy Sci-Fi,3.483050847457627,59.0
3034,Robin Hood (1973),Adventure|Animation|Children|Comedy|Musical,Robin Hood,Adventure Animation Children Comedy Musical,3.513888888888889,36.0
3035,Mister Roberts (1955),Comedy|Drama|War,Mister Roberts,Comedy Drama War,3.8181818181818183,11.0
3036,"Quest for Fire (Guerre du feu, La) (1981)",Adventure|Drama,"Quest for Fire (Guerre du feu, La)",Adventure Drama,3.7857142857142856,7.0
3037,Little Big Man (1970),Western,Little Big Man,Western,4.145833333333333,24.0
3038,"Face in the Crowd, A (1957)",Drama,"Face in the Crowd, A",Drama,4.2,5.0
3039,Trading Places (1983),Comedy,Trading Places,Comedy,3.730769230769231,39.0
3040,Meatballs (1979),Comedy,Meatballs,Comedy,3.2222222222222223,9.0
3041,Meatballs Part II (1984),Comedy,Meatballs Part II,Comedy,2.0833333333333335,6.0
3042,Meatballs III (1987),Comedy,Meatballs III,Comedy,2.5,2.0
3043,Meatballs 4 (1992),Comedy,Meatballs 4,Comedy,1.0,1.0
3044,Dead Again (1991),Mystery|Romance|Thriller,Dead Again,Mystery Romance Thriller,3.769230769230769,13.0
3045,Peter's Friends (1992),Comedy|Drama,Peter's Friends,Comedy Drama,3.6,5.0
3046,"Incredibly True Adventure of Two Girls in Love, The (1995)",Comedy|Romance,"Incredibly True Adventure of Two Girls in Love, The",Comedy Romance,4.5,2.0
3048,Under the Rainbow (1981),Comedy,Under the Rainbow,Comedy,2.0,3.0
3051,Anywhere But Here (1999),Comedy|Drama,Anywhere But Here,Comedy Drama,2.5,3.0
3052,Dogma (1999),Adventure|Comedy|Fantasy,Dogma,Adventure Comedy Fantasy,3.6455696202531644,79.0
3053,"Messenger: The Story of Joan of Arc, The (1999)",Drama|War,"Messenger: The Story of Joan of Arc, The",Drama War,3.909090909090909,11.0
3054,Pokémon: The First Movie (1998),Adventure|Animation|Children|Fantasy|Sci-Fi,Pokémon: The First Movie,Adventure Animation Children Fantasy Sci-Fi,2.3125,8.0
3055,Felicia's Journey (1999),Thriller,Felicia's Journey,Thriller,3.3333333333333335,3.0
3056,Oxygen (1999),Crime|Drama|Thriller,Oxygen,Crime Drama Thriller,4.0,1.0
3057,Where's Marlowe? (1998),Comedy,Where's Marlowe?,Comedy,4.0,1.0
3060,"Commitments, The (1991)",Comedy|Drama|Musical,"Commitments, The",Comedy Drama Musical,3.8666666666666667,15.0
3061,Holiday Inn (1942),Comedy|Musical,Holiday Inn,Comedy Musical,3.625,8.0
3062,"Longest Day, The (1962)",Action|Drama|War,"Longest Day, The",Action Drama War,4.0,11.0
3063,Poison Ivy (1992),Drama|Thriller,Poison Ivy,Drama Thriller,2.1666666666666665,6.0
3064,Poison Ivy: New Seduction (1997),Drama|Thriller,Poison Ivy: New Seduction,Drama Thriller,2.3333333333333335,3.0
3066,Tora! Tora! Tora! (1970),Action|Drama|War,Tora! Tora! Tora!,Action Drama War,3.9285714285714284,7.0
3067,Women on the Verge of a Nervous Breakdown (Mujeres al borde de un ataque de nervios) (1988),Comedy|Drama,Women on the Verge of a Nervous Breakdown (Mujeres al borde de un ataque de nervios),Comedy Drama,3.55,10.0
3068,"Verdict, The (1982)",Drama|Mystery,"Verdict, The",Drama Mystery,4.357142857142857,7.0
3070,"Adventures of Buckaroo Banzai Across the 8th Dimension, The (1984)",Adventure|Comedy|Sci-Fi,"Adventures of Buckaroo Banzai Across the 8th Dimension, The",Adventure Comedy Sci-Fi,3.5476190476190474,21.0
3071,Stand and Deliver (1988),Comedy|Drama,Stand and Deliver,Comedy Drama,3.5,9.0
3072,Moonstruck (1987),Comedy|Romance,Moonstruck,Comedy Romance,3.5555555555555554,27.0
3073,"Sandpiper, The (1965)",Drama|Romance,"Sandpiper, The",Drama Romance,5.0,1.0
3074,Jeremiah Johnson (1972),Western,Jeremiah Johnson,Western,4.25,4.0
3075,Repulsion (1965),Drama|Horror,Repulsion,Drama Horror,4.166666666666667,3.0
3076,Irma la Douce (1963),Comedy,Irma la Douce,Comedy,3.625,4.0
3077,42 Up (1998),Documentary,42 Up,Documentary,4.0,2.0
3078,Liberty Heights (1999),Drama,Liberty Heights,Drama,4.0,2.0
3079,Mansfield Park (1999),Comedy|Drama|Romance,Mansfield Park,Comedy Drama Romance,3.0833333333333335,6.0
3081,Sleepy Hollow (1999),Fantasy|Horror|Mystery|Romance,Sleepy Hollow,Fantasy Horror Mystery Romance,3.475806451612903,62.0
3082,"World Is Not Enough, The (1999)",Action|Adventure|Thriller,"World Is Not Enough, The",Action Adventure Thriller,3.3333333333333335,39.0
3083,All About My Mother (Todo sobre mi madre) (1999),Drama,All About My Mother (Todo sobre mi madre),Drama,4.157894736842105,19.0
3086,Babes in Toyland (1934),Children|Comedy|Fantasy|Musical,Babes in Toyland,Children Comedy Fantasy Musical,5.0,1.0
3087,Scrooged (1988),Comedy|Fantasy|Romance,Scrooged,Comedy Fantasy Romance,3.1666666666666665,24.0
3088,Harvey (1950),Comedy|Fantasy,Harvey,Comedy Fantasy,3.8333333333333335,12.0
3089,Bicycle Thieves (a.k.a. The Bicycle Thief) (a.k.a. The Bicycle Thieves) (Ladri di biciclette) (1948),Drama,Bicycle Thieves (a.k.a. The Bicycle Thief) (a.k.a. The Bicycle Thieves) (Ladri di biciclette),Drama,4.125,16.0
3090,Matewan (1987),Drama,Matewan,Drama,4.166666666666667,6.0
3091,Kagemusha (1980),Drama|War,Kagemusha,Drama War,4.125,4.0
3093,McCabe & Mrs. Miller (1971),Drama|Western,McCabe & Mrs. Miller,Drama Western,3.75,4.0
3094,Maurice (1987),Drama|Romance,Maurice,Drama Romance,4.0,2.0
3095,"Grapes of Wrath, The (1940)",Drama,"Grapes of Wrath, The",Drama,4.111111111111111,9.0
3096,My Man Godfrey (1957),Comedy,My Man Godfrey,Comedy,5.0,1.0
3097,"Shop Around the Corner, The (1940)",Comedy|Drama|Romance,"Shop Around the Corner, The",Comedy Drama Romance,3.6666666666666665,3.0
3098,"Natural, The (1984)",Drama,"Natural, The",Drama,3.6458333333333335,24.0
3099,Shampoo (1975),Comedy|Drama|Romance,Shampoo,Comedy Drama Romance,3.0714285714285716,7.0
3100,"River Runs Through It, A (1992)",Drama,"River Runs Through It, A",Drama,3.9318181818181817,22.0
3101,Fatal Attraction (1987),Drama|Thriller,Fatal Attraction,Drama Thriller,3.0972222222222223,36.0
3102,Jagged Edge (1985),Crime|Romance|Thriller,Jagged Edge,Crime Romance Thriller,3.5714285714285716,7.0
3103,Stanley & Iris (1990),Drama|Romance,Stanley & Iris,Drama Romance,2.75,2.0
3104,Midnight Run (1988),Action|Comedy|Crime|Thriller,Midnight Run,Action Comedy Crime Thriller,3.6363636363636362,22.0
3105,Awakenings (1990),Drama|Mystery,Awakenings,Drama Mystery,3.6818181818181817,22.0
3106,Come See the Paradise (1990),Drama|Romance,Come See the Paradise,Drama Romance,1.0,1.0
3107,Backdraft (1991),Action|Drama,Backdraft,Action Drama,3.3043478260869565,23.0
3108,"Fisher King, The (1991)",Comedy|Drama|Fantasy|Romance,"Fisher King, The",Comedy Drama Fantasy Romance,3.8055555555555554,36.0
3109,"River, The (1984)",Drama,"River, The",Drama,3.5,4.0
3111,Places in the Heart (1984),Drama,Places in the Heart,Drama,4.25,4.0
3112,'night Mother (1986),Drama,'night Mother,Drama,3.0,1.0
3113,End of Days (1999),Action|Fantasy|Horror|Mystery|Thriller,End of Days,Action Fantasy Horror Mystery Thriller,2.7,15.0
3114,Toy Story 2 (1999),Adventure|Animation|Children|Comedy|Fantasy,Toy Story 2,Adventure Animation Children Comedy Fantasy,3.8608247422680413,97.0
3115,Flawless (1999),Drama,Flawless,Drama,4.0,5.0
3117,Ride with the Devil (1999),Drama|Romance|War,Ride with the Devil,Drama Romance War,3.875,4.0
3120,"Distinguished Gentleman, The (1992)",Comedy,"Distinguished Gentleman, The",Comedy,3.5,2.0
3125,"End of the Affair, The (1999)",Drama,"End of the Affair, The",Drama,4.0,1.0
3127,Holy Smoke (1999),Comedy|Drama,Holy Smoke,Comedy Drama,2.8333333333333335,3.0
3129,Sweet and Lowdown (1999),Comedy|Drama,Sweet and Lowdown,Comedy Drama,3.6666666666666665,3.0
3130,Bonfire of the Vanities (1990),Comedy|Crime|Drama,Bonfire of the Vanities,Comedy Crime Drama,2.4,5.0
3132,Daddy Long Legs (1919),Comedy|Drama,Daddy Long Legs,Comedy Drama,2.0,1.0
3134,Grand Illusion (La grande illusion) (1937),Drama|War,Grand Illusion (La grande illusion),Drama War,3.7142857142857144,7.0
3135,"Great Santini, The (1979)",Drama,"Great Santini, The",Drama,3.6666666666666665,3.0
3138,Stealing Home (1988),Drama,Stealing Home,Drama,3.0,2.0
3141,"Two Jakes, The (1990)",Drama,"Two Jakes, The",Drama,1.25,2.0
3142,U2: Rattle and Hum (1988),Documentary|Musical,U2: Rattle and Hum,Documentary Musical,3.25,4.0
3143,Hell in the Pacific (1968),Drama|War,Hell in the Pacific,Drama War,3.0,1.0
3145,Cradle Will Rock (1999),Drama,Cradle Will Rock,Drama,3.1666666666666665,3.0
3146,Deuce Bigalow: Male Gigolo (1999),Comedy,Deuce Bigalow: Male Gigolo,Comedy,2.323529411764706,17.0
3147,"Green Mile, The (1999)",Crime|Drama,"Green Mile, The",Crime Drama,4.148648648648648,111.0
3148,"Cider House Rules, The (1999)",Drama,"Cider House Rules, The",Drama,3.75,26.0
3150,"War Zone, The (1999)",Drama|Thriller,"War Zone, The",Drama Thriller,3.25,2.0
3152,"Last Picture Show, The (1971)",Drama,"Last Picture Show, The",Drama,4.5,8.0
3153,"7th Voyage of Sinbad, The (1958)",Action|Adventure|Fantasy,"7th Voyage of Sinbad, The",Action Adventure Fantasy,4.4,5.0
3155,Anna and the King (1999),Drama|Romance,Anna and the King,Drama Romance,3.6666666666666665,9.0
3156,Bicentennial Man (1999),Drama|Romance|Sci-Fi,Bicentennial Man,Drama Romance Sci-Fi,2.8,15.0
3157,Stuart Little (1999),Children|Comedy|Fantasy,Stuart Little,Children Comedy Fantasy,2.8421052631578947,19.0
3158,"Emperor and the Assassin, The (Jing ke ci qin wang) (1999)",Drama,"Emperor and the Assassin, The (Jing ke ci qin wang)",Drama,3.6666666666666665,3.0
3159,Fantasia 2000 (1999),Animation|Children|Musical|IMAX,Fantasia 2000,Animation Children Musical IMAX,3.8333333333333335,15.0
3160,Magnolia (1999),Drama,Magnolia,Drama,3.7115384615384617,52.0
3161,Onegin (1999),Drama|Romance,Onegin,Drama Romance,3.0,2.0
3162,Simpatico (1999),Comedy|Drama,Simpatico,Comedy Drama,3.0,1.0
3163,Topsy-Turvy (1999),Comedy|Drama|Musical,Topsy-Turvy,Comedy Drama Musical,3.875,4.0
3165,Boiling Point (1993),Action|Drama,Boiling Point,Action Drama,3.0,2.0
3167,Carnal Knowledge (1971),Comedy|Drama,Carnal Knowledge,Comedy Drama,3.5,4.0
3168,Easy Rider (1969),Adventure|Drama,Easy Rider,Adventure Drama,3.603448275862069,29.0
3169,The Falcon and the Snowman (1985),Crime|Drama|Thriller,The Falcon and the Snowman,Crime Drama Thriller,3.3,5.0
3171,Room at the Top (1959),Drama,Room at the Top,Drama,4.0,1.0
3173,Any Given Sunday (1999),Drama,Any Given Sunday,Drama,3.0,18.0
3174,Man on the Moon (1999),Comedy|Drama,Man on the Moon,Comedy Drama,3.4871794871794872,39.0
3175,Galaxy Quest (1999),Adventure|Comedy|Sci-Fi,Galaxy Quest,Adventure Comedy Sci-Fi,3.58,75.0
3176,"Talented Mr. Ripley, The (1999)",Drama|Mystery|Thriller,"Talented Mr. Ripley, The",Drama Mystery Thriller,3.336734693877551,49.0
3177,Next Friday (2000),Comedy,Next Friday,Comedy,3.25,6.0
3178,"Hurricane, The (1999)",Drama,"Hurricane, The",Drama,3.53125,16.0
3179,Angela's Ashes (1999),Drama,Angela's Ashes,Drama,3.3333333333333335,3.0
3181,Titus (1999),Drama,Titus,Drama,3.9166666666666665,6.0
3182,"Mr. Death: The Rise and Fall of Fred A. Leuchter, Jr. (1999)",Documentary,"Mr. Death: The Rise and Fall of Fred A. Leuchter, Jr.",Documentary,4.0,5.0
3183,"Third Miracle, The (1999)",Drama,"Third Miracle, The",Drama,3.0,1.0
3185,Snow Falling on Cedars (1999),Drama,Snow Falling on Cedars,Drama,3.3333333333333335,3.0
3186,"Girl, Interrupted (1999)",Drama,"Girl, Interrupted",Drama,3.4642857142857144,28.0
3189,My Dog Skip (1999),Children|Drama,My Dog Skip,Children Drama,3.5454545454545454,11.0
3190,Supernova (2000),Adventure|Sci-Fi|Thriller,Supernova,Adventure Sci-Fi Thriller,2.0,4.0
3192,"Terrorist, The (a.k.a. Malli) (Theeviravaathi) (1998)",Drama,"Terrorist, The (a.k.a. Malli) (Theeviravaathi)",Drama,3.0,1.0
3194,"Way We Were, The (1973)",Drama|Romance,"Way We Were, The",Drama Romance,3.625,4.0
3196,Stalag 17 (1953),Drama|War,Stalag 17,Drama War,3.7222222222222223,9.0
3197,"Presidio, The (1988)",Action|Crime|Romance|Thriller,"Presidio, The",Action Crime Romance Thriller,2.857142857142857,7.0
3198,Papillon (1973),Crime|Drama,Papillon,Crime Drama,3.9285714285714284,14.0
3200,"Last Detail, The (1973)",Comedy|Drama,"Last Detail, The",Comedy Drama,4.25,8.0
3201,Five Easy Pieces (1970),Drama,Five Easy Pieces,Drama,4.5,8.0
3203,Dead Calm (1989),Thriller,Dead Calm,Thriller,3.1666666666666665,12.0
3204,"Boys from Brazil, The (1978)",Action|Mystery|Thriller,"Boys from Brazil, The",Action Mystery Thriller,3.6875,8.0
3206,Against All Odds (1984),Romance,Against All Odds,Romance,2.3333333333333335,3.0
3208,Loaded Weapon 1 (National Lampoon's Loaded Weapon 1) (1993),Action|Comedy,Loaded Weapon 1 (National Lampoon's Loaded Weapon 1),Action Comedy,2.1875,8.0
3210,Fast Times at Ridgemont High (1982),Comedy|Drama|Romance,Fast Times at Ridgemont High,Comedy Drama Romance,3.4761904761904763,42.0
3211,"Cry in the Dark, A (1988)",Drama,"Cry in the Dark, A",Drama,3.75,2.0
3213,Batman: Mask of the Phantasm (1993),Animation|Children,Batman: Mask of the Phantasm,Animation Children,4.115384615384615,13.0
3214,American Flyers (1985),Drama,American Flyers,Drama,3.5,2.0
3217,"Star Is Born, A (1937)",Drama,"Star Is Born, A",Drama,3.5,3.0
3219,Pacific Heights (1990),Mystery|Thriller,Pacific Heights,Mystery Thriller,3.1923076923076925,13.0
3221,"Draughtsman's Contract, The (1982)",Drama,"Draughtsman's Contract, The",Drama,3.7,5.0
3223,"Zed & Two Noughts, A (1985)",Drama,"Zed & Two Noughts, A",Drama,3.0,2.0
3224,Woman in the Dunes (Suna no onna) (1964),Drama,Woman in the Dunes (Suna no onna),Drama,4.75,4.0
3225,Down to You (2000),Comedy|Romance,Down to You,Comedy Romance,2.0,4.0
3230,"Odessa File, The (1974)",Thriller,"Odessa File, The",Thriller,3.875,4.0
3235,Where the Buffalo Roam (1980),Comedy,Where the Buffalo Roam,Comedy,3.6666666666666665,3.0
3238,Eye of the Beholder (1999),Thriller,Eye of the Beholder,Thriller,1.5833333333333333,6.0
3240,"Big Tease, The (1999)",Comedy,"Big Tease, The",Comedy,3.25,2.0
3241,"Cup, The (Phörpa) (1999)",Comedy,"Cup, The (Phörpa)",Comedy,4.5,2.0
3243,Encino Man (1992),Comedy,Encino Man,Comedy,2.4,15.0
3244,"Goodbye Girl, The (1977)",Comedy|Romance,"Goodbye Girl, The",Comedy Romance,3.7083333333333335,12.0
3246,Malcolm X (1992),Drama,Malcolm X,Drama,4.166666666666667,15.0
3247,Sister Act (1992),Comedy|Crime,Sister Act,Comedy Crime,3.0277777777777777,36.0
3248,Sister Act 2: Back in the Habit (1993),Comedy,Sister Act 2: Back in the Habit,Comedy,1.8928571428571428,14.0
3249,"Hand That Rocks the Cradle, The (1992)",Drama|Thriller,"Hand That Rocks the Cradle, The",Drama Thriller,3.111111111111111,9.0
3250,Alive (1993),Drama,Alive,Drama,3.1666666666666665,9.0
3251,Agnes of God (1985),Drama|Mystery,Agnes of God,Drama Mystery,3.7,5.0
3252,Scent of a Woman (1992),Drama,Scent of a Woman,Drama,3.5925925925925926,27.0
3253,Wayne's World (1992),Comedy,Wayne's World,Comedy,3.4754098360655736,61.0
3254,Wayne's World 2 (1993),Comedy,Wayne's World 2,Comedy,3.2962962962962963,27.0
3255,"League of Their Own, A (1992)",Comedy|Drama,"League of Their Own, A",Comedy Drama,3.466666666666667,45.0
3256,Patriot Games (1992),Action|Crime|Drama|Thriller,Patriot Games,Action Crime Drama Thriller,3.5161290322580645,31.0
3257,"Bodyguard, The (1992)",Drama|Romance|Thriller,"Bodyguard, The",Drama Romance Thriller,2.859375,32.0
3258,Death Becomes Her (1992),Comedy|Fantasy,Death Becomes Her,Comedy Fantasy,2.8666666666666667,15.0
3259,Far and Away (1992),Adventure|Drama|Romance,Far and Away,Adventure Drama Romance,3.1363636363636362,11.0
3260,Howards End (1992),Drama,Howards End,Drama,4.0,12.0
3261,Singles (1992),Comedy|Drama|Romance,Singles,Comedy Drama Romance,3.1818181818181817,11.0
3262,Twin Peaks: Fire Walk with Me (1992),Crime|Drama|Mystery|Thriller,Twin Peaks: Fire Walk with Me,Crime Drama Mystery Thriller,3.409090909090909,11.0
3263,White Men Can't Jump (1992),Comedy|Drama,White Men Can't Jump,Comedy Drama,3.0454545454545454,22.0
3264,Buffy the Vampire Slayer (1992),Action|Comedy|Horror,Buffy the Vampire Slayer,Action Comedy Horror,2.423076923076923,26.0
3265,Hard-Boiled (Lat sau san taam) (1992),Action|Crime|Drama|Thriller,Hard-Boiled (Lat sau san taam),Action Crime Drama Thriller,4.0,9.0
3266,Man Bites Dog (C'est arrivé près de chez vous) (1992),Comedy|Crime|Drama|Thriller,Man Bites Dog (C'est arrivé près de chez vous),Comedy Crime Drama Thriller,4.5,6.0
3267,"Mariachi, El (1992)",Action|Crime|Thriller|Western,"Mariachi, El",Action Crime Thriller Western,3.5555555555555554,18.0
3268,Stop! Or My Mom Will Shoot (1992),Action|Comedy,Stop! Or My Mom Will Shoot,Action Comedy,1.7727272727272727,11.0
3269,Forever Young (1992),Drama|Romance|Sci-Fi,Forever Young,Drama Romance Sci-Fi,2.8518518518518516,27.0
3270,"Cutting Edge, The (1992)",Comedy|Drama|Romance,"Cutting Edge, The",Comedy Drama Romance,2.7916666666666665,12.0
3271,Of Mice and Men (1992),Drama,Of Mice and Men,Drama,3.676470588235294,17.0
3272,Bad Lieutenant (1992),Crime|Drama,Bad Lieutenant,Crime Drama,3.4375,8.0
3273,Scream 3 (2000),Comedy|Horror|Mystery|Thriller,Scream 3,Comedy Horror Mystery Thriller,2.6724137931034484,29.0
3274,Single White Female (1992),Drama|Thriller,Single White Female,Drama Thriller,3.375,12.0
3275,"Boondock Saints, The (2000)",Action|Crime|Drama|Thriller,"Boondock Saints, The",Action Crime Drama Thriller,4.22093023255814,43.0
3276,Gun Shy (2000),Comedy,Gun Shy,Comedy,1.0,1.0
3280,"Baby, The (1973)",Horror,"Baby, The",Horror,1.5,1.0
3281,"Brandon Teena Story, The (1998)",Documentary,"Brandon Teena Story, The",Documentary,2.0,1.0
3283,Minnie and Moskowitz (1971),Action,Minnie and Moskowitz,Action,3.25,2.0
3284,They Might Be Giants (1971),Comedy|Mystery|Romance,They Might Be Giants,Comedy Mystery Romance,3.0,1.0
3285,"Beach, The (2000)",Adventure|Drama,"Beach, The",Adventure Drama,3.0625,32.0
3286,Snow Day (2000),Comedy,Snow Day,Comedy,2.3,5.0
3287,"Tigger Movie, The (2000)",Animation|Children,"Tigger Movie, The",Animation Children,3.1666666666666665,3.0
3289,Not One Less (Yi ge dou bu neng shao) (1999),Drama,Not One Less (Yi ge dou bu neng shao),Drama,4.5,1.0
3294,Eaten Alive (1977),Horror,Eaten Alive,Horror,1.5,1.0
3295,Raining Stones (1993),Drama,Raining Stones,Drama,4.0,1.0
3296,To Sir with Love (1967),Drama,To Sir with Love,Drama,4.071428571428571,7.0
3298,Boiler Room (2000),Crime|Drama|Thriller,Boiler Room,Crime Drama Thriller,3.7142857142857144,21.0
3299,Hanging Up (2000),Comedy|Drama,Hanging Up,Comedy Drama,2.6666666666666665,3.0
3300,Pitch Black (2000),Horror|Sci-Fi|Thriller,Pitch Black,Horror Sci-Fi Thriller,3.5641025641025643,39.0
3301,"Whole Nine Yards, The (2000)",Comedy|Crime,"Whole Nine Yards, The",Comedy Crime,3.5238095238095237,42.0
3302,Beautiful People (1999),Comedy,Beautiful People,Comedy,4.75,2.0
3303,Black Tar Heroin: The Dark End of the Street (2000),Documentary,Black Tar Heroin: The Dark End of the Street,Documentary,5.0,1.0
3306,"Circus, The (1928)",Comedy,"Circus, The",Comedy,4.125,4.0
3307,City Lights (1931),Comedy|Drama|Romance,City Lights,Comedy Drama Romance,3.8461538461538463,13.0
3308,"Flamingo Kid, The (1984)",Comedy|Drama,"Flamingo Kid, The",Comedy Drama,2.857142857142857,7.0
3310,"Kid, The (1921)",Comedy|Drama,"Kid, The",Comedy Drama,4.1,5.0
3313,Class Reunion (1982),Comedy,Class Reunion,Comedy,1.5,2.0
3315,Happy Go Lovely (1951),Musical,Happy Go Lovely,Musical,4.5,1.0
3316,Reindeer Games (2000),Action|Thriller,Reindeer Games,Action Thriller,2.4615384615384617,13.0
3317,Wonder Boys (2000),Comedy|Drama,Wonder Boys,Comedy Drama,3.659090909090909,22.0
3323,Chain of Fools (2000),Comedy|Crime,Chain of Fools,Comedy Crime,4.0,1.0
3324,Drowning Mona (2000),Comedy,Drowning Mona,Comedy,1.3333333333333333,3.0
3325,"Next Best Thing, The (2000)",Comedy|Drama,"Next Best Thing, The",Comedy Drama,2.1666666666666665,3.0
3326,What Planet Are You From? (2000),Comedy|Sci-Fi,What Planet Are You From?,Comedy Sci-Fi,3.1666666666666665,3.0
3327,Beyond the Mat (1999),Documentary,Beyond the Mat,Documentary,3.7,5.0
3328,Ghost Dog: The Way of the Samurai (1999),Crime|Drama,Ghost Dog: The Way of the Samurai,Crime Drama,4.052631578947368,19.0
3329,The Year My Voice Broke (1987),Drama|Romance,The Year My Voice Broke,Drama Romance,4.0,1.0
3330,Splendor in the Grass (1961),Drama|Romance,Splendor in the Grass,Drama Romance,4.25,2.0
3331,My Tutor (1983),Drama,My Tutor,Drama,2.0,1.0
3334,Key Largo (1948),Crime|Drama|Film-Noir|Thriller,Key Largo,Crime Drama Film-Noir Thriller,4.2,10.0
3338,For All Mankind (1989),Documentary,For All Mankind,Documentary,0.0,0.0
3341,Born Yesterday (1950),Comedy,Born Yesterday,Comedy,4.285714285714286,7.0
3342,Birdy (1984),Drama|War,Birdy,Drama War,3.5,5.0
3344,Blood Feast (1963),Horror,Blood Feast,Horror,4.0,1.0
3345,"Charlie, the Lonesome Cougar (1967)",Adventure|Children,"Charlie, the Lonesome Cougar",Adventure Children,3.0,1.0
3347,Never Cry Wolf (1983),Adventure|Drama,Never Cry Wolf,Adventure Drama,4.166666666666667,9.0
3350,"Raisin in the Sun, A (1961)",Drama,"Raisin in the Sun, A",Drama,3.8333333333333335,3.0
3353,"Closer You Get, The (2000)",Comedy|Romance,"Closer You Get, The",Comedy Romance,4.5,1.0
3354,Mission to Mars (2000),Sci-Fi,Mission to Mars,Sci-Fi,2.6904761904761907,21.0
3355,"Ninth Gate, The (1999)",Fantasy|Horror|Mystery|Thriller,"Ninth Gate, The",Fantasy Horror Mystery Thriller,3.2,15.0
3357,East-West (Est-ouest) (1999),Drama|Romance,East-West (Est-ouest),Drama Romance,4.0,1.0
3358,Defending Your Life (1991),Comedy|Drama|Fantasy|Romance,Defending Your Life,Comedy Drama Fantasy Romance,3.85,10.0
3359,Breaking Away (1979),Comedy|Drama,Breaking Away,Comedy Drama,4.090909090909091,11.0
3360,Hoosiers (a.k.a. Best Shot) (1986),Drama|Romance,Hoosiers (a.k.a. Best Shot),Drama Romance,3.7045454545454546,22.0
3361,Bull Durham (1988),Comedy|Drama|Romance,Bull Durham,Comedy Drama Romance,3.6714285714285713,35.0
3362,Dog Day Afternoon (1975),Crime|Drama,Dog Day Afternoon,Crime Drama,3.9342105263157894,38.0
3363,American Graffiti (1973),Comedy|Drama,American Graffiti,Comedy Drama,3.8488372093023258,43.0
3364,"Asphalt Jungle, The (1950)",Crime|Film-Noir,"Asphalt Jungle, The",Crime Film-Noir,3.6666666666666665,3.0
3365,"Searchers, The (1956)",Drama|Western,"Searchers, The",Drama Western,4.071428571428571,7.0
3368,"Big Country, The (1958)",Romance|Western,"Big Country, The",Romance Western,3.25,2.0
3370,Betrayed (1988),Drama|Thriller,Betrayed,Drama Thriller,2.5,2.0
3372,"Bridge at Remagen, The (1969)",Action|War,"Bridge at Remagen, The",Action War,4.0,2.0
3374,Daughters of the Dust (1991),Drama,Daughters of the Dust,Drama,4.0,1.0
3378,"Ogre, The (Unhold, Der) (1996)",Drama,"Ogre, The (Unhold, Der)",Drama,4.0,1.0
3379,On the Beach (1959),Drama,On the Beach,Drama,4.5,1.0
3384,"Taking of Pelham One Two Three, The (1974)",Action|Crime,"Taking of Pelham One Two Three, The",Action Crime,4.5,4.0
3385,Volunteers (1985),Comedy,Volunteers,Comedy,2.8125,8.0
3386,JFK (1991),Drama|Mystery|Thriller,JFK,Drama Mystery Thriller,3.5,31.0
3387,Who's Harry Crumb? (1989),Comedy|Mystery,Who's Harry Crumb?,Comedy Mystery,2.857142857142857,7.0
3388,Harry and the Hendersons (1987),Children|Comedy,Harry and the Hendersons,Children Comedy,2.5454545454545454,11.0
3389,Let's Get Harry (1986),Action|Adventure,Let's Get Harry,Action Adventure,2.0,1.0
3390,Shanghai Surprise (1986),Adventure|Crime|Drama|Romance,Shanghai Surprise,Adventure Crime Drama Romance,2.0,1.0
3391,Who's That Girl? (1987),Comedy,Who's That Girl?,Comedy,2.5,2.0
3392,She-Devil (1989),Comedy,She-Devil,Comedy,2.3333333333333335,6.0
3393,Date with an Angel (1987),Comedy|Fantasy|Romance,Date with an Angel,Comedy Fantasy Romance,1.3333333333333333,3.0
3394,Blind Date (1987),Comedy|Romance,Blind Date,Comedy Romance,2.357142857142857,7.0
3395,Nadine (1987),Comedy,Nadine,Comedy,3.0,3.0
3396,"Muppet Movie, The (1979)",Adventure|Children|Comedy|Musical,"Muppet Movie, The",Adventure Children Comedy Musical,3.590909090909091,33.0
3397,"Great Muppet Caper, The (1981)",Children|Comedy,"Great Muppet Caper, The",Children Comedy,3.4545454545454546,11.0
3398,"Muppets Take Manhattan, The (1984)",Children|Comedy|Musical,"Muppets Take Manhattan, The",Children Comedy Musical,3.3333333333333335,15.0
3400,We're Back! A Dinosaur's Story (1993),Adventure|Animation|Children|Fantasy,We're Back! A Dinosaur's Story,Adventure Animation Children Fantasy,3.0,1.0
3401,Baby... Secret of the Lost Legend (1985),Adventure|Sci-Fi,Baby... Secret of the Lost Legend,Adventure Sci-Fi,2.2,5.0
3402,Turtle Diary (1985),Comedy|Drama|Romance,Turtle Diary,Comedy Drama Romance,4.0,2.0
3403,Raise the Titanic (1980),Drama|Thriller,Raise the Titanic,Drama Thriller,4.0,1.0
3404,Titanic (1953),Action|Drama,Titanic,Action Drama,3.5833333333333335,6.0
3405,"Night to Remember, A (1958)",Action|Drama,"Night to Remember, A",Action Drama,3.0,1.0
3406,Captain Horatio Hornblower R.N. (1951),Action|Adventure|Drama|War,Captain Horatio Hornblower R.N.,Action Adventure Drama War,3.0,3.0
3408,Erin Brockovich (2000),Drama,Erin Brockovich,Drama,3.5285714285714285,70.0
3409,Final Destination (2000),Drama|Thriller,Final Destination,Drama Thriller,2.9285714285714284,35.0
3410,Soft Fruit (1999),Comedy|Drama,Soft Fruit,Comedy Drama,4.0,1.0
3412,"Bear, The (Ours, L') (1988)",Adventure|Children|Drama,"Bear, The (Ours, L')",Adventure Children Drama,3.4166666666666665,6.0
3414,Love Is a Many-Splendored Thing (1955),Drama|Romance|War,Love Is a Many-Splendored Thing,Drama Romance War,4.0,1.0
3415,"Mirror, The (Zerkalo) (1975)",Drama,"Mirror, The (Zerkalo)",Drama,4.166666666666667,3.0
3417,"Crimson Pirate, The (1952)",Adventure|Comedy,"Crimson Pirate, The",Adventure Comedy,3.0,1.0
3418,Thelma & Louise (1991),Adventure|Crime|Drama,Thelma & Louise,Adventure Crime Drama,3.4634146341463414,41.0
3420,...And Justice for All (1979),Drama|Thriller,...And Justice for All,Drama Thriller,3.1666666666666665,3.0
3421,Animal House (1978),Comedy,Animal House,Comedy,3.693548387096774,62.0
3422,She's Gotta Have It (1986),Comedy|Romance,She's Gotta Have It,Comedy Romance,3.3333333333333335,6.0
3423,School Daze (1988),Drama,School Daze,Drama,2.1666666666666665,3.0
3424,Do the Right Thing (1989),Drama,Do the Right Thing,Drama,4.037037037037037,27.0
3425,Mo' Better Blues (1990),Drama|Musical,Mo' Better Blues,Drama Musical,3.4,5.0
3426,Jungle Fever (1991),Drama|Romance,Jungle Fever,Drama Romance,3.0714285714285716,7.0
3428,"Champ, The (1979)",Drama,"Champ, The",Drama,3.0,1.0
3429,Creature Comforts (1989),Animation|Comedy,Creature Comforts,Animation Comedy,4.25,12.0
3430,Death Wish (1974),Action|Crime|Drama,Death Wish,Action Crime Drama,3.0,4.0
3431,Death Wish 2 (1982),Action|Drama,Death Wish 2,Action Drama,1.6666666666666667,3.0
3432,Death Wish 3 (1985),Action|Drama,Death Wish 3,Action Drama,1.5,2.0
3433,Death Wish 4: The Crackdown (1987),Action|Drama,Death Wish 4: The Crackdown,Action Drama,1.0,1.0
3434,Death Wish 5: The Face of Death (1994),Action|Drama,Death Wish 5: The Face of Death,Action Drama,1.0,1.0
3435,Double Indemnity (1944),Crime|Drama|Film-Noir,Double Indemnity,Crime Drama Film-Noir,4.323529411764706,17.0
3436,Dying Young (1991),Drama|Romance,Dying Young,Drama Romance,3.75,4.0
3438,Teenage Mutant Ninja Turtles (1990),Action|Children|Comedy|Fantasy|Sci-Fi,Teenage Mutant Ninja Turtles,Action Children Comedy Fantasy Sci-Fi,3.0,25.0
3439,Teenage Mutant Ninja Turtles II: The Secret of the Ooze (1991),Action|Children|Fantasy,Teenage Mutant Ninja Turtles II: The Secret of the Ooze,Action Children Fantasy,2.6923076923076925,13.0
3440,Teenage Mutant Ninja Turtles III (1993),Action|Adventure|Children|Comedy|Fantasy,Teenage Mutant Ninja Turtles III,Action Adventure Children Comedy Fantasy,2.0714285714285716,14.0
3441,Red Dawn (1984),Action|Drama|War,Red Dawn,Action Drama War,3.4285714285714284,14.0
3442,Band of the Hand (1986),Action|Crime|Drama,Band of the Hand,Action Crime Drama,1.0,1.0
3444,Bloodsport (1988),Action,Bloodsport,Action,2.9444444444444446,9.0
3445,Eyes of Laura Mars (1978),Mystery|Thriller,Eyes of Laura Mars,Mystery Thriller,3.5,4.0
3446,Funny Bones (1995),Comedy|Drama,Funny Bones,Comedy Drama,2.75,2.0
3447,"Good Earth, The (1937)",Drama,"Good Earth, The",Drama,4.0,2.0
3448,"Good Morning, Vietnam (1987)",Comedy|Drama|War,"Good Morning, Vietnam",Comedy Drama War,3.802325581395349,43.0
3449,"Good Mother, The (1988)",Drama,"Good Mother, The",Drama,4.0,1.0
3450,Grumpy Old Men (1993),Comedy,Grumpy Old Men,Comedy,3.293103448275862,29.0
3451,Guess Who's Coming to Dinner (1967),Drama,Guess Who's Coming to Dinner,Drama,4.545454545454546,11.0
3452,Romeo Must Die (2000),Action|Crime|Romance|Thriller,Romeo Must Die,Action Crime Romance Thriller,3.0833333333333335,18.0
3453,Here on Earth (2000),Drama|Romance,Here on Earth,Drama Romance,3.0,2.0
3454,Whatever It Takes (2000),Comedy|Romance,Whatever It Takes,Comedy Romance,2.25,2.0
3455,Buddy Boy (1999),Drama|Thriller,Buddy Boy,Drama Thriller,2.5,1.0
3456,"Color of Paradise, The (Rang-e khoda) (1999)",Drama,"Color of Paradise, The (Rang-e khoda)",Drama,0.0,0.0
3459,Gothic (1986),Drama|Horror,Gothic,Drama Horror,4.0,1.0
3461,Lord of the Flies (1963),Adventure|Drama|Thriller,Lord of the Flies,Adventure Drama Thriller,3.0384615384615383,13.0
3462,Modern Times (1936),Comedy|Drama|Romance,Modern Times,Comedy Drama Romance,3.72,25.0
3466,Heart and Souls (1993),Comedy|Fantasy,Heart and Souls,Comedy Fantasy,3.0,8.0
3467,Hud (1963),Drama|Western,Hud,Drama Western,3.75,4.0
3468,"Hustler, The (1961)",Drama,"Hustler, The",Drama,4.333333333333333,18.0
3469,Inherit the Wind (1960),Drama,Inherit the Wind,Drama,4.083333333333333,6.0
3470,Dersu Uzala (1975),Adventure|Drama,Dersu Uzala,Adventure Drama,4.3,5.0
3471,Close Encounters of the Third Kind (1977),Adventure|Drama|Sci-Fi,Close Encounters of the Third Kind,Adventure Drama Sci-Fi,3.7416666666666667,60.0
3473,Jonah Who Will Be 25 in the Year 2000 (Jonas qui aura 25 ans en l'an 2000) (1976),Comedy,Jonah Who Will Be 25 in the Year 2000 (Jonas qui aura 25 ans en l'an 2000),Comedy,5.0,2.0
3474,Retroactive (1997),Sci-Fi|Thriller,Retroactive,Sci-Fi Thriller,4.0,1.0
3475,"Place in the Sun, A (1951)",Drama|Romance,"Place in the Sun, A",Drama Romance,4.5,2.0
3476,Jacob's Ladder (1990),Horror|Mystery,Jacob's Ladder,Horror Mystery,3.5576923076923075,26.0
3477,Empire Records (1995),Comedy|Drama,Empire Records,Comedy Drama,3.3846153846153846,13.0
3478,"Bamba, La (1987)",Drama,"Bamba, La",Drama,2.7857142857142856,7.0
3479,Ladyhawke (1985),Adventure|Fantasy|Romance,Ladyhawke,Adventure Fantasy Romance,3.3333333333333335,18.0
3480,Lucas (1986),Drama|Romance,Lucas,Drama Romance,3.3333333333333335,3.0
3481,High Fidelity (2000),Comedy|Drama|Romance,High Fidelity,Comedy Drama Romance,3.6666666666666665,75.0
3483,"Road to El Dorado, The (2000)",Animation|Children,"Road to El Dorado, The",Animation Children,3.1153846153846154,13.0
3484,"Skulls, The (2000)",Thriller,"Skulls, The",Thriller,2.75,10.0
3489,Hook (1991),Adventure|Comedy|Fantasy,Hook,Adventure Comedy Fantasy,3.358490566037736,53.0
3492,"Son of the Sheik, The (1926)",Adventure|Comedy|Romance,"Son of the Sheik, The",Adventure Comedy Romance,4.0,1.0
3494,True Grit (1969),Adventure|Drama|Western,True Grit,Adventure Drama Western,4.0,6.0
3496,Madame Sousatzka (1988),Drama,Madame Sousatzka,Drama,5.0,1.0
3497,Max Dugan Returns (1983),Comedy,Max Dugan Returns,Comedy,2.5,4.0
3498,Midnight Express (1978),Drama,Midnight Express,Drama,4.0,8.0
3499,Misery (1990),Drama|Horror|Thriller,Misery,Drama Horror Thriller,3.840909090909091,44.0
3500,Mr. Saturday Night (1992),Comedy|Drama,Mr. Saturday Night,Comedy Drama,3.0,4.0
3501,Murphy's Romance (1985),Comedy|Romance,Murphy's Romance,Comedy Romance,2.3,5.0
3502,My Life (1993),Drama,My Life,Drama,3.5,3.0
3503,Solaris (Solyaris) (1972),Drama|Mystery|Sci-Fi,Solaris (Solyaris),Drama Mystery Sci-Fi,4.090909090909091,11.0
3504,Network (1976),Comedy|Drama,Network,Comedy Drama,4.0227272727272725,22.0
3505,No Way Out (1987),Drama|Mystery|Thriller,No Way Out,Drama Mystery Thriller,3.7222222222222223,9.0
3506,North Dallas Forty (1979),Comedy|Drama,North Dallas Forty,Comedy Drama,3.0,5.0
3507,"Odd Couple, The (1968)",Comedy,"Odd Couple, The",Comedy,4.066666666666666,15.0
3508,"Outlaw Josey Wales, The (1976)",Action|Adventure|Drama|Thriller|Western,"Outlaw Josey Wales, The",Action Adventure Drama Thriller Western,4.25,18.0
3510,Frequency (2000),Drama|Thriller,Frequency,Drama Thriller,3.4166666666666665,36.0
3511,Ready to Rumble (2000),Comedy,Ready to Rumble,Comedy,2.25,6.0
3512,Return to Me (2000),Drama|Romance,Return to Me,Drama Romance,3.5625,8.0
3513,Rules of Engagement (2000),Drama|Thriller,Rules of Engagement,Drama Thriller,3.0714285714285716,7.0
3514,Joe Gould's Secret (2000),Drama,Joe Gould's Secret,Drama,3.0,1.0
3515,Me Myself I (2000),Comedy|Romance,Me Myself I,Comedy Romance,3.611111111111111,9.0
3516,"Bell, Book and Candle (1958)",Comedy|Fantasy|Romance,"Bell, Book and Candle",Comedy Fantasy Romance,3.375,4.0
3519,Force 10 from Navarone (1978),Action|Drama|War,Force 10 from Navarone,Action Drama War,2.9166666666666665,6.0
3521,Mystery Train (1989),Comedy|Drama,Mystery Train,Comedy Drama,3.4285714285714284,7.0
3524,Arthur (1981),Comedy|Romance,Arthur,Comedy Romance,2.8,10.0
3525,Bachelor Party (1984),Comedy,Bachelor Party,Comedy,2.9,5.0
3526,Parenthood (1989),Comedy|Drama,Parenthood,Comedy Drama,3.7,15.0
3527,Predator (1987),Action|Sci-Fi|Thriller,Predator,Action Sci-Fi Thriller,3.581967213114754,61.0
3528,"Prince of Tides, The (1991)",Drama|Romance,"Prince of Tides, The",Drama Romance,3.4,5.0
3529,"Postman Always Rings Twice, The (1981)",Crime|Thriller,"Postman Always Rings Twice, The",Crime Thriller,3.5,5.0
3531,All the Vermeers in New York (1990),Comedy|Drama|Romance,All the Vermeers in New York,Comedy Drama Romance,5.0,1.0
3534,28 Days (2000),Drama,28 Days,Drama,3.3,25.0
3535,American Psycho (2000),Crime|Horror|Mystery|Thriller,American Psycho,Crime Horror Mystery Thriller,3.788135593220339,59.0
3536,Keeping the Faith (2000),Comedy|Drama|Romance,Keeping the Faith,Comedy Drama Romance,3.4523809523809526,21.0
3537,Where the Money Is (2000),Comedy|Drama,Where the Money Is,Comedy Drama,3.3333333333333335,3.0
3538,East is East (1999),Comedy,East is East,Comedy,3.2,5.0
3539,"Filth and the Fury, The (2000)",Documentary,"Filth and the Fury, The",Documentary,3.25,2.0
3543,Diner (1982),Comedy|Drama,Diner,Comedy Drama,3.75,14.0
3544,Shakes the Clown (1992),Comedy,Shakes the Clown,Comedy,2.3333333333333335,3.0
3545,Cabaret (1972),Drama|Musical,Cabaret,Drama Musical,3.0,5.0
3546,What Ever Happened to Baby Jane? (1962),Drama|Horror|Thriller,What Ever Happened to Baby Jane?,Drama Horror Thriller,4.5,2.0
3548,Auntie Mame (1958),Comedy|Drama,Auntie Mame,Comedy Drama,3.7,5.0
3549,Guys and Dolls (1955),Comedy|Musical|Romance,Guys and Dolls,Comedy Musical Romance,3.9375,8.0
3550,The Hunger (1983),Horror,The Hunger,Horror,3.6666666666666665,6.0
3551,Marathon Man (1976),Crime|Drama|Thriller,Marathon Man,Crime Drama Thriller,3.4615384615384617,13.0
3552,Caddyshack (1980),Comedy,Caddyshack,Comedy,3.826923076923077,52.0
3553,Gossip (2000),Drama|Thriller,Gossip,Drama Thriller,2.4,5.0
3554,Love and Basketball (2000),Drama|Romance,Love and Basketball,Drama Romance,3.0,3.0
3555,U-571 (2000),Action|Thriller|War,U-571,Action Thriller War,3.4242424242424243,33.0
3556,"Virgin Suicides, The (1999)",Drama|Romance,"Virgin Suicides, The",Drama Romance,3.769230769230769,26.0
3557,Jennifer 8 (1992),Mystery|Thriller,Jennifer 8,Mystery Thriller,2.9,5.0
3559,Limelight (1952),Comedy|Drama|Romance,Limelight,Comedy Drama Romance,3.6666666666666665,3.0
3563,"Crow: Salvation, The (2000)",Action|Horror,"Crow: Salvation, The",Action Horror,2.5,3.0
3564,"Flintstones in Viva Rock Vegas, The (2000)",Children|Comedy,"Flintstones in Viva Rock Vegas, The",Children Comedy,1.625,12.0
3565,Where the Heart Is (2000),Comedy|Drama,Where the Heart Is,Comedy Drama,3.5,7.0
3566,"Big Kahuna, The (2000)",Comedy|Drama,"Big Kahuna, The",Comedy Drama,2.875,8.0
3567,Bossa Nova (2000),Comedy|Drama|Romance,Bossa Nova,Comedy Drama Romance,5.0,1.0
3568,Smiling Fish and Goat on Fire (1999),Comedy|Romance,Smiling Fish and Goat on Fire,Comedy Romance,4.0,1.0
3569,"Idiots, The (Idioterne) (1998)",Comedy|Drama,"Idiots, The (Idioterne)",Comedy Drama,4.0,2.0
3571,Time Code (2000),Comedy|Drama,Time Code,Comedy Drama,3.0,2.0
3572,Carnosaur (1993),Horror|Sci-Fi,Carnosaur,Horror Sci-Fi,2.0,4.0
3573,Carnosaur 2 (1995),Horror|Sci-Fi,Carnosaur 2,Horror Sci-Fi,1.5,2.0
3574,Carnosaur 3: Primal Species (1996),Horror|Sci-Fi,Carnosaur 3: Primal Species,Horror Sci-Fi,1.0,1.0
3576,"Hidden, The (1987)",Action|Horror|Sci-Fi,"Hidden, The",Action Horror Sci-Fi,3.5,4.0
3577,Two Moon Junction (1988),Drama|Romance,Two Moon Junction,Drama Romance,2.0,2.0
3578,Gladiator (2000),Action|Adventure|Drama,Gladiator,Action Adventure Drama,3.9382352941176473,170.0
3580,Up at the Villa (2000),Drama,Up at the Villa,Drama,3.5,2.0
3581,Human Traffic (1999),Comedy,Human Traffic,Comedy,3.5,2.0
3584,Breathless (1983),Action|Drama|Romance|Thriller,Breathless,Action Drama Romance Thriller,2.0,4.0
3586,The Idolmaker (1980),Drama|Romance,The Idolmaker,Drama Romance,4.0,1.0
3587,Inferno (1980),Horror,Inferno,Horror,2.5,2.0
3590,"Lords of Flatbush, The (1974)",Comedy|Drama,"Lords of Flatbush, The",Comedy Drama,2.0,1.0
3591,Mr. Mom (1983),Comedy|Drama,Mr. Mom,Comedy Drama,2.7333333333333334,15.0
3592,"Time Masters (Maîtres du temps, Les) (1982)",Animation|Sci-Fi,"Time Masters (Maîtres du temps, Les)",Animation Sci-Fi,4.5,1.0
3593,Battlefield Earth (2000),Action|Sci-Fi,Battlefield Earth,Action Sci-Fi,1.6578947368421053,19.0
3594,Center Stage (2000),Drama|Musical,Center Stage,Drama Musical,3.25,6.0
3596,Screwed (2000),Comedy,Screwed,Comedy,1.0,1.0
3597,Whipped (2000),Comedy,Whipped,Comedy,2.0,2.0
3598,Hamlet (2000),Crime|Drama|Romance|Thriller,Hamlet,Crime Drama Romance Thriller,3.0,3.0
3599,Anchors Aweigh (1945),Comedy|Musical,Anchors Aweigh,Comedy Musical,3.2,5.0
3604,Gypsy (1962),Musical,Gypsy,Musical,0.5,1.0
3606,On the Town (1949),Comedy|Musical|Romance,On the Town,Comedy Musical Romance,3.75,4.0
3608,Pee-wee's Big Adventure (1985),Adventure|Comedy,Pee-wee's Big Adventure,Adventure Comedy,2.94,25.0
3609,Regret to Inform (1998),Documentary,Regret to Inform,Documentary,3.5,1.0
3614,Honeymoon in Vegas (1992),Comedy|Romance,Honeymoon in Vegas,Comedy Romance,2.9375,8.0
3615,Dinosaur (2000),Adventure|Animation|Children,Dinosaur,Adventure Animation Children,3.107142857142857,14.0
3616,Loser (2000),Comedy|Romance,Loser,Comedy Romance,3.3,10.0
3617,Road Trip (2000),Comedy,Road Trip,Comedy,3.0853658536585367,41.0
3618,Small Time Crooks (2000),Comedy|Crime,Small Time Crooks,Comedy Crime,3.5416666666666665,12.0
3619,"Hollywood Knights, The (1980)",Comedy,"Hollywood Knights, The",Comedy,2.0,1.0
3622,"Twelve Chairs, The (1970)",Comedy,"Twelve Chairs, The",Comedy,3.0,1.0
3623,Mission: Impossible II (2000),Action|Adventure|Thriller,Mission: Impossible II,Action Adventure Thriller,2.7142857142857144,77.0
3624,Shanghai Noon (2000),Action|Adventure|Comedy|Western,Shanghai Noon,Action Adventure Comedy Western,3.1511627906976742,43.0
3625,Better Living Through Circuitry (1999),Documentary,Better Living Through Circuitry,Documentary,2.0,1.0
3626,8 ½ Women (a.k.a. 8 1/2 Women) (a.k.a. Eight and a Half Women) (1999),Comedy,8 ½ Women (a.k.a. 8 1/2 Women) (a.k.a. Eight and a Half Women),Comedy,3.3333333333333335,3.0
3627,Carnival of Souls (1962),Horror|Thriller,Carnival of Souls,Horror Thriller,3.875,4.0
3628,Flying Tigers (1942),Action|Drama|Romance|War,Flying Tigers,Action Drama Romance War,3.0,2.0
3629,"Gold Rush, The (1925)",Adventure|Comedy|Romance,"Gold Rush, The",Adventure Comedy Romance,4.071428571428571,7.0
3632,Monsieur Verdoux (1947),Comedy|Crime,Monsieur Verdoux,Comedy Crime,4.0,5.0
3633,On Her Majesty's Secret Service (1969),Action|Adventure|Romance|Thriller,On Her Majesty's Secret Service,Action Adventure Romance Thriller,3.264705882352941,17.0
3634,Seven Days in May (1964),Thriller,Seven Days in May,Thriller,4.0,1.0
3635,"Spy Who Loved Me, The (1977)",Action|Adventure|Thriller,"Spy Who Loved Me, The",Action Adventure Thriller,3.4444444444444446,18.0
3637,Vagabond (Sans toit ni loi) (1985),Drama,Vagabond (Sans toit ni loi),Drama,5.0,1.0
3638,Moonraker (1979),Action|Adventure|Sci-Fi|Thriller,Moonraker,Action Adventure Sci-Fi Thriller,3.1346153846153846,26.0
3639,"Man with the Golden Gun, The (1974)",Action|Adventure|Thriller,"Man with the Golden Gun, The",Action Adventure Thriller,3.5833333333333335,18.0
3640,"King in New York, A (1957)",Comedy|Drama,"King in New York, A",Comedy Drama,4.0,1.0
3641,"Woman of Paris, A (1923)",Drama,"Woman of Paris, A",Drama,4.0,2.0
3643,"Fighting Seabees, The (1944)",Action|Drama|War,"Fighting Seabees, The",Action Drama War,3.5,2.0
3646,Big Momma's House (2000),Comedy,Big Momma's House,Comedy,2.176470588235294,17.0
3648,"Abominable Snowman, The (Abominable Snowman of the Himalayas, The) (1957)",Horror|Sci-Fi,"Abominable Snowman, The (Abominable Snowman of the Himalayas, The)",Horror Sci-Fi,4.0,1.0
3649,American Gigolo (1980),Drama,American Gigolo,Drama,2.6875,8.0
3652,"City of the Living Dead (a.k.a. Gates of Hell, The) (Paura nella città dei morti viventi) (1980)",Horror,"City of the Living Dead (a.k.a. Gates of Hell, The) (Paura nella città dei morti viventi)",Horror,3.0,1.0
3653,"Endless Summer, The (1966)",Documentary,"Endless Summer, The",Documentary,4.166666666666667,3.0
3654,"Guns of Navarone, The (1961)",Action|Adventure|Drama|War,"Guns of Navarone, The",Action Adventure Drama War,3.769230769230769,13.0
3655,Blow-Out (La grande bouffe) (1973),Drama,Blow-Out (La grande bouffe),Drama,4.25,2.0
3658,Quatermass and the Pit (1967),Horror|Sci-Fi,Quatermass and the Pit,Horror Sci-Fi,3.0,1.0
3660,Puppet Master (1989),Horror|Sci-Fi|Thriller,Puppet Master,Horror Sci-Fi Thriller,2.0,2.0
3661,Puppet Master II (1991),Horror|Sci-Fi|Thriller,Puppet Master II,Horror Sci-Fi Thriller,3.0,1.0
3662,Puppet Master III: Toulon's Revenge (1991),Horror|Sci-Fi|Thriller,Puppet Master III: Toulon's Revenge,Horror Sci-Fi Thriller,3.0,2.0
3663,Puppet Master 4 (1993),Horror|Sci-Fi|Thriller,Puppet Master 4,Horror Sci-Fi Thriller,2.0,1.0
3664,Puppet Master 5: The Final Chapter (1994),Horror|Sci-Fi|Thriller,Puppet Master 5: The Final Chapter,Horror Sci-Fi Thriller,2.0,1.0
3667,Rent-A-Cop (1988),Action|Comedy|Crime,Rent-A-Cop,Action Comedy Crime,1.0,1.0
3668,Romeo and Juliet (1968),Drama|Romance,Romeo and Juliet,Drama Romance,3.6666666666666665,15.0
3669,Stay Tuned (1992),Comedy,Stay Tuned,Comedy,2.5,1.0
3671,Blazing Saddles (1974),Comedy|Western,Blazing Saddles,Comedy Western,3.935483870967742,62.0
3672,Benji (1974),Adventure|Children,Benji,Adventure Children,3.8,5.0
3673,Benji the Hunted (1987),Adventure|Children,Benji the Hunted,Adventure Children,4.5,2.0
3674,For the Love of Benji (1977),Adventure|Children|Comedy|Drama,For the Love of Benji,Adventure Children Comedy Drama,4.0,1.0
3675,White Christmas (1954),Comedy|Musical|Romance,White Christmas,Comedy Musical Romance,4.1875,8.0
3676,Eraserhead (1977),Drama|Horror,Eraserhead,Drama Horror,3.75,10.0
3677,Baraka (1992),Documentary,Baraka,Documentary,4.125,4.0
3678,"Man with the Golden Arm, The (1955)",Drama,"Man with the Golden Arm, The",Drama,5.0,1.0
3679,"Decline of Western Civilization, The (1981)",Documentary|Musical,"Decline of Western Civilization, The",Documentary Musical,3.75,2.0
3680,"Decline of Western Civilization Part II: The Metal Years, The (1988)",Documentary,"Decline of Western Civilization Part II: The Metal Years, The",Documentary,3.0,1.0
3681,For a Few Dollars More (Per qualche dollaro in più) (1965),Action|Drama|Thriller|Western,For a Few Dollars More (Per qualche dollaro in più),Action Drama Thriller Western,4.151515151515151,33.0
3682,Magnum Force (1973),Action|Crime|Drama|Thriller,Magnum Force,Action Crime Drama Thriller,3.7,5.0
3683,Blood Simple (1984),Crime|Drama|Film-Noir,Blood Simple,Crime Drama Film-Noir,4.0,19.0
3684,"Fabulous Baker Boys, The (1989)",Drama|Romance,"Fabulous Baker Boys, The",Drama Romance,3.0714285714285716,7.0
3685,Prizzi's Honor (1985),Comedy|Drama|Romance,Prizzi's Honor,Comedy Drama Romance,3.7777777777777777,9.0
3686,Flatliners (1990),Horror|Sci-Fi|Thriller,Flatliners,Horror Sci-Fi Thriller,2.933333333333333,15.0
3687,Light Years (Gandahar) (1988),Adventure|Animation|Fantasy|Sci-Fi,Light Years (Gandahar),Adventure Animation Fantasy Sci-Fi,5.0,1.0
3688,Porky's (1982),Comedy,Porky's,Comedy,2.1363636363636362,11.0
3689,Porky's II: The Next Day (1983),Comedy,Porky's II: The Next Day,Comedy,1.75,4.0
3690,Porky's Revenge (1985),Comedy,Porky's Revenge,Comedy,2.0,5.0
3691,Private School (1983),Comedy,Private School,Comedy,3.0,1.0
3692,Class of Nuke 'Em High (1986),Comedy|Horror,Class of Nuke 'Em High,Comedy Horror,3.0,1.0
3693,"Toxic Avenger, The (1985)",Comedy|Horror,"Toxic Avenger, The",Comedy Horror,2.125,8.0
3694,"Toxic Avenger, Part II, The (1989)",Comedy|Horror,"Toxic Avenger, Part II, The",Comedy Horror,2.0,2.0
3695,"Toxic Avenger Part III: The Last Temptation of Toxie, The (1989)",Comedy|Horror,"Toxic Avenger Part III: The Last Temptation of Toxie, The",Comedy Horror,2.0,2.0
3696,Night of the Creeps (1986),Comedy|Horror|Sci-Fi|Thriller,Night of the Creeps,Comedy Horror Sci-Fi Thriller,3.1666666666666665,3.0
3697,Predator 2 (1990),Action|Sci-Fi|Thriller,Predator 2,Action Sci-Fi Thriller,2.9047619047619047,21.0
3698,"Running Man, The (1987)",Action|Sci-Fi,"Running Man, The",Action Sci-Fi,3.2205882352941178,34.0
3699,Starman (1984),Adventure|Drama|Romance|Sci-Fi,Starman,Adventure Drama Romance Sci-Fi,3.1538461538461537,13.0
3700,"Brother from Another Planet, The (1984)",Drama|Sci-Fi,"Brother from Another Planet, The",Drama Sci-Fi,2.5,1.0
3701,Alien Nation (1988),Crime|Drama|Sci-Fi|Thriller,Alien Nation,Crime Drama Sci-Fi Thriller,3.1153846153846154,13.0
3702,Mad Max (1979),Action|Adventure|Sci-Fi,Mad Max,Action Adventure Sci-Fi,3.486842105263158,38.0
3703,"Road Warrior, The (Mad Max 2) (1981)",Action|Adventure|Sci-Fi|Thriller,"Road Warrior, The (Mad Max 2)",Action Adventure Sci-Fi Thriller,4.0375,40.0
3704,Mad Max Beyond Thunderdome (1985),Action|Adventure|Sci-Fi,Mad Max Beyond Thunderdome,Action Adventure Sci-Fi,3.2708333333333335,24.0
3705,Bird on a Wire (1990),Action|Comedy|Romance,Bird on a Wire,Action Comedy Romance,2.3125,8.0
3706,Angel Heart (1987),Film-Noir|Horror|Mystery|Thriller,Angel Heart,Film-Noir Horror Mystery Thriller,3.0,8.0
3707,9 1/2 Weeks (Nine 1/2 Weeks) (1986),Drama|Romance,9 1/2 Weeks (Nine 1/2 Weeks),Drama Romance,2.7,10.0
3708,Firestarter (1984),Horror|Thriller,Firestarter,Horror Thriller,3.05,10.0
3709,Sleepwalkers (1992),Horror,Sleepwalkers,Horror,2.0,1.0
3710,Action Jackson (1988),Action|Comedy|Crime|Thriller,Action Jackson,Action Comedy Crime Thriller,1.6666666666666667,3.0
3711,Sarafina! (1992),Drama,Sarafina!,Drama,4.0,1.0
3712,Soapdish (1991),Comedy,Soapdish,Comedy,2.8333333333333335,3.0
3713,"Long Walk Home, The (1990)",Drama,"Long Walk Home, The",Drama,4.0,1.0
3714,Clara's Heart (1988),Drama,Clara's Heart,Drama,2.5,1.0
3715,Burglar (1987),Comedy|Crime,Burglar,Comedy Crime,2.75,2.0
3716,Fatal Beauty (1987),Action|Comedy|Crime|Drama,Fatal Beauty,Action Comedy Crime Drama,1.0,1.0
3717,Gone in 60 Seconds (2000),Action|Crime,Gone in 60 Seconds,Action Crime,3.221311475409836,61.0
3719,Love's Labour's Lost (2000),Comedy|Romance,Love's Labour's Lost,Comedy Romance,3.0,2.0
3720,Sunshine (1999),Drama,Sunshine,Drama,4.0,1.0
3723,Hamlet (1990),Drama,Hamlet,Drama,3.8,5.0
3724,Coming Home (1978),Drama|War,Coming Home,Drama War,3.3,5.0
3725,American Pop (1981),Animation|Musical,American Pop,Animation Musical,3.5,2.0
3726,Assault on Precinct 13 (1976),Action|Thriller,Assault on Precinct 13,Action Thriller,3.6,5.0
3727,Near Dark (1987),Horror|Western,Near Dark,Horror Western,4.3125,8.0
3728,One False Move (1992),Crime|Drama|Film-Noir|Thriller,One False Move,Crime Drama Film-Noir Thriller,3.75,4.0
3729,Shaft (1971),Action|Crime|Drama|Thriller,Shaft,Action Crime Drama Thriller,4.0,3.0
3730,"Conversation, The (1974)",Drama|Mystery,"Conversation, The",Drama Mystery,4.205882352941177,17.0
3731,Cutter's Way (1981),Drama|Thriller,Cutter's Way,Drama Thriller,3.0,1.0
3732,"Fury, The (1978)",Horror,"Fury, The",Horror,3.0,4.0
3733,"Paper Chase, The (1973)",Drama,"Paper Chase, The",Drama,3.8333333333333335,3.0
3735,Serpico (1973),Crime|Drama,Serpico,Crime Drama,3.7941176470588234,17.0
3736,"Ace in the Hole (Big Carnival, The) (1951)",Drama,"Ace in the Hole (Big Carnival, The)",Drama,3.0,1.0
3737,Lonely Are the Brave (1962),Drama|Western,Lonely Are the Brave,Drama Western,4.0,1.0
3738,"Sugarland Express, The (1974)",Drama,"Sugarland Express, The",Drama,3.0,2.0
3739,Trouble in Paradise (1932),Comedy|Romance,Trouble in Paradise,Comedy Romance,3.5,1.0
3740,Big Trouble in Little China (1986),Action|Adventure|Comedy|Fantasy,Big Trouble in Little China,Action Adventure Comedy Fantasy,3.857142857142857,28.0
3741,Badlands (1973),Crime|Drama|Thriller,Badlands,Crime Drama Thriller,4.090909090909091,11.0
3742,Battleship Potemkin (1925),Drama|War,Battleship Potemkin,Drama War,3.65,10.0
3743,Boys and Girls (2000),Comedy|Romance,Boys and Girls,Comedy Romance,2.0,3.0
3744,Shaft (2000),Action|Crime|Thriller,Shaft,Action Crime Thriller,2.6578947368421053,19.0
3745,Titan A.E. (2000),Action|Adventure|Animation|Children|Sci-Fi,Titan A.E.,Action Adventure Animation Children Sci-Fi,3.413793103448276,29.0
3746,Butterfly (La lengua de las mariposas) (1999),Drama,Butterfly (La lengua de las mariposas),Drama,4.0,2.0
3747,Jesus' Son (1999),Drama,Jesus' Son,Drama,3.5,2.0
3751,Chicken Run (2000),Animation|Children|Comedy,Chicken Run,Animation Children Comedy,3.551282051282051,78.0
3752,"Me, Myself & Irene (2000)",Adventure|Comedy,"Me, Myself & Irene",Adventure Comedy,3.0869565217391304,46.0
3753,"Patriot, The (2000)",Action|Drama|War,"Patriot, The",Action Drama War,3.448529411764706,68.0
3754,"Adventures of Rocky and Bullwinkle, The (2000)",Adventure|Animation|Children|Comedy|Fantasy,"Adventures of Rocky and Bullwinkle, The",Adventure Animation Children Comedy Fantasy,2.2222222222222223,9.0
3755,"Perfect Storm, The (2000)",Drama|Thriller,"Perfect Storm, The",Drama Thriller,3.1704545454545454,44.0
3756,"Golden Bowl, The (2000)",Drama,"Golden Bowl, The",Drama,4.0,1.0
3758,Communion (1989),Drama|Sci-Fi|Thriller,Communion,Drama Sci-Fi Thriller,3.5,2.0
3760,"Kentucky Fried Movie, The (1977)",Comedy,"Kentucky Fried Movie, The",Comedy,3.5,3.0
3761,"Blood In, Blood Out (1993)",Action|Crime|Drama|Thriller,"Blood In, Blood Out",Action Crime Drama Thriller,4.0,1.0
3763,F/X (1986),Action|Crime|Thriller,F/X,Action Crime Thriller,3.21875,16.0
3764,F/X2 (a.k.a. F/X 2 - The Deadly Art of Illusion) (1991),Action|Crime|Thriller,F/X2 (a.k.a. F/X 2 - The Deadly Art of Illusion),Action Crime Thriller,2.3,5.0
3765,"Hot Spot, The (1990)",Crime|Drama|Romance,"Hot Spot, The",Crime Drama Romance,3.0,2.0
3766,Missing in Action (1984),Action|War,Missing in Action,Action War,2.0833333333333335,6.0
3767,Missing in Action 2: The Beginning (1985),Action|War,Missing in Action 2: The Beginning,Action War,1.6666666666666667,3.0
3768,Braddock: Missing in Action III (1988),Action|War,Braddock: Missing in Action III,Action War,1.25,2.0
3769,Thunderbolt and Lightfoot (1974),Action,Thunderbolt and Lightfoot,Action,3.3333333333333335,3.0
3770,Dreamscape (1984),Horror|Sci-Fi|Thriller,Dreamscape,Horror Sci-Fi Thriller,2.6666666666666665,6.0
3771,The Golden Voyage of Sinbad (1973),Action|Adventure|Fantasy,The Golden Voyage of Sinbad,Action Adventure Fantasy,4.0,3.0
3773,House Party (1990),Comedy,House Party,Comedy,2.0,2.0
3774,House Party 2 (1991),Comedy|Drama|Romance,House Party 2,Comedy Drama Romance,0.75,4.0
3783,Croupier (1998),Crime|Drama,Croupier,Crime Drama,3.9545454545454546,11.0
3784,"Kid, The (2000)",Comedy|Fantasy,"Kid, The",Comedy Fantasy,2.590909090909091,11.0
3785,Scary Movie (2000),Comedy|Horror,Scary Movie,Comedy Horror,2.92,50.0
3786,But I'm a Cheerleader (1999),Comedy,But I'm a Cheerleader,Comedy,2.625,4.0
3787,Shower (Xizao) (1999),Comedy,Shower (Xizao),Comedy,4.0,2.0
3788,Blow-Up (Blowup) (1966),Drama|Mystery,Blow-Up (Blowup),Drama Mystery,3.6666666666666665,6.0
3789,"Pawnbroker, The (1964)",Drama,"Pawnbroker, The",Drama,3.5,1.0
3790,Groove (2000),Drama,Groove,Drama,4.0,2.0
3791,Footloose (1984),Drama,Footloose,Drama,3.1875,16.0
3792,Duel in the Sun (1946),Drama|Romance|Western,Duel in the Sun,Drama Romance Western,5.0,1.0
3793,X-Men (2000),Action|Adventure|Sci-Fi,X-Men,Action Adventure Sci-Fi,3.699248120300752,133.0
3794,Chuck & Buck (2000),Comedy|Drama,Chuck & Buck,Comedy Drama,2.5,2.0
3795,"Five Senses, The (1999)",Drama,"Five Senses, The",Drama,5.0,1.0
3797,"In Crowd, The (2000)",Thriller,"In Crowd, The",Thriller,2.6666666666666665,3.0
3798,What Lies Beneath (2000),Drama|Horror|Mystery,What Lies Beneath,Drama Horror Mystery,3.2,25.0
3799,Pokémon the Movie 2000 (2000),Animation|Children,Pokémon the Movie 2000,Animation Children,1.5833333333333333,6.0
3801,Anatomy of a Murder (1959),Drama|Mystery,Anatomy of a Murder,Drama Mystery,4.0,4.0
3802,Freejack (1992),Action|Sci-Fi,Freejack,Action Sci-Fi,2.0,4.0
3806,Mackenna's Gold (1969),Western,Mackenna's Gold,Western,3.0,1.0
3807,Sinbad and the Eye of the Tiger (1977),Adventure|Fantasy,Sinbad and the Eye of the Tiger,Adventure Fantasy,3.0,1.0
3808,"Two Women (Ciociara, La) (1960)",Drama|War,"Two Women (Ciociara, La)",Drama War,4.0,1.0
3809,What About Bob? (1991),Comedy,What About Bob?,Comedy,3.2714285714285714,35.0
3810,White Sands (1992),Drama|Thriller,White Sands,Drama Thriller,3.0,3.0
3811,Breaker Morant (1980),Drama|War,Breaker Morant,Drama War,3.9285714285714284,7.0
3812,Everything You Always Wanted to Know About Sex * But Were Afraid to Ask (1972),Comedy,Everything You Always Wanted to Know About Sex * But Were Afraid to Ask,Comedy,3.4583333333333335,12.0
3813,Interiors (1978),Drama,Interiors,Drama,4.166666666666667,3.0
3814,Love and Death (1975),Comedy,Love and Death,Comedy,4.222222222222222,9.0
3816,"Official Story, The (La historia oficial) (1985)",Drama,"Official Story, The (La historia oficial)",Drama,4.0,1.0
3819,Tampopo (1985),Comedy,Tampopo,Comedy,4.0,3.0
3821,Nutty Professor II: The Klumps (2000),Comedy,Nutty Professor II: The Klumps,Comedy,2.28125,16.0
3822,"Girl on the Bridge, The (Fille sur le pont, La) (1999)",Drama|Romance,"Girl on the Bridge, The (Fille sur le pont, La)",Drama Romance,4.125,4.0
3823,Wonderland (1999),Drama,Wonderland,Drama,4.0,2.0
3824,Autumn in New York (2000),Drama|Romance,Autumn in New York,Drama Romance,2.409090909090909,11.0
3825,Coyote Ugly (2000),Comedy|Drama|Romance,Coyote Ugly,Comedy Drama Romance,2.7413793103448274,29.0
3826,Hollow Man (2000),Horror|Sci-Fi|Thriller,Hollow Man,Horror Sci-Fi Thriller,2.2948717948717947,39.0
3827,Space Cowboys (2000),Action|Adventure|Comedy|Sci-Fi,Space Cowboys,Action Adventure Comedy Sci-Fi,2.891304347826087,23.0
3830,Psycho Beach Party (2000),Comedy|Horror|Thriller,Psycho Beach Party,Comedy Horror Thriller,1.5,2.0
3831,Saving Grace (2000),Comedy,Saving Grace,Comedy,3.909090909090909,11.0
3832,"Black Sabbath (Tre volti della paura, I) (1963)",Horror,"Black Sabbath (Tre volti della paura, I)",Horror,4.0,1.0
3833,"Brain That Wouldn't Die, The (1962)",Horror|Sci-Fi,"Brain That Wouldn't Die, The",Horror Sci-Fi,1.5,2.0
3834,Bronco Billy (1980),Adventure|Drama|Romance,Bronco Billy,Adventure Drama Romance,3.0,2.0
3835,"Crush, The (1993)",Thriller,"Crush, The",Thriller,2.1666666666666665,6.0
3836,Kelly's Heroes (1970),Action|Comedy|War,Kelly's Heroes,Action Comedy War,4.133333333333334,15.0
3837,Phantasm II (1988),Action|Fantasy|Horror|Sci-Fi|Thriller,Phantasm II,Action Fantasy Horror Sci-Fi Thriller,2.5,3.0
3838,Phantasm III: Lord of the Dead (1994),Horror,Phantasm III: Lord of the Dead,Horror,2.0,1.0
3839,Phantasm IV: Oblivion (1998),Horror,Phantasm IV: Oblivion,Horror,1.6666666666666667,3.0
3840,Pumpkinhead (1988),Horror,Pumpkinhead,Horror,2.4,5.0
3841,Air America (1990),Action|Comedy,Air America,Action Comedy,2.8333333333333335,6.0
3843,Sleepaway Camp (1983),Horror,Sleepaway Camp,Horror,2.375,4.0
3844,Steel Magnolias (1989),Drama,Steel Magnolias,Drama,3.3333333333333335,9.0
3845,And God Created Woman (Et Dieu... créa la femme) (1956),Drama,And God Created Woman (Et Dieu... créa la femme),Drama,4.0,1.0
3846,Easy Money (1983),Comedy,Easy Money,Comedy,3.625,4.0
3847,"Ilsa, She Wolf of the SS (1974)",Horror,"Ilsa, She Wolf of the SS",Horror,2.0,1.0
3849,The Spiral Staircase (1945),Horror|Mystery|Thriller,The Spiral Staircase,Horror Mystery Thriller,4.0,2.0
3851,I'm the One That I Want (2000),Comedy,I'm the One That I Want,Comedy,5.0,1.0
3852,"Tao of Steve, The (2000)",Comedy,"Tao of Steve, The",Comedy,3.3846153846153846,13.0
3855,"Affair of Love, An (Liaison pornographique, Une) (1999)",Drama|Romance,"Affair of Love, An (Liaison pornographique, Une)",Drama Romance,4.75,2.0
3857,Bless the Child (2000),Thriller,Bless the Child,Thriller,4.0,1.0
3858,Cecil B. DeMented (2000),Comedy,Cecil B. DeMented,Comedy,3.5,5.0
3859,"Eyes of Tammy Faye, The (2000)",Documentary,"Eyes of Tammy Faye, The",Documentary,3.75,2.0
3861,"Replacements, The (2000)",Comedy,"Replacements, The",Comedy,2.6842105263157894,19.0
3862,About Adam (2000),Comedy,About Adam,Comedy,3.75,2.0
3863,"Cell, The (2000)",Drama|Horror|Thriller,"Cell, The",Drama Horror Thriller,3.0444444444444443,45.0
3864,Godzilla 2000 (Gojira ni-sen mireniamu) (1999),Action|Adventure|Sci-Fi,Godzilla 2000 (Gojira ni-sen mireniamu),Action Adventure Sci-Fi,2.1,5.0
3865,"Original Kings of Comedy, The (2000)",Comedy|Documentary,"Original Kings of Comedy, The",Comedy Documentary,3.25,4.0
3868,"Naked Gun: From the Files of Police Squad!, The (1988)",Action|Comedy|Crime|Romance,"Naked Gun: From the Files of Police Squad!, The",Action Comedy Crime Romance,3.4047619047619047,42.0
3869,"Naked Gun 2 1/2: The Smell of Fear, The (1991)",Comedy,"Naked Gun 2 1/2: The Smell of Fear, The",Comedy,3.423076923076923,26.0
3870,Our Town (1940),Drama,Our Town,Drama,3.0,1.0
3871,Shane (1953),Drama|Western,Shane,Drama Western,3.9,5.0
3872,"Suddenly, Last Summer (1959)",Drama,"Suddenly, Last Summer",Drama,3.5,1.0
3873,Cat Ballou (1965),Comedy|Western,Cat Ballou,Comedy Western,3.142857142857143,7.0
3877,Supergirl (1984),Action|Adventure|Fantasy,Supergirl,Action Adventure Fantasy,2.2222222222222223,9.0
3879,"Art of War, The (2000)",Action|Thriller,"Art of War, The",Action Thriller,2.0,2.0
3882,Bring It On (2000),Comedy,Bring It On,Comedy,2.6911764705882355,34.0
3884,"Crew, The (2000)",Comedy,"Crew, The",Comedy,1.5,3.0
3888,Skipped Parts (2000),Drama|Romance,Skipped Parts,Drama Romance,4.0,1.0
3889,Highlander: Endgame (Highlander IV) (2000),Action|Adventure|Fantasy,Highlander: Endgame (Highlander IV),Action Adventure Fantasy,2.25,6.0
3893,Nurse Betty (2000),Comedy|Crime|Drama|Romance|Thriller,Nurse Betty,Comedy Crime Drama Romance Thriller,3.3421052631578947,19.0
3894,Solas (1999),Drama,Solas,Drama,4.0,1.0
3895,"Watcher, The (2000)",Crime|Thriller,"Watcher, The",Crime Thriller,1.5,1.0
3896,"Way of the Gun, The (2000)",Crime|Thriller,"Way of the Gun, The",Crime Thriller,3.125,8.0
3897,Almost Famous (2000),Drama,Almost Famous,Drama,3.8674698795180724,83.0
3898,Bait (2000),Action|Comedy,Bait,Action Comedy,2.5,2.0
3899,Circus (2000),Crime|Drama|Thriller,Circus,Crime Drama Thriller,1.0,1.0
3900,Crime and Punishment in Suburbia (2000),Comedy|Drama,Crime and Punishment in Suburbia,Comedy Drama,4.0,1.0
3901,Duets (2000),Comedy|Drama,Duets,Comedy Drama,3.25,2.0
3906,Under Suspicion (2000),Crime|Thriller,Under Suspicion,Crime Thriller,2.5,2.0
3908,Urban Legends: Final Cut (2000),Horror,Urban Legends: Final Cut,Horror,1.5,3.0
3909,Woman on Top (2000),Comedy|Romance,Woman on Top,Comedy Romance,2.0,4.0
3910,Dancer in the Dark (2000),Drama|Musical,Dancer in the Dark,Drama Musical,3.975,20.0
3911,Best in Show (2000),Comedy,Best in Show,Comedy,3.688679245283019,53.0
3912,Beautiful (2000),Comedy|Drama,Beautiful,Comedy Drama,2.5,2.0
3914,"Broken Hearts Club, The (2000)",Drama,"Broken Hearts Club, The",Drama,4.0,1.0
3915,Girlfight (2000),Drama,Girlfight,Drama,3.6666666666666665,6.0
3916,Remember the Titans (2000),Drama,Remember the Titans,Drama,3.7439024390243905,41.0
3917,Hellraiser (1987),Horror,Hellraiser,Horror,3.3666666666666667,15.0
3918,Hellbound: Hellraiser II (1988),Horror,Hellbound: Hellraiser II,Horror,3.2777777777777777,9.0
3919,Hellraiser III: Hell on Earth (1992),Horror,Hellraiser III: Hell on Earth,Horror,2.5,1.0
3920,"Faraway, So Close (In weiter Ferne, so nah!) (1993)",Drama|Fantasy|Mystery|Romance,"Faraway, So Close (In weiter Ferne, so nah!)",Drama Fantasy Mystery Romance,4.0,1.0
3922,Bikini Beach (1964),Comedy,Bikini Beach,Comedy,1.0,1.0
3925,Stranger Than Paradise (1984),Comedy|Drama,Stranger Than Paradise,Comedy Drama,3.9166666666666665,6.0
3926,Voyage to the Bottom of the Sea (1961),Adventure|Sci-Fi,Voyage to the Bottom of the Sea,Adventure Sci-Fi,3.0,1.0
3927,Fantastic Voyage (1966),Adventure|Sci-Fi,Fantastic Voyage,Adventure Sci-Fi,2.6666666666666665,6.0
3928,Abbott and Costello Meet Frankenstein (1948),Comedy|Horror,Abbott and Costello Meet Frankenstein,Comedy Horror,3.75,4.0
3929,"Bank Dick, The (1940)",Comedy,"Bank Dick, The",Comedy,2.5,2.0
3930,"Creature from the Black Lagoon, The (1954)",Adventure|Horror|Sci-Fi,"Creature from the Black Lagoon, The",Adventure Horror Sci-Fi,2.125,4.0
3932,"Invisible Man, The (1933)",Horror|Sci-Fi,"Invisible Man, The",Horror Sci-Fi,3.5,2.0
3933,"Killer Shrews, The (1959)",Horror|Sci-Fi,"Killer Shrews, The",Horror Sci-Fi,0.5,1.0
3937,Runaway (1984),Sci-Fi|Thriller,Runaway,Sci-Fi Thriller,2.625,4.0
3938,"Slumber Party Massacre, The (1982)",Horror,"Slumber Party Massacre, The",Horror,2.75,2.0
3939,Slumber Party Massacre II (1987),Horror,Slumber Party Massacre II,Horror,5.0,1.0
3940,Slumber Party Massacre III (1990),Horror,Slumber Party Massacre III,Horror,5.0,1.0
3941,Sorority House Massacre (1986),Horror,Sorority House Massacre,Horror,5.0,1.0
3942,Sorority House Massacre II (1990),Horror,Sorority House Massacre II,Horror,5.0,1.0
3943,Bamboozled (2000),Comedy,Bamboozled,Comedy,2.9375,8.0
3945,Digimon: The Movie (2000),Adventure|Animation|Children,Digimon: The Movie,Adventure Animation Children,3.0,1.0
3946,Get Carter (2000),Action|Drama|Thriller,Get Carter,Action Drama Thriller,2.5,5.0
3947,Get Carter (1971),Action|Crime|Drama|Thriller,Get Carter,Action Crime Drama Thriller,3.3333333333333335,3.0
3948,Meet the Parents (2000),Comedy,Meet the Parents,Comedy,3.4175824175824174,91.0
3949,Requiem for a Dream (2000),Drama,Requiem for a Dream,Drama,3.921875,96.0
3950,Tigerland (2000),Drama,Tigerland,Drama,3.5625,8.0
3951,Two Family House (2000),Drama,Two Family House,Drama,5.0,1.0
3952,"Contender, The (2000)",Drama|Thriller,"Contender, The",Drama Thriller,3.0714285714285716,7.0
3953,Dr. T and the Women (2000),Comedy|Romance,Dr. T and the Women,Comedy Romance,2.125,4.0
3955,"Ladies Man, The (2000)",Comedy,"Ladies Man, The",Comedy,1.5833333333333333,6.0
3957,Billy Jack (1971),Action|Drama,Billy Jack,Action Drama,2.6666666666666665,3.0
3958,Billy Jack Goes to Washington (1977),Drama,Billy Jack Goes to Washington,Drama,2.0,1.0
3959,"Time Machine, The (1960)",Action|Adventure|Sci-Fi,"Time Machine, The",Action Adventure Sci-Fi,3.625,8.0
3962,Ghoulies II (1987),Comedy|Horror,Ghoulies II,Comedy Horror,1.5,1.0
3963,"Unsinkable Molly Brown, The (1964)",Musical,"Unsinkable Molly Brown, The",Musical,3.75,2.0
3964,"Adventures of Ichabod and Mr. Toad, The (1949)",Animation|Children,"Adventures of Ichabod and Mr. Toad, The",Animation Children,3.0,3.0
3965,"Strange Love of Martha Ivers, The (1946)",Drama|Film-Noir,"Strange Love of Martha Ivers, The",Drama Film-Noir,3.5,1.0
3966,Detour (1945),Crime|Film-Noir,Detour,Crime Film-Noir,3.5,2.0
3967,Billy Elliot (2000),Drama,Billy Elliot,Drama,3.8513513513513513,37.0
3968,Bedazzled (2000),Comedy,Bedazzled,Comedy,3.074074074074074,27.0
3969,Pay It Forward (2000),Drama,Pay It Forward,Drama,3.4423076923076925,26.0
3971,"Private Eyes, The (1981)",Comedy|Mystery,"Private Eyes, The",Comedy Mystery,2.75,2.0
3972,"Legend of Drunken Master, The (Jui kuen II) (1994)",Action|Comedy,"Legend of Drunken Master, The (Jui kuen II)",Action Comedy,4.125,16.0
3973,Book of Shadows: Blair Witch 2 (2000),Crime|Horror|Mystery|Thriller,Book of Shadows: Blair Witch 2,Crime Horror Mystery Thriller,1.125,4.0
3974,"Little Vampire, The (2000)",Adventure|Children,"Little Vampire, The",Adventure Children,3.0,1.0
3977,Charlie's Angels (2000),Action|Comedy,Charlie's Angels,Action Comedy,2.7222222222222223,72.0
3978,"Legend of Bagger Vance, The (2000)",Drama|Romance,"Legend of Bagger Vance, The",Drama Romance,3.066666666666667,15.0
3979,Little Nicky (2000),Comedy,Little Nicky,Comedy,2.5,24.0
3980,Men of Honor (2000),Drama,Men of Honor,Drama,3.392857142857143,14.0
3981,Red Planet (2000),Action|Sci-Fi|Thriller,Red Planet,Action Sci-Fi Thriller,2.3461538461538463,13.0
3983,You Can Count on Me (2000),Drama|Romance,You Can Count on Me,Drama Romance,4.166666666666667,9.0
3984,Diamonds Are Forever (1971),Action|Adventure|Thriller,Diamonds Are Forever,Action Adventure Thriller,3.5,21.0
3985,"Eagle Has Landed, The (1976)",Drama|War,"Eagle Has Landed, The",Drama War,3.25,6.0
3986,"6th Day, The (2000)",Action|Sci-Fi|Thriller,"6th Day, The",Action Sci-Fi Thriller,2.8,20.0
3987,Bounce (2000),Drama|Romance,Bounce,Drama Romance,2.4166666666666665,6.0
3988,How the Grinch Stole Christmas (a.k.a. The Grinch) (2000),Children|Comedy|Fantasy,How the Grinch Stole Christmas (a.k.a. The Grinch),Children Comedy Fantasy,3.0454545454545454,33.0
3989,One Day in September (1999),Documentary,One Day in September,Documentary,4.0,2.0
3990,Rugrats in Paris: The Movie (2000),Animation|Children|Comedy,Rugrats in Paris: The Movie,Animation Children Comedy,2.25,4.0
3991,102 Dalmatians (2000),Children|Comedy,102 Dalmatians,Children Comedy,2.7777777777777777,9.0
3992,Malèna (2000),Drama|Romance|War,Malèna,Drama Romance War,3.7,5.0
3993,Quills (2000),Drama|Romance,Quills,Drama Romance,3.0,6.0
3994,Unbreakable (2000),Drama|Sci-Fi,Unbreakable,Drama Sci-Fi,3.4794520547945207,73.0
3996,"Crouching Tiger, Hidden Dragon (Wo hu cang long) (2000)",Action|Drama|Romance,"Crouching Tiger, Hidden Dragon (Wo hu cang long)",Action Drama Romance,3.8363636363636364,110.0
3997,Dungeons & Dragons (2000),Action|Adventure|Comedy|Fantasy,Dungeons & Dragons,Action Adventure Comedy Fantasy,1.8333333333333333,12.0
3998,Proof of Life (2000),Drama,Proof of Life,Drama,3.0416666666666665,12.0
3999,Vertical Limit (2000),Action|Adventure,Vertical Limit,Action Adventure,2.607142857142857,14.0
4000,"Bounty, The (1984)",Adventure|Drama,"Bounty, The",Adventure Drama,3.0,3.0
4002,"Planes, Trains & Automobiles (1987)",Comedy,"Planes, Trains & Automobiles",Comedy,3.8518518518518516,27.0
4003,She's Having a Baby (1988),Comedy,She's Having a Baby,Comedy,3.3333333333333335,3.0
4005,"Living Daylights, The (1987)",Action|Adventure|Thriller,"Living Daylights, The",Action Adventure Thriller,3.2916666666666665,12.0
4006,Transformers: The Movie (1986),Adventure|Animation|Children|Sci-Fi,Transformers: The Movie,Adventure Animation Children Sci-Fi,3.357142857142857,7.0
4007,Wall Street (1987),Drama,Wall Street,Drama,3.75,20.0
4008,Born on the Fourth of July (1989),Drama|War,Born on the Fourth of July,Drama War,3.5384615384615383,13.0
4009,Talk Radio (1988),Drama,Talk Radio,Drama,3.0,2.0
4010,Brewster's Millions (1985),Comedy,Brewster's Millions,Comedy,2.9375,8.0
4011,Snatch (2000),Comedy|Crime|Thriller,Snatch,Comedy Crime Thriller,4.155913978494624,93.0
4012,Punchline (1988),Comedy|Drama,Punchline,Comedy Drama,2.5,4.0
4014,Chocolat (2000),Drama|Romance,Chocolat,Drama Romance,3.521276595744681,47.0
4015,"Dude, Where's My Car? (2000)",Comedy|Sci-Fi,"Dude, Where's My Car?",Comedy Sci-Fi,2.727272727272727,33.0
4016,"Emperor's New Groove, The (2000)",Adventure|Animation|Children|Comedy|Fantasy,"Emperor's New Groove, The",Adventure Animation Children Comedy Fantasy,3.7162162162162162,37.0
4017,Pollock (2000),Drama,Pollock,Drama,3.5357142857142856,14.0
4018,What Women Want (2000),Comedy|Romance,What Women Want,Comedy Romance,3.138888888888889,54.0
4019,Finding Forrester (2000),Drama,Finding Forrester,Drama,3.7142857142857144,28.0
4020,"Gift, The (2000)",Thriller,"Gift, The",Thriller,2.923076923076923,13.0
4021,Before Night Falls (2000),Drama,Before Night Falls,Drama,4.3,5.0
4022,Cast Away (2000),Drama,Cast Away,Drama,3.7,100.0
4023,"Family Man, The (2000)",Comedy|Drama|Romance,"Family Man, The",Comedy Drama Romance,3.130434782608696,23.0
4024,"House of Mirth, The (2000)",Romance,"House of Mirth, The",Romance,2.1666666666666665,3.0
4025,Miss Congeniality (2000),Comedy|Crime,Miss Congeniality,Comedy Crime,3.0546875,64.0
4027,"O Brother, Where Art Thou? (2000)",Adventure|Comedy|Crime,"O Brother, Where Art Thou?",Adventure Comedy Crime,3.8085106382978724,94.0
4029,State and Main (2000),Comedy|Drama,State and Main,Comedy Drama,3.875,12.0
4030,Dracula 2000 (2000),Horror,Dracula 2000,Horror,1.8,5.0
4031,All the Pretty Horses (2000),Drama|Romance|Western,All the Pretty Horses,Drama Romance Western,2.5,2.0
4032,"Everlasting Piece, An (2000)",Comedy,"Everlasting Piece, An",Comedy,4.0,1.0
4033,Thirteen Days (2000),Drama|Thriller|War,Thirteen Days,Drama Thriller War,3.923076923076923,13.0
4034,Traffic (2000),Crime|Drama|Thriller,Traffic,Crime Drama Thriller,3.9,70.0
4035,"Claim, The (2000)",Romance|Western,"Claim, The",Romance Western,2.8333333333333335,3.0
4036,Shadow of the Vampire (2000),Drama|Horror,Shadow of the Vampire,Drama Horror,3.1363636363636362,11.0
4037,House of Games (1987),Crime|Film-Noir|Mystery|Thriller,House of Games,Crime Film-Noir Mystery Thriller,3.8125,8.0
4039,Annie (1982),Children|Musical,Annie,Children Musical,3.125,16.0
4040,Don't Tell Mom the Babysitter's Dead (1991),Comedy,Don't Tell Mom the Babysitter's Dead,Comedy,2.3461538461538463,13.0
4041,"Officer and a Gentleman, An (1982)",Drama|Romance,"Officer and a Gentleman, An",Drama Romance,3.642857142857143,14.0
4042,"Alamo, The (1960)",Action|Drama|War|Western,"Alamo, The",Action Drama War Western,3.375,4.0
4043,At Close Range (1986),Crime|Drama,At Close Range,Crime Drama,3.3333333333333335,3.0
4046,Friendly Persuasion (1956),Drama,Friendly Persuasion,Drama,4.0,1.0
4047,Gettysburg (1993),Drama|War,Gettysburg,Drama War,3.6666666666666665,9.0
4051,Horrors of Spider Island (Ein Toter Hing im Netz) (1960),Horror|Sci-Fi,Horrors of Spider Island (Ein Toter Hing im Netz),Horror Sci-Fi,0.5,1.0
4052,Antitrust (2001),Crime|Drama|Thriller,Antitrust,Crime Drama Thriller,3.5625,8.0
4053,Double Take (2001),Action|Comedy,Double Take,Action Comedy,2.5,2.0
4054,Save the Last Dance (2001),Drama|Romance,Save the Last Dance,Drama Romance,2.84375,16.0
4055,Panic (2000),Drama,Panic,Drama,4.0,2.0
4056,"Pledge, The (2001)",Crime|Drama|Mystery|Thriller,"Pledge, The",Crime Drama Mystery Thriller,3.2857142857142856,7.0
4061,The Man in the Moon (1991),Drama|Romance,The Man in the Moon,Drama Romance,4.0,2.0
4062,Mystic Pizza (1988),Comedy|Drama|Romance,Mystic Pizza,Comedy Drama Romance,3.375,8.0
4063,Prelude to a Kiss (1992),Comedy|Drama|Romance,Prelude to a Kiss,Comedy Drama Romance,2.5,4.0
4064,Coffy (1973),Action|Crime|Thriller,Coffy,Action Crime Thriller,3.5,1.0
4065,Foxy Brown (1974),Action|Crime|Drama,Foxy Brown,Action Crime Drama,2.5,1.0
4066,I'm Gonna Git You Sucka (1988),Action|Comedy,I'm Gonna Git You Sucka,Action Comedy,2.875,4.0
4067,Untamed Heart (1993),Drama|Romance,Untamed Heart,Drama Romance,3.375,4.0
4068,Sugar & Spice (2001),Comedy,Sugar & Spice,Comedy,2.7142857142857144,7.0
4069,"Wedding Planner, The (2001)",Comedy|Romance,"Wedding Planner, The",Comedy Romance,2.909090909090909,22.0
4074,"Legend of Rita, The (Stille nach dem Schuß, Die) (1999)",Drama,"Legend of Rita, The (Stille nach dem Schuß, Die)",Drama,3.0,1.0
4077,"With a Friend Like Harry... (Harry, un ami qui vous veut du bien) (2000)",Drama|Thriller,"With a Friend Like Harry... (Harry, un ami qui vous veut du bien)",Drama Thriller,4.5,2.0
4078,Amazing Grace and Chuck (1987),Drama,Amazing Grace and Chuck,Drama,4.0,1.0
4079,Amazon Women on the Moon (1987),Comedy|Sci-Fi,Amazon Women on the Moon,Comedy Sci-Fi,4.25,2.0
4080,Baby Boom (1987),Comedy,Baby Boom,Comedy,3.25,2.0
4081,Back to the Beach (1987),Comedy,Back to the Beach,Comedy,1.8333333333333333,3.0
4082,Barfly (1987),Comedy|Drama|Romance,Barfly,Comedy Drama Romance,3.5,2.0
4083,Best Seller (1987),Thriller,Best Seller,Thriller,4.0,1.0
4084,Beverly Hills Cop II (1987),Action|Comedy|Crime|Thriller,Beverly Hills Cop II,Action Comedy Crime Thriller,2.8684210526315788,19.0
4085,Beverly Hills Cop (1984),Action|Comedy|Crime|Drama,Beverly Hills Cop,Action Comedy Crime Drama,3.402173913043478,46.0
4086,"Big Easy, The (1987)",Action|Crime|Mystery|Romance|Thriller,"Big Easy, The",Action Crime Mystery Romance Thriller,3.5,5.0
4089,Born in East L.A. (1987),Comedy,Born in East L.A.,Comedy,2.0,1.0
4090,"Brave Little Toaster, The (1987)",Animation|Children,"Brave Little Toaster, The",Animation Children,3.5625,8.0
4091,Can't Buy Me Love (1987),Comedy|Romance,Can't Buy Me Love,Comedy Romance,3.25,4.0
4092,Cherry 2000 (1987),Romance|Sci-Fi,Cherry 2000,Romance Sci-Fi,2.25,2.0
4093,Cop (1988),Thriller,Cop,Thriller,1.5,1.0
4102,Eddie Murphy Raw (1987),Comedy|Documentary,Eddie Murphy Raw,Comedy Documentary,3.5,6.0
4103,Empire of the Sun (1987),Action|Adventure|Drama|War,Empire of the Sun,Action Adventure Drama War,3.95,10.0
4104,Ernest Goes to Camp (1987),Comedy,Ernest Goes to Camp,Comedy,1.4,5.0
4105,"Evil Dead, The (1981)",Fantasy|Horror|Thriller,"Evil Dead, The",Fantasy Horror Thriller,3.8181818181818183,22.0
4109,Flowers in the Attic (1987),Drama|Thriller,Flowers in the Attic,Drama Thriller,2.5714285714285716,7.0
4110,"Fourth Protocol, The (1987)",Thriller,"Fourth Protocol, The",Thriller,3.0,1.0
4111,Gardens of Stone (1987),Drama|War,Gardens of Stone,Drama War,3.0,1.0
4113,"Glass Menagerie, The (1987)",Drama,"Glass Menagerie, The",Drama,3.0,2.0
4115,Hiding Out (1987),Comedy,Hiding Out,Comedy,2.0,1.0
4116,Hollywood Shuffle (1987),Comedy,Hollywood Shuffle,Comedy,5.0,1.0
4117,Hope and Glory (1987),Drama,Hope and Glory,Drama,4.333333333333333,3.0
4121,Innerspace (1987),Action|Adventure|Comedy|Sci-Fi,Innerspace,Action Adventure Comedy Sci-Fi,3.125,12.0
4123,Ishtar (1987),Comedy,Ishtar,Comedy,2.0,1.0
4124,Jaws: The Revenge (1987),Horror|Thriller,Jaws: The Revenge,Horror Thriller,1.25,4.0
4125,Leonard Part 6 (1987),Comedy|Sci-Fi,Leonard Part 6,Comedy Sci-Fi,0.75,2.0
4126,Less Than Zero (1987),Drama,Less Than Zero,Drama,3.5,4.0
4127,"Like Father, Like Son (1987)",Comedy,"Like Father, Like Son",Comedy,1.6666666666666667,3.0
4128,"Lost Boys, The (1987)",Comedy|Horror|Thriller,"Lost Boys, The",Comedy Horror Thriller,3.7115384615384617,26.0
4129,Made in Heaven (1987),Fantasy|Romance,Made in Heaven,Fantasy Romance,1.0,1.0
4130,Maid to Order (1987),Comedy|Fantasy,Maid to Order,Comedy Fantasy,1.8333333333333333,3.0
4131,Making Mr. Right (1987),Comedy|Romance|Sci-Fi,Making Mr. Right,Comedy Romance Sci-Fi,1.8333333333333333,3.0
4132,Mannequin (1987),Comedy|Romance,Mannequin,Comedy Romance,2.625,8.0
4133,Masters of the Universe (1987),Action|Adventure|Fantasy|Sci-Fi,Masters of the Universe,Action Adventure Fantasy Sci-Fi,2.5625,8.0
4135,"Monster Squad, The (1987)",Adventure|Comedy|Horror,"Monster Squad, The",Adventure Comedy Horror,5.0,1.0
4138,My Demon Lover (1987),Comedy|Horror,My Demon Lover,Comedy Horror,1.0,2.0
4139,No Man's Land (1987),Crime|Drama,No Man's Land,Crime Drama,3.0,1.0
4141,Head Over Heels (2001),Comedy|Romance,Head Over Heels,Comedy Romance,2.5,4.0
4142,Left Behind: The Movie (2000),Action|Adventure|Drama|Thriller,Left Behind: The Movie,Action Adventure Drama Thriller,4.25,2.0
4143,Valentine (2001),Horror|Mystery,Valentine,Horror Mystery,3.5,1.0
4144,In the Mood For Love (Fa yeung nin wa) (2000),Drama|Romance,In the Mood For Love (Fa yeung nin wa),Drama Romance,4.214285714285714,14.0
4146,"Million Dollar Hotel, The (2001)",Drama|Mystery|Romance,"Million Dollar Hotel, The",Drama Mystery Romance,3.0,3.0
4147,Nico and Dani (Krámpack) (2000),Comedy|Drama|Romance,Nico and Dani (Krámpack),Comedy Drama Romance,4.0,2.0
4148,Hannibal (2001),Horror|Thriller,Hannibal,Horror Thriller,2.9358974358974357,39.0
4149,Saving Silverman (Evil Woman) (2001),Comedy|Romance,Saving Silverman (Evil Woman),Comedy Romance,2.772727272727273,11.0
4152,Vatel (2000),Drama,Vatel,Drama,4.25,2.0
4153,Down to Earth (2001),Comedy|Fantasy|Romance,Down to Earth,Comedy Fantasy Romance,2.4166666666666665,12.0
4154,Recess: School's Out (2001),Animation|Children,Recess: School's Out,Animation Children,4.0,2.0
4155,Sweet November (2001),Drama|Romance,Sweet November,Drama Romance,3.3125,8.0
4156,Company Man (2000),Comedy,Company Man,Comedy,2.0,1.0
4157,"Price of Milk, The (2000)",Comedy|Drama|Fantasy|Romance,"Price of Milk, The",Comedy Drama Fantasy Romance,4.5,1.0
4158,Monkeybone (2001),Animation|Comedy|Fantasy,Monkeybone,Animation Comedy Fantasy,2.0833333333333335,6.0
4159,3000 Miles to Graceland (2001),Action|Thriller,3000 Miles to Graceland,Action Thriller,2.7142857142857144,7.0
4160,"Widow of St. Pierre, The (Veuve de Saint-Pierre, La) (2000)",Drama|Romance,"Widow of St. Pierre, The (Veuve de Saint-Pierre, La)",Drama Romance,4.125,4.0
4161,"Mexican, The (2001)",Action|Comedy,"Mexican, The",Action Comedy,3.347826086956522,23.0
4164,"Caveman's Valentine, The (2001)",Drama,"Caveman's Valentine, The",Drama,3.5,2.0
4166,Series 7: The Contenders (2001),Action|Drama,Series 7: The Contenders,Action Drama,2.5,2.0
4167,15 Minutes (2001),Thriller,15 Minutes,Thriller,3.0,10.0
4168,Get Over It (2001),Comedy|Romance,Get Over It,Comedy Romance,2.75,4.0
4171,Long Night's Journey Into Day (2000),Documentary,Long Night's Journey Into Day,Documentary,4.0,1.0
4174,Avalon (1990),Drama,Avalon,Drama,3.0,1.0
4175,Gray's Anatomy (1996),Comedy|Drama,Gray's Anatomy,Comedy Drama,3.625,4.0
4178,Of Mice and Men (1939),Drama,Of Mice and Men,Drama,3.5,6.0
4180,Reform School Girls (1986),Action|Drama,Reform School Girls,Action Drama,5.0,1.0
4181,Tapeheads (1988),Comedy,Tapeheads,Comedy,2.0,1.0
4184,"Bishop's Wife, The (1947)",Comedy|Drama|Romance,"Bishop's Wife, The",Comedy Drama Romance,4.0,1.0
4187,Lilies of the Field (1963),Drama,Lilies of the Field,Drama,3.8333333333333335,3.0
4189,"Greatest Story Ever Told, The (1965)",Drama,"Greatest Story Ever Told, The",Drama,2.5,1.0
4190,Elmer Gantry (1960),Drama,Elmer Gantry,Drama,4.0,2.0
4191,Alfie (1966),Comedy|Drama|Romance,Alfie,Comedy Drama Romance,3.25,4.0
4193,"Fantasticks, The (1995)",Musical,"Fantasticks, The",Musical,4.0,2.0
4194,I Know Where I'm Going! (1945),Drama|Romance|War,I Know Where I'm Going!,Drama Romance War,0.0,0.0
4195,"Abominable Dr. Phibes, The (1971)",Horror|Mystery,"Abominable Dr. Phibes, The",Horror Mystery,3.8333333333333335,3.0
4197,Real Life (1979),Comedy,Real Life,Comedy,3.0,1.0
4198,Battle Beyond the Stars (1980),Sci-Fi,Battle Beyond the Stars,Sci-Fi,3.0,1.0
4200,Double Impact (1991),Action,Double Impact,Action,3.25,2.0
4202,Fuzz (1972),Drama,Fuzz,Drama,3.0,1.0
4203,Harley Davidson and the Marlboro Man (1991),Action|Crime|Drama,Harley Davidson and the Marlboro Man,Action Crime Drama,3.1666666666666665,6.0
4204,Losin' It (1983),Comedy,Losin' It,Comedy,1.0,1.0
4205,Mermaids (1990),Comedy|Drama|Romance,Mermaids,Comedy Drama Romance,3.1666666666666665,6.0
4207,Navy Seals (1990),Action|Adventure|War,Navy Seals,Action Adventure War,2.0,3.0
4210,Manhunter (1986),Action|Crime|Drama|Horror|Thriller,Manhunter,Action Crime Drama Horror Thriller,3.9166666666666665,6.0
4211,Reversal of Fortune (1990),Drama,Reversal of Fortune,Drama,3.75,6.0
4212,Death on the Nile (1978),Crime|Mystery,Death on the Nile,Crime Mystery,3.0,1.0
4214,Revenge of the Nerds (1984),Comedy,Revenge of the Nerds,Comedy,2.8846153846153846,13.0
4215,Revenge of the Nerds II: Nerds in Paradise (1987),Comedy,Revenge of the Nerds II: Nerds in Paradise,Comedy,2.0833333333333335,6.0
4217,4 Little Girls (1997),Documentary,4 Little Girls,Documentary,4.25,2.0
4218,River's Edge (1986),Crime|Drama,River's Edge,Crime Drama,3.5,1.0
4219,Girls Just Want to Have Fun (1985),Comedy,Girls Just Want to Have Fun,Comedy,3.3333333333333335,3.0
4220,"Longest Yard, The (1974)",Comedy,"Longest Yard, The",Comedy,3.4,5.0
4221,Necessary Roughness (1991),Comedy,Necessary Roughness,Comedy,2.625,4.0
4223,Enemy at the Gates (2001),Drama|War,Enemy at the Gates,Drama War,3.5125,40.0
4224,Exit Wounds (2001),Action|Thriller,Exit Wounds,Action Thriller,2.75,2.0
4225,"Dish, The (2001)",Comedy,"Dish, The",Comedy,4.0,7.0
4226,Memento (2000),Mystery|Thriller,Memento,Mystery Thriller,4.122641509433962,159.0
4228,Heartbreakers (2001),Comedy|Crime|Romance,Heartbreakers,Comedy Crime Romance,2.15,10.0
4229,Say It Isn't So (2001),Comedy|Romance,Say It Isn't So,Comedy Romance,2.125,4.0
4231,Someone Like You (2001),Comedy|Romance,Someone Like You,Comedy Romance,3.5,5.0
4232,Spy Kids (2001),Action|Adventure|Children|Comedy,Spy Kids,Action Adventure Children Comedy,2.9464285714285716,28.0
4233,Tomcats (2001),Comedy,Tomcats,Comedy,2.0,6.0
4234,"Tailor of Panama, The (2001)",Drama|Thriller,"Tailor of Panama, The",Drama Thriller,3.2,5.0
4235,Amores Perros (Love's a Bitch) (2000),Drama|Thriller,Amores Perros (Love's a Bitch),Drama Thriller,3.9347826086956523,23.0
4236,Keep the River on Your Right: A Modern Cannibal Tale (2000),Documentary,Keep the River on Your Right: A Modern Cannibal Tale,Documentary,3.5,1.0
4237,"Gleaners & I, The (Les glaneurs et la glaneuse) (2000)",Documentary,"Gleaners & I, The (Les glaneurs et la glaneuse)",Documentary,4.0,1.0
4238,Along Came a Spider (2001),Action|Crime|Mystery|Thriller,Along Came a Spider,Action Crime Mystery Thriller,3.1470588235294117,17.0
4239,Blow (2001),Crime|Drama,Blow,Crime Drama,3.8137254901960786,51.0
4240,Just Visiting (2001),Comedy|Fantasy,Just Visiting,Comedy Fantasy,2.0,1.0
4241,Pokémon 3: The Movie (2001),Animation|Children,Pokémon 3: The Movie,Animation Children,2.1,5.0
4242,Beautiful Creatures (2000),Comedy|Crime|Drama|Thriller,Beautiful Creatures,Comedy Crime Drama Thriller,2.0,1.0
4243,Brigham City (2001),Crime|Drama|Mystery,Brigham City,Crime Drama Mystery,4.0,1.0
4246,Bridget Jones's Diary (2001),Comedy|Drama|Romance,Bridget Jones's Diary,Comedy Drama Romance,3.623076923076923,65.0
4247,Joe Dirt (2001),Adventure|Comedy|Mystery|Romance,Joe Dirt,Adventure Comedy Mystery Romance,2.380952380952381,21.0
4248,Josie and the Pussycats (2001),Comedy,Josie and the Pussycats,Comedy,1.75,6.0
4251,Chopper (2000),Drama|Thriller,Chopper,Drama Thriller,2.0,1.0
4252,"Circle, The (Dayereh) (2000)",Drama,"Circle, The (Dayereh)",Drama,3.25,2.0
4254,Crocodile Dundee in Los Angeles (2001),Comedy|Drama,Crocodile Dundee in Los Angeles,Comedy Drama,2.1923076923076925,13.0
4255,Freddy Got Fingered (2001),Comedy,Freddy Got Fingered,Comedy,2.2,10.0
4256,"Center of the World, The (2001)",Drama,"Center of the World, The",Drama,3.6666666666666665,3.0
4259,"Luzhin Defence, The (2000)",Drama|Romance,"Luzhin Defence, The",Drama Romance,3.5,4.0
4260,"Visit, The (2000)",Drama,"Visit, The",Drama,2.0,1.0
4262,Scarface (1983),Action|Crime|Drama,Scarface,Action Crime Drama,3.9328358208955225,67.0
4263,Days of Wine and Roses (1962),Drama,Days of Wine and Roses,Drama,4.0,2.0
4265,Driven (2001),Action|Thriller,Driven,Action Thriller,3.0,5.0
4267,One Night at McCool's (2001),Comedy,One Night at McCool's,Comedy,3.4,5.0
4268,Town & Country (2001),Comedy,Town & Country,Comedy,2.5,2.0
4270,"Mummy Returns, The (2001)",Action|Adventure|Comedy|Thriller,"Mummy Returns, The",Action Adventure Comedy Thriller,3.088888888888889,45.0
4273,Under the Sand (2000),Drama,Under the Sand,Drama,4.5,2.0
4275,Krull (1983),Action|Adventure|Fantasy|Sci-Fi,Krull,Action Adventure Fantasy Sci-Fi,2.9,5.0
4276,Lost in America (1985),Comedy,Lost in America,Comedy,2.5,2.0
4278,Triumph of the Will (Triumph des Willens) (1934),Documentary,Triumph of the Will (Triumph des Willens),Documentary,4.166666666666667,3.0
4280,"World According to Garp, The (1982)",Comedy|Drama|Romance,"World According to Garp, The",Comedy Drama Romance,3.5555555555555554,9.0
4282,Fellini Satyricon (1969),Drama|Fantasy,Fellini Satyricon,Drama Fantasy,3.5,1.0
4284,Frankie and Johnny (1966),Comedy,Frankie and Johnny,Comedy,3.0,1.0
4285,Frankie and Johnny (1991),Comedy|Romance,Frankie and Johnny,Comedy Romance,2.8333333333333335,3.0
4289,"City of Women, The (Città delle donne, La) (1980)",Comedy|Drama,"City of Women, The (Città delle donne, La)",Comedy Drama,2.8333333333333335,3.0
4290,For the Boys (1991),Comedy|Drama|Musical,For the Boys,Comedy Drama Musical,2.0,1.0
4291,Nine to Five (a.k.a. 9 to 5) (1980),Comedy|Crime,Nine to Five (a.k.a. 9 to 5),Comedy Crime,2.727272727272727,11.0
4292,Norma Rae (1979),Drama,Norma Rae,Drama,3.5,2.0
4293,Summer Rental (1985),Comedy,Summer Rental,Comedy,2.5,4.0
4294,"5,000 Fingers of Dr. T, The (1953)",Children|Fantasy|Musical,"5,000 Fingers of Dr. T, The",Children Fantasy Musical,4.0,2.0
4296,Love Story (1970),Drama|Romance,Love Story,Drama Romance,3.0,2.0
4297,Pelle the Conqueror (Pelle erobreren) (1987),Drama,Pelle the Conqueror (Pelle erobreren),Drama,3.75,2.0
4298,Rififi (Du rififi chez les hommes) (1955),Crime|Film-Noir|Thriller,Rififi (Du rififi chez les hommes),Crime Film-Noir Thriller,4.75,2.0
4299,"Knight's Tale, A (2001)",Action|Comedy|Romance,"Knight's Tale, A",Action Comedy Romance,3.341463414634146,41.0
4300,Bread and Roses (2000),Drama,Bread and Roses,Drama,4.0,3.0
4304,Startup.com (2001),Documentary,Startup.com,Documentary,3.6,5.0
4305,Angel Eyes (2001),Romance|Thriller,Angel Eyes,Romance Thriller,1.625,4.0
4306,Shrek (2001),Adventure|Animation|Children|Comedy|Fantasy|Romance,Shrek,Adventure Animation Children Comedy Fantasy Romance,3.8676470588235294,170.0
4307,"Fast Food, Fast Women (2000)",Comedy|Romance,"Fast Food, Fast Women",Comedy Romance,4.5,1.0
4308,Moulin Rouge (2001),Drama|Musical|Romance,Moulin Rouge,Drama Musical Romance,3.590909090909091,55.0
4310,Pearl Harbor (2001),Action|Drama|Romance|War,Pearl Harbor,Action Drama Romance War,2.9651162790697674,43.0
4312,Himalaya (Himalaya - l'enfance d'un chef) (1999),Adventure|Drama,Himalaya (Himalaya - l'enfance d'un chef),Adventure Drama,3.5,2.0
4313,"Man Who Cried, The (2000)",Drama,"Man Who Cried, The",Drama,3.5,2.0
4316,Ice Castles (1978),Drama,Ice Castles,Drama,2.0,2.0
4317,Love Potion #9 (1992),Comedy|Romance,Love Potion #9,Comedy Romance,2.5,3.0
4321,City Slickers (1991),Comedy|Western,City Slickers,Comedy Western,3.370967741935484,31.0
4322,Eight Men Out (1988),Drama,Eight Men Out,Drama,3.75,10.0
4323,"Horse Soldiers, The (1959)",Adventure|War|Western,"Horse Soldiers, The",Adventure War Western,4.0,1.0
4325,"Night, The (Notte, La) (1960)",Drama,"Night, The (Notte, La)",Drama,4.0,1.0
4326,Mississippi Burning (1988),Crime|Drama|Thriller,Mississippi Burning,Crime Drama Thriller,3.590909090909091,11.0
4327,"Magnificent Seven, The (1960)",Adventure|Western,"Magnificent Seven, The",Adventure Western,3.59375,16.0
4329,Rio Bravo (1959),Western,Rio Bravo,Western,3.6666666666666665,3.0
4333,Throw Momma from the Train (1987),Comedy|Crime,Throw Momma from the Train,Comedy Crime,3.2,10.0
4334,Yi Yi (2000),Drama,Yi Yi,Drama,4.6,5.0
4337,"Sand Pebbles, The (1966)",Drama|Romance|War,"Sand Pebbles, The",Drama Romance War,3.5,2.0
4338,Twelve O'Clock High (1949),Drama|War,Twelve O'Clock High,Drama War,4.5,1.0
4339,Von Ryan's Express (1965),Action|Adventure|Drama|War,Von Ryan's Express,Action Adventure Drama War,3.75,4.0
4340,"Animal, The (2001)",Comedy,"Animal, The",Comedy,2.1363636363636362,11.0
4342,Big Eden (2000),Drama|Romance,Big Eden,Drama Romance,4.5,1.0
4343,Evolution (2001),Comedy|Sci-Fi,Evolution,Comedy Sci-Fi,3.037037037037037,27.0
4344,Swordfish (2001),Action|Crime|Drama,Swordfish,Action Crime Drama,3.1029411764705883,34.0
4345,"Anniversary Party, The (2001)",Drama,"Anniversary Party, The",Drama,4.0,3.0
4347,Divided We Fall (Musíme si pomáhat) (2000),Comedy|Drama,Divided We Fall (Musíme si pomáhat),Comedy Drama,3.8333333333333335,3.0
4349,Catch-22 (1970),Comedy|War,Catch-22,Comedy War,3.75,8.0
4350,Forgotten Silver (1996),Comedy|Documentary,Forgotten Silver,Comedy Documentary,4.25,2.0
4351,Point Break (1991),Action|Crime|Thriller,Point Break,Action Crime Thriller,3.25,16.0
4353,Uncommon Valor (1983),Action|War,Uncommon Valor,Action War,3.0,1.0
4354,Unlawful Entry (1992),Crime|Thriller,Unlawful Entry,Crime Thriller,2.5,1.0
4355,Youngblood (1986),Action|Drama,Youngblood,Action Drama,2.0,2.0
4356,Gentlemen Prefer Blondes (1953),Comedy|Musical|Romance,Gentlemen Prefer Blondes,Comedy Musical Romance,3.8,5.0
4357,How to Marry a Millionaire (1953),Comedy|Drama|Romance,How to Marry a Millionaire,Comedy Drama Romance,4.5,1.0
4359,"Seven Year Itch, The (1955)",Comedy,"Seven Year Itch, The",Comedy,3.375,8.0
4361,Tootsie (1982),Comedy|Romance,Tootsie,Comedy Romance,3.421875,32.0
4366,Atlantis: The Lost Empire (2001),Adventure|Animation|Children|Fantasy,Atlantis: The Lost Empire,Adventure Animation Children Fantasy,3.3421052631578947,19.0
4367,Lara Croft: Tomb Raider (2001),Action|Adventure,Lara Croft: Tomb Raider,Action Adventure,2.9,40.0
4368,Dr. Dolittle 2 (2001),Comedy,Dr. Dolittle 2,Comedy,2.3636363636363638,11.0
4369,"Fast and the Furious, The (2001)",Action|Crime|Thriller,"Fast and the Furious, The",Action Crime Thriller,3.066666666666667,45.0
4370,A.I. Artificial Intelligence (2001),Adventure|Drama|Sci-Fi,A.I. Artificial Intelligence,Adventure Drama Sci-Fi,3.3392857142857144,56.0
4371,Baby Boy (2001),Crime|Drama,Baby Boy,Crime Drama,0.5,1.0
4372,Crazy/Beautiful (2001),Drama|Romance,Crazy/Beautiful,Drama Romance,3.4,5.0
4373,Pootie Tang (2001),Comedy,Pootie Tang,Comedy,3.1666666666666665,3.0
4374,Let It Snow (1999),Comedy|Romance,Let It Snow,Comedy Romance,4.5,1.0
4378,Sexy Beast (2000),Crime|Drama,Sexy Beast,Crime Drama,3.7142857142857144,14.0
4380,"Princess and the Warrior, The (Krieger und die Kaiserin, Der) (2000)",Drama|Romance,"Princess and the Warrior, The (Krieger und die Kaiserin, Der)",Drama Romance,3.857142857142857,7.0
4381,"Closet, The (Placard, Le) (2001)",Comedy,"Closet, The (Placard, Le)",Comedy,3.375,4.0
4383,"Crimson Rivers, The (Rivières pourpres, Les) (2000)",Crime|Drama|Mystery|Thriller,"Crimson Rivers, The (Rivières pourpres, Les)",Crime Drama Mystery Thriller,3.5,5.0
4384,Lumumba (2000),Drama,Lumumba,Drama,3.0,1.0
4386,Cats & Dogs (2001),Children|Comedy,Cats & Dogs,Children Comedy,2.8181818181818183,11.0
4387,Kiss of the Dragon (2001),Action,Kiss of the Dragon,Action,3.7777777777777777,9.0
4388,Scary Movie 2 (2001),Comedy,Scary Movie 2,Comedy,2.6538461538461537,26.0
4389,Lost and Delirious (2001),Drama,Lost and Delirious,Drama,3.625,4.0
4390,Rape Me (Baise-moi) (2000),Crime|Drama|Thriller,Rape Me (Baise-moi),Crime Drama Thriller,3.5,2.0
4392,Alice (1990),Comedy|Drama|Fantasy|Romance,Alice,Comedy Drama Fantasy Romance,3.0,3.0
4393,Another Woman (1988),Drama,Another Woman,Drama,4.5,1.0
4394,Beach Blanket Bingo (1965),Comedy|Musical,Beach Blanket Bingo,Comedy Musical,1.5,1.0
4395,Big Deal on Madonna Street (I Soliti Ignoti) (1958),Comedy|Crime,Big Deal on Madonna Street (I Soliti Ignoti),Comedy Crime,4.0,1.0
4396,"Cannonball Run, The (1981)",Action|Comedy,"Cannonball Run, The",Action Comedy,2.75,10.0
4397,Cannonball Run II (1984),Action|Comedy,Cannonball Run II,Action Comedy,2.5,2.0
4399,"Diary of a Chambermaid (Journal d'une femme de chambre, Le) (1964)",Comedy|Drama,"Diary of a Chambermaid (Journal d'une femme de chambre, Le)",Comedy Drama,3.75,2.0
4402,Dr. Goldfoot and the Bikini Machine (1965),Comedy,Dr. Goldfoot and the Bikini Machine,Comedy,5.0,1.0
4403,"Fall of the House of Usher, The (House of Usher) (1960)",Horror,"Fall of the House of Usher, The (House of Usher)",Horror,3.0,2.0
4404,Faust (1926),Drama|Fantasy|Horror,Faust,Drama Fantasy Horror,4.0,1.0
4406,"Man Who Shot Liberty Valance, The (1962)",Crime|Drama|Western,"Man Who Shot Liberty Valance, The",Crime Drama Western,4.4,5.0
4407,Salvador (1986),Drama|Thriller|War,Salvador,Drama Thriller War,4.5,1.0
4408,September (1987),Drama,September,Drama,3.5,1.0
4409,Shadows and Fog (1991),Comedy|Drama|Mystery|Thriller,Shadows and Fog,Comedy Drama Mystery Thriller,3.3333333333333335,3.0
4410,Something Wild (1986),Comedy|Crime|Drama,Something Wild,Comedy Crime Drama,4.0,1.0
4412,"Thing with Two Heads, The (1972)",Comedy|Horror|Sci-Fi,"Thing with Two Heads, The",Comedy Horror Sci-Fi,0.75,2.0
4419,All That Heaven Allows (1955),Drama|Romance,All That Heaven Allows,Drama Romance,4.25,4.0
4420,"Barefoot Contessa, The (1954)",Drama,"Barefoot Contessa, The",Drama,3.0,1.0
4422,Cries and Whispers (Viskningar och rop) (1972),Drama,Cries and Whispers (Viskningar och rop),Drama,4.0,2.0
4424,"Garden of the Finzi-Continis, The (Giardino dei Finzi-Contini, Il) (1970)",Drama,"Garden of the Finzi-Continis, The (Giardino dei Finzi-Contini, Il)",Drama,3.6666666666666665,3.0
4426,Kiss Me Deadly (1955),Film-Noir,Kiss Me Deadly,Film-Noir,4.0,2.0
4427,"Lion in Winter, The (1968)",Drama,"Lion in Winter, The",Drama,3.6666666666666665,9.0
4428,"Misfits, The (1961)",Comedy|Drama|Romance|Western,"Misfits, The",Comedy Drama Romance Western,3.25,2.0
4429,Moby Dick (1956),Drama,Moby Dick,Drama,4.5,2.0
4432,Sweet Smell of Success (1957),Drama|Film-Noir,Sweet Smell of Success,Drama Film-Noir,4.125,4.0
4433,Written on the Wind (1956),Drama,Written on the Wind,Drama,4.25,2.0
4434,"10th Victim, The (La decima vittima) (1965)",Action|Comedy|Sci-Fi|Thriller,"10th Victim, The (La decima vittima)",Action Comedy Sci-Fi Thriller,4.0,1.0
4436,Obsession (1976),Mystery|Thriller,Obsession,Mystery Thriller,3.0,1.0
4437,Suspiria (1977),Horror,Suspiria,Horror,3.9375,8.0
4438,"Fist of Fury (Chinese Connection, The) (Jing wu men) (1972)",Action|Drama|Romance|Thriller,"Fist of Fury (Chinese Connection, The) (Jing wu men)",Action Drama Romance Thriller,3.8333333333333335,3.0
4439,Christiane F. (a.k.a. We Children from Bahnhof Zoo) (Christiane F. - Wir Kinder vom Bahnhof Zoo) (1981),Drama,Christiane F. (a.k.a. We Children from Bahnhof Zoo) (Christiane F. - Wir Kinder vom Bahnhof Zoo),Drama,3.625,4.0
4440,"Big Boss, The (Fists of Fury) (Tang shan da xiong) (1971)",Action|Thriller,"Big Boss, The (Fists of Fury) (Tang shan da xiong)",Action Thriller,3.75,2.0
4441,Game of Death (1978),Action,Game of Death,Action,4.166666666666667,3.0
4442,"Last Dragon, The (1985)",Action|Comedy|Drama,"Last Dragon, The",Action Comedy Drama,2.6666666666666665,3.0
4443,Outland (1981),Action|Sci-Fi|Thriller,Outland,Action Sci-Fi Thriller,2.75,2.0
4444,"Way of the Dragon, The (a.k.a. Return of the Dragon) (Meng long guo jiang) (1972)",Action|Crime,"Way of the Dragon, The (a.k.a. Return of the Dragon) (Meng long guo jiang)",Action Crime,4.166666666666667,3.0
4445,T-Rex: Back to the Cretaceous (1998),Adventure|Documentary|IMAX,T-Rex: Back to the Cretaceous,Adventure Documentary IMAX,4.0,1.0
4446,Final Fantasy: The Spirits Within (2001),Adventure|Animation|Fantasy|Sci-Fi,Final Fantasy: The Spirits Within,Adventure Animation Fantasy Sci-Fi,3.3548387096774195,31.0
4447,Legally Blonde (2001),Comedy|Romance,Legally Blonde,Comedy Romance,3.15625,64.0
4448,"Score, The (2001)",Action|Drama,"Score, The",Action Drama,3.55,20.0
4449,Adanggaman (2000),Drama,Adanggaman,Drama,2.0,1.0
4450,Bully (2001),Crime|Drama|Thriller,Bully,Crime Drama Thriller,3.642857142857143,7.0
4451,Jump Tomorrow (2001),Comedy|Drama|Romance,Jump Tomorrow,Comedy Drama Romance,3.5,1.0
4452,Made (2001),Comedy,Made,Comedy,2.6666666666666665,6.0
4453,Michael Jordan to the Max (2000),Documentary|IMAX,Michael Jordan to the Max,Documentary IMAX,3.5,1.0
4454,More (1998),Animation|Drama|Sci-Fi|IMAX,More,Animation Drama Sci-Fi IMAX,5.0,1.0
4458,Africa: The Serengeti (1994),Documentary|IMAX,Africa: The Serengeti,Documentary IMAX,4.0,1.0
4459,Alaska: Spirit of the Wild (1997),Documentary|IMAX,Alaska: Spirit of the Wild,Documentary IMAX,4.0,1.0
4462,18 Again! (1988),Comedy|Fantasy,18 Again!,Comedy Fantasy,1.5,2.0
4463,1969 (1988),Drama|War,1969,Drama War,2.0,1.0
4464,"Accidental Tourist, The (1988)",Comedy|Drama|Romance,"Accidental Tourist, The",Comedy Drama Romance,3.6,5.0
4465,"Accused, The (1988)",Drama,"Accused, The",Drama,3.7,5.0
4466,Above the Law (1988),Action|Crime|Drama,Above the Law,Action Crime Drama,2.5,2.0
4467,"Adventures of Baron Munchausen, The (1988)",Adventure|Comedy|Fantasy,"Adventures of Baron Munchausen, The",Adventure Comedy Fantasy,3.769230769230769,13.0
4470,Ariel (1988),Drama,Ariel,Drama,3.0,2.0
4471,Arthur 2: On the Rocks (1988),Comedy|Romance,Arthur 2: On the Rocks,Comedy Romance,1.5,3.0
4473,Bat*21 (1988),Drama|War,Bat*21,Drama War,3.0,1.0
4474,Beaches (1988),Comedy|Drama|Musical,Beaches,Comedy Drama Musical,2.9,5.0
4475,"Beast of War, The (Beast, The) (1988)",Drama|War,"Beast of War, The (Beast, The)",Drama War,4.0,1.0
4476,Big Business (1988),Comedy,Big Business,Comedy,2.3333333333333335,3.0
4477,Big Top Pee-Wee (1988),Adventure|Children|Comedy,Big Top Pee-Wee,Adventure Children Comedy,1.9375,8.0
4478,Biloxi Blues (1988),Comedy|Drama,Biloxi Blues,Comedy Drama,3.5,2.0
4480,"Blob, The (1988)",Horror|Sci-Fi,"Blob, The",Horror Sci-Fi,2.8333333333333335,3.0
4482,"Bright Lights, Big City (1988)",Drama,"Bright Lights, Big City",Drama,3.1666666666666665,3.0
4483,Caddyshack II (1988),Comedy,Caddyshack II,Comedy,1.5,3.0
4484,Camille Claudel (1988),Drama,Camille Claudel,Drama,3.75,2.0
4487,Cocktail (1988),Drama|Romance,Cocktail,Drama Romance,2.9545454545454546,11.0
4488,Colors (1988),Action|Crime|Drama,Colors,Action Crime Drama,3.3333333333333335,3.0
4489,Coming to America (1988),Comedy|Romance,Coming to America,Comedy Romance,3.4583333333333335,24.0
4490,"Couch Trip, The (1988)",Comedy,"Couch Trip, The",Comedy,2.0,1.0
4492,Critters (1986),Comedy|Sci-Fi,Critters,Comedy Sci-Fi,3.0,3.0
4495,Crossing Delancey (1988),Comedy|Romance,Crossing Delancey,Comedy Romance,5.0,1.0
4496,D.O.A. (1988),Film-Noir|Mystery|Thriller,D.O.A.,Film-Noir Mystery Thriller,3.5,1.0
4497,Dead Heat (1988),Action|Comedy|Horror|Sci-Fi,Dead Heat,Action Comedy Horror Sci-Fi,3.0,1.0
4498,"Dead Pool, The (1988)",Action|Crime|Thriller,"Dead Pool, The",Action Crime Thriller,3.0,6.0
4499,Dirty Rotten Scoundrels (1988),Comedy,Dirty Rotten Scoundrels,Comedy,4.125,16.0
4500,Drowning by Numbers (1988),Comedy|Drama,Drowning by Numbers,Comedy Drama,4.0,1.0
4502,Ernest Saves Christmas (1988),Children|Comedy,Ernest Saves Christmas,Children Comedy,1.625,4.0
4504,Feds (1988),Comedy,Feds,Comedy,1.5,1.0
4505,For Keeps (1988),Drama|Romance,For Keeps,Drama Romance,3.0,1.0
4506,Frantic (1988),Crime|Mystery|Thriller,Frantic,Crime Mystery Thriller,3.1666666666666665,3.0
4508,Gorillas in the Mist (1988),Drama,Gorillas in the Mist,Drama,3.5,8.0
4509,"Great Outdoors, The (1988)",Comedy,"Great Outdoors, The",Comedy,2.9,5.0
4511,High Spirits (1988),Comedy,High Spirits,Comedy,2.0,1.0
4516,Johnny Be Good (1988),Comedy,Johnny Be Good,Comedy,3.0,2.0
4517,Lady in White (a.k.a. The Mystery of the Lady in White) (1988),Horror|Mystery|Thriller,Lady in White (a.k.a. The Mystery of the Lady in White),Horror Mystery Thriller,1.75,2.0
4518,The Lair of the White Worm (1988),Comedy|Horror,The Lair of the White Worm,Comedy Horror,3.75,4.0
4519,"Land Before Time, The (1988)",Adventure|Animation|Children|Fantasy,"Land Before Time, The",Adventure Animation Children Fantasy,3.3333333333333335,9.0
4520,License to Drive (1988),Comedy,License to Drive,Comedy,2.3333333333333335,3.0
4521,Little Nikita (1988),Drama,Little Nikita,Drama,3.0,1.0
4522,Masquerade (1988),Mystery|Romance|Thriller,Masquerade,Mystery Romance Thriller,1.0,1.0
4523,Milagro Beanfield War (1988),Comedy|Drama|Fantasy,Milagro Beanfield War,Comedy Drama Fantasy,3.5,2.0
4524,Moon Over Parador (1988),Comedy,Moon Over Parador,Comedy,3.0,1.0
4526,My Stepmother Is an Alien (1988),Comedy|Romance|Sci-Fi,My Stepmother Is an Alien,Comedy Romance Sci-Fi,3.1,5.0
4527,"Night in the Life of Jimmy Reardon, A (1988)",Comedy|Romance,"Night in the Life of Jimmy Reardon, A",Comedy Romance,2.5,2.0
4529,Bagdad Cafe (Out of Rosenheim) (1987),Comedy|Drama,Bagdad Cafe (Out of Rosenheim),Comedy Drama,3.875,4.0
4531,Red Heat (1988),Action,Red Heat,Action,2.6666666666666665,3.0
4533,"Return of the Living Dead, The (1985)",Comedy|Horror|Sci-Fi,"Return of the Living Dead, The",Comedy Horror Sci-Fi,3.75,4.0
4534,Return to Snowy River (a.k.a. The Man From Snowy River II) (1988),Adventure|Drama|Western,Return to Snowy River (a.k.a. The Man From Snowy River II),Adventure Drama Western,2.5,2.0
4535,"Man from Snowy River, The (1982)",Drama|Romance|Western,"Man from Snowy River, The",Drama Romance Western,3.375,4.0
4537,Running on Empty (1988),Drama,Running on Empty,Drama,4.333333333333333,3.0
4541,"Serpent and the Rainbow, The (1988)",Horror,"Serpent and the Rainbow, The",Horror,3.5,2.0
4544,Short Circuit 2 (1988),Comedy|Sci-Fi,Short Circuit 2,Comedy Sci-Fi,2.9,5.0
4545,Short Circuit (1986),Comedy|Sci-Fi,Short Circuit,Comedy Sci-Fi,3.275,20.0
4546,"Vanishing, The (Spoorloos) (1988)",Drama|Thriller,"Vanishing, The (Spoorloos)",Drama Thriller,3.9166666666666665,6.0
4552,"Tetsuo, the Ironman (Tetsuo) (1988)",Action|Horror|Sci-Fi|Thriller,"Tetsuo, the Ironman (Tetsuo)",Action Horror Sci-Fi Thriller,3.5,3.0
4553,They Live (1988),Action|Sci-Fi|Thriller,They Live,Action Sci-Fi Thriller,3.7222222222222223,9.0
4557,Tucker: The Man and His Dream (1988),Drama,Tucker: The Man and His Dream,Drama,3.0,1.0
4558,Twins (1988),Comedy,Twins,Comedy,2.4642857142857144,14.0
4562,Without a Clue (1988),Comedy|Mystery,Without a Clue,Comedy Mystery,4.0,1.0
4563,Young Einstein (1988),Comedy,Young Einstein,Comedy,1.8333333333333333,3.0
4564,Always (1989),Drama|Fantasy|Romance,Always,Drama Fantasy Romance,2.8333333333333335,6.0
4565,American Ninja (1985),Action|Adventure,American Ninja,Action Adventure,2.5,2.0
4568,Best of the Best (1989),Action,Best of the Best,Action,2.5,1.0
4571,Bill & Ted's Excellent Adventure (1989),Adventure|Comedy|Sci-Fi,Bill & Ted's Excellent Adventure,Adventure Comedy Sci-Fi,3.7,45.0
4572,Black Rain (1989),Action|Crime|Drama,Black Rain,Action Crime Drama,3.0,3.0
4573,Blaze (1989),Comedy|Drama,Blaze,Comedy Drama,2.0,1.0
4574,Blind Fury (1989),Action|Thriller,Blind Fury,Action Thriller,3.25,2.0
4577,Casualties of War (1989),Drama|War,Casualties of War,Drama War,3.8333333333333335,3.0
4578,Chances Are (1989),Comedy|Romance,Chances Are,Comedy Romance,2.5,2.0
4580,Cyborg (1989),Action|Sci-Fi,Cyborg,Action Sci-Fi,0.5,2.0
4581,Dad (1989),Drama,Dad,Drama,4.0,1.0
4583,Disorganized Crime (1989),Action|Comedy,Disorganized Crime,Action Comedy,4.0,1.0
4584,Dream a Little Dream (1989),Comedy|Drama|Romance,Dream a Little Dream,Comedy Drama Romance,2.0,1.0
4585,"Dream Team, The (1989)",Comedy,"Dream Team, The",Comedy,3.375,4.0
4587,Earth Girls Are Easy (1988),Comedy|Musical|Sci-Fi,Earth Girls Are Easy,Comedy Musical Sci-Fi,2.25,8.0
4589,Eddie and the Cruisers (1983),Drama|Musical|Mystery,Eddie and the Cruisers,Drama Musical Mystery,2.0,2.0
4591,Erik the Viking (1989),Adventure|Comedy|Fantasy,Erik the Viking,Adventure Comedy Fantasy,3.0,5.0
4593,Family Business (1989),Comedy,Family Business,Comedy,2.25,2.0
4594,Farewell to the King (1989),Action|War,Farewell to the King,Action War,3.0,1.0
4595,Fat Man and Little Boy (1989),Drama,Fat Man and Little Boy,Drama,3.5,1.0
4597,Gleaming the Cube (1989),Action|Drama|Mystery,Gleaming the Cube,Action Drama Mystery,2.0,1.0
4599,Great Balls of Fire! (1989),Drama,Great Balls of Fire!,Drama,2.5,2.0
4600,Gross Anatomy (a.k.a. A Cut Above) (1989),Comedy|Drama,Gross Anatomy (a.k.a. A Cut Above),Comedy Drama,3.25,2.0
4602,Harlem Nights (1989),Comedy|Crime|Romance,Harlem Nights,Comedy Crime Romance,3.0,3.0
4603,Her Alibi (1989),Comedy|Romance,Her Alibi,Comedy Romance,2.5,1.0
4605,How to Get Ahead in Advertising (1989),Comedy|Fantasy,How to Get Ahead in Advertising,Comedy Fantasy,3.625,4.0
4608,"Innocent Man, An (1989)",Crime|Drama,"Innocent Man, An",Crime Drama,2.25,2.0
4610,"January Man, The (1989)",Comedy|Crime|Mystery|Thriller,"January Man, The",Comedy Crime Mystery Thriller,2.0,1.0
4611,Johnny Handsome (1989),Crime|Drama,Johnny Handsome,Crime Drama,4.0,1.0
4612,Jesus of Montreal (Jésus de Montréal) (1989),Drama,Jesus of Montreal (Jésus de Montréal),Drama,4.5,1.0
4613,K-9 (1989),Action|Comedy|Crime,K-9,Action Comedy Crime,2.0,1.0
4614,Kickboxer (1989),Action,Kickboxer,Action,2.5,1.0
4615,Last Exit to Brooklyn (1989),Drama,Last Exit to Brooklyn,Drama,4.0,1.0
4616,Lean on Me (1989),Drama,Lean on Me,Drama,3.5,6.0
4617,Let It Ride (1989),Comedy,Let It Ride,Comedy,3.5,2.0
4619,Little Monsters (1989),Comedy,Little Monsters,Comedy,2.25,2.0
4621,Look Who's Talking (1989),Comedy|Romance,Look Who's Talking,Comedy Romance,2.388888888888889,18.0
4622,Loverboy (1989),Comedy,Loverboy,Comedy,2.5,2.0
4623,Major League (1989),Comedy,Major League,Comedy,3.575,20.0
4624,Meet the Feebles (1989),Animation|Comedy|Musical,Meet the Feebles,Animation Comedy Musical,3.0,3.0
4625,Millennium (1989),Drama|Sci-Fi|Thriller,Millennium,Drama Sci-Fi Thriller,2.0,3.0
4626,Miracle Mile (1989),Drama|Romance|Sci-Fi,Miracle Mile,Drama Romance Sci-Fi,3.5,2.0
4628,New York Stories (1989),Comedy|Drama,New York Stories,Comedy Drama,3.125,4.0
4629,Next of Kin (1989),Action|Crime|Thriller,Next of Kin,Action Crime Thriller,1.75,2.0
4630,No Holds Barred (1989),Action,No Holds Barred,Action,1.0,1.0
4632,"Package, The (1989)",Action|Thriller,"Package, The",Action Thriller,3.0,2.0
4634,Penn & Teller Get Killed (1989),Adventure|Comedy,Penn & Teller Get Killed,Adventure Comedy,4.0,2.0
4635,Pink Cadillac (1989),Action|Comedy|Drama,Pink Cadillac,Action Comedy Drama,1.0,1.0
4636,"Punisher, The (1989)",Action,"Punisher, The",Action,2.3333333333333335,3.0
4638,Jurassic Park III (2001),Action|Adventure|Sci-Fi|Thriller,Jurassic Park III,Action Adventure Sci-Fi Thriller,2.8472222222222223,36.0
4639,America's Sweethearts (2001),Comedy|Romance,America's Sweethearts,Comedy Romance,2.5833333333333335,18.0
4640,Brother (2000),Action|Crime|Thriller,Brother,Action Crime Thriller,3.75,4.0
4641,Ghost World (2001),Comedy|Drama,Ghost World,Comedy Drama,3.5,34.0
4642,Hedwig and the Angry Inch (2000),Comedy|Drama|Musical,Hedwig and the Angry Inch,Comedy Drama Musical,4.181818181818182,11.0
4643,Planet of the Apes (2001),Action|Adventure|Drama|Sci-Fi,Planet of the Apes,Action Adventure Drama Sci-Fi,2.7448979591836733,49.0
4644,Bread and Tulips (Pane e tulipani) (2000),Comedy|Drama|Romance,Bread and Tulips (Pane e tulipani),Comedy Drama Romance,3.6666666666666665,3.0
4645,Cure (1997),Crime|Horror|Thriller,Cure,Crime Horror Thriller,4.5,1.0
4646,Greenfingers (2000),Comedy|Drama,Greenfingers,Comedy Drama,1.5,1.0
4649,Wet Hot American Summer (2001),Comedy,Wet Hot American Summer,Comedy,3.642857142857143,7.0
4653,"Return of the Musketeers, The (1989)",Adventure|Comedy,"Return of the Musketeers, The",Adventure Comedy,3.0,1.0
4654,Road House (1989),Action|Drama,Road House,Action Drama,2.7857142857142856,7.0
4658,Santa Sangre (1989),Drama|Horror|Mystery|Thriller,Santa Sangre,Drama Horror Mystery Thriller,3.5,1.0
4660,Scenes from the Class Struggle in Beverly Hills (1989),Comedy,Scenes from the Class Struggle in Beverly Hills,Comedy,4.0,1.0
4661,Sea of Love (1989),Crime|Drama|Thriller,Sea of Love,Crime Drama Thriller,3.0,2.0
4662,"See No Evil, Hear No Evil (1989)",Comedy|Crime,"See No Evil, Hear No Evil",Comedy Crime,3.1666666666666665,3.0
4663,She's Out of Control (1989),Comedy,She's Out of Control,Comedy,2.8333333333333335,3.0
4666,Skin Deep (1989),Comedy,Skin Deep,Comedy,3.0,1.0
4670,"Stepfather, The (1987)",Horror|Thriller,"Stepfather, The",Horror Thriller,2.5,1.0
4671,Sweetie (1989),Drama,Sweetie,Drama,3.5,1.0
4672,"Tall Guy, The (1989)",Comedy|Romance,"Tall Guy, The",Comedy Romance,2.75,2.0
4673,Tango & Cash (1989),Action|Comedy|Crime|Thriller,Tango & Cash,Action Comedy Crime Thriller,1.6666666666666667,3.0
4675,Three Fugitives (1989),Action|Comedy,Three Fugitives,Action Comedy,1.0,1.0
4676,Troop Beverly Hills (1989),Comedy,Troop Beverly Hills,Comedy,1.9166666666666667,6.0
4677,Turner & Hooch (1989),Comedy|Crime,Turner & Hooch,Comedy Crime,3.0384615384615383,13.0
4678,UHF (1989),Comedy,UHF,Comedy,3.4444444444444446,9.0
4679,Uncle Buck (1989),Comedy,Uncle Buck,Comedy,2.8846153846153846,13.0
4681,"War of the Roses, The (1989)",Comedy|Drama,"War of the Roses, The",Comedy Drama,3.642857142857143,7.0
4683,"Wizard, The (1989)",Adventure|Children|Comedy|Drama,"Wizard, The",Adventure Children Comedy Drama,3.25,2.0
4686,Weekend at Bernie's II (1993),Adventure|Comedy,Weekend at Bernie's II,Adventure Comedy,1.625,4.0
4687,Billy Liar (1963),Comedy,Billy Liar,Comedy,3.5,1.0
4688,Black Robe (1991),Adventure|Drama,Black Robe,Adventure Drama,3.3333333333333335,3.0
4689,"Cat o' Nine Tails, The (Gatto a nove code, Il) (1971)",Mystery|Thriller,"Cat o' Nine Tails, The (Gatto a nove code, Il)",Mystery Thriller,3.5,1.0
4690,"Cotton Club, The (1984)",Crime|Musical,"Cotton Club, The",Crime Musical,3.25,2.0
4695,Who'll Stop the Rain (1978),Crime|Drama,Who'll Stop the Rain,Crime Drama,4.0,1.0
4697,Basket Case (1982),Comedy|Horror,Basket Case,Comedy Horror,2.625,4.0
4699,Original Sin (2001),Drama|Romance|Thriller,Original Sin,Drama Romance Thriller,2.75,2.0
4700,"Princess Diaries, The (2001)",Children|Comedy|Romance,"Princess Diaries, The",Children Comedy Romance,3.037037037037037,27.0
4701,Rush Hour 2 (2001),Action|Comedy,Rush Hour 2,Action Comedy,3.370967741935484,31.0
4703,Chocolat (1988),Drama,Chocolat,Drama,3.375,4.0
4704,Hatari! (1962),Adventure|Comedy,Hatari!,Adventure Comedy,3.0,1.0
4705,"Cage aux Folles, La (1978)",Comedy,"Cage aux Folles, La",Comedy,3.0,1.0
4708,Marat/Sade (1966),Drama|Musical,Marat/Sade,Drama Musical,4.5,2.0
4709,Paint Your Wagon (1969),Comedy|Musical|Western,Paint Your Wagon,Comedy Musical Western,2.8333333333333335,3.0
4710,"Shootist, The (1976)",Drama|Western,"Shootist, The",Drama Western,3.5,1.0
4711,Theremin: An Electronic Odyssey (1993),Documentary,Theremin: An Electronic Odyssey,Documentary,4.0,2.0
4713,Altered States (1980),Drama|Sci-Fi,Altered States,Drama Sci-Fi,3.5714285714285716,7.0
4714,Any Which Way You Can (1980),Comedy,Any Which Way You Can,Comedy,2.0,2.0
4715,"Awakening, The (1980)",Horror,"Awakening, The",Horror,3.0,1.0
4717,"Battle Creek Brawl (Big Brawl, The) (1980)",Action|Comedy,"Battle Creek Brawl (Big Brawl, The)",Action Comedy,4.0,1.0
4718,American Pie 2 (2001),Comedy,American Pie 2,Comedy,3.066666666666667,45.0
4719,Osmosis Jones (2001),Action|Animation|Comedy|Crime|Drama|Romance|Thriller,Osmosis Jones,Action Animation Comedy Crime Drama Romance Thriller,2.625,8.0
4720,"Others, The (2001)",Drama|Horror|Mystery|Thriller,"Others, The",Drama Horror Mystery Thriller,3.6272727272727274,55.0
4721,American Outlaws (2001),Action|Comedy|Western,American Outlaws,Action Comedy Western,2.125,4.0
4722,All Over the Guy (2001),Comedy,All Over the Guy,Comedy,3.0,1.0
4723,"Deep End, The (2001)",Drama,"Deep End, The",Drama,1.8333333333333333,3.0
4725,Session 9 (2001),Horror|Thriller,Session 9,Horror Thriller,3.625,4.0
4727,Captain Corelli's Mandolin (2001),Drama|Romance|War,Captain Corelli's Mandolin,Drama Romance War,3.125,4.0
4728,Rat Race (2001),Comedy,Rat Race,Comedy,3.0555555555555554,18.0
4732,Bubble Boy (2001),Comedy,Bubble Boy,Comedy,1.8888888888888888,9.0
4733,"Curse of the Jade Scorpion, The (2001)",Comedy,"Curse of the Jade Scorpion, The",Comedy,2.5,3.0
4734,Jay and Silent Bob Strike Back (2001),Adventure|Comedy,Jay and Silent Bob Strike Back,Adventure Comedy,3.161764705882353,34.0
4735,Ghosts of Mars (2001),Horror|Sci-Fi|Thriller,Ghosts of Mars,Horror Sci-Fi Thriller,2.6,5.0
4736,Summer Catch (2001),Comedy|Drama|Romance,Summer Catch,Comedy Drama Romance,2.6666666666666665,3.0
4738,Happy Accidents (2000),Romance|Sci-Fi,Happy Accidents,Romance Sci-Fi,4.0,4.0
4740,Maybe Baby (2000),Comedy|Romance,Maybe Baby,Comedy Romance,3.5,1.0
4741,Together (Tillsammans) (2000),Comedy|Drama|Romance,Together (Tillsammans),Comedy Drama Romance,3.7142857142857144,7.0
4743,Tortilla Soup (2001),Comedy|Romance,Tortilla Soup,Comedy Romance,3.25,2.0
4744,Jeepers Creepers (2001),Horror,Jeepers Creepers,Horror,2.5,7.0
4745,O (2001),Drama,O,Drama,3.625,4.0
4748,3 Ninjas (1992),Action|Children|Comedy,3 Ninjas,Action Children Comedy,2.0833333333333335,6.0
4749,3 Ninjas Kick Back (1994),Action|Children|Comedy,3 Ninjas Kick Back,Action Children Comedy,1.25,2.0
4750,3 Ninjas Knuckle Up (1995),Action|Children,3 Ninjas Knuckle Up,Action Children,0.5,1.0
4754,"Wicker Man, The (1973)",Drama|Horror|Mystery|Thriller,"Wicker Man, The",Drama Horror Mystery Thriller,3.9166666666666665,6.0
4756,"Musketeer, The (2001)",Action|Adventure|Drama|Romance,"Musketeer, The",Action Adventure Drama Romance,1.5,2.0
4757,Rock Star (2001),Comedy|Drama|Musical,Rock Star,Comedy Drama Musical,2.5,3.0
4759,Two Can Play That Game (2001),Comedy|Drama,Two Can Play That Game,Comedy Drama,4.0,1.0
4765,L.I.E. (2001),Drama,L.I.E.,Drama,4.333333333333333,3.0
4766,"Our Lady of the Assassins (Virgen de los sicarios, La) (2000)",Crime|Drama|Romance,"Our Lady of the Assassins (Virgen de los sicarios, La)",Crime Drama Romance,4.0,1.0
4769,Into the Arms of Strangers: Stories of the Kindertransport (2000),Documentary,Into the Arms of Strangers: Stories of the Kindertransport,Documentary,3.0,1.0
4770,"Glass House, The (2001)",Thriller,"Glass House, The",Thriller,2.75,2.0
4771,Hardball (2001),Drama,Hardball,Drama,2.6666666666666665,3.0
4772,Dinner Rush (2000),Drama,Dinner Rush,Drama,3.5,1.0
4773,Haiku Tunnel (2001),Comedy,Haiku Tunnel,Comedy,3.0,4.0
4774,Big Trouble (2002),Comedy|Crime,Big Trouble,Comedy Crime,2.1666666666666665,6.0
4775,Glitter (2001),Drama|Musical|Romance,Glitter,Drama Musical Romance,0.5,1.0
4776,Training Day (2001),Crime|Drama|Thriller,Training Day,Crime Drama Thriller,3.7941176470588234,51.0
4777,"American Astronaut, The (2001)",Comedy|Musical|Sci-Fi,"American Astronaut, The",Comedy Musical Sci-Fi,2.5,1.0
4780,Liam (2000),Drama,Liam,Drama,2.0,2.0
4782,Sidewalks of New York (2001),Comedy|Romance,Sidewalks of New York,Comedy Romance,2.5,2.0
4783,"Endurance: Shackleton's Legendary Antarctic Expedition, The (2000)",Documentary,"Endurance: Shackleton's Legendary Antarctic Expedition, The",Documentary,3.5,1.0
4784,"French Lieutenant's Woman, The (1981)",Drama,"French Lieutenant's Woman, The",Drama,3.0,2.0
4785,"Great Silence, The (Grande silenzio, Il) (1969)",Drama|Western,"Great Silence, The (Grande silenzio, Il)",Drama Western,4.0,1.0
4786,"Legend of Hell House, The (1973)",Horror|Thriller,"Legend of Hell House, The",Horror Thriller,1.0,1.0
4787,Little Man Tate (1991),Drama,Little Man Tate,Drama,3.35,10.0
4788,Moscow Does Not Believe in Tears (Moskva slezam ne verit) (1979),Drama|Romance,Moscow Does Not Believe in Tears (Moskva slezam ne verit),Drama Romance,5.0,1.0
4789,Phantom of the Paradise (1974),Comedy|Fantasy|Horror|Musical|Thriller,Phantom of the Paradise,Comedy Fantasy Horror Musical Thriller,4.333333333333333,3.0
4792,13 Ghosts (1960),Horror,13 Ghosts,Horror,3.125,4.0
4794,Opera (1987),Crime|Horror|Mystery,Opera,Crime Horror Mystery,3.0,3.0
4795,Father Goose (1964),Adventure|Comedy|Romance|War,Father Goose,Adventure Comedy Romance War,3.6666666666666665,3.0
4796,"Grass Is Greener, The (1960)",Comedy|Romance,"Grass Is Greener, The",Comedy Romance,3.25,2.0
4798,Indiscreet (1958),Comedy|Romance,Indiscreet,Comedy Romance,3.5,1.0
4799,"It's a Mad, Mad, Mad, Mad World (1963)",Action|Adventure|Comedy|Crime,"It's a Mad, Mad, Mad, Mad World",Action Adventure Comedy Crime,3.25,10.0
4800,King Solomon's Mines (1937),Action|Adventure|Drama|Romance|Thriller,King Solomon's Mines,Action Adventure Drama Romance Thriller,2.5,1.0
4801,"Little Foxes, The (1941)",Drama,"Little Foxes, The",Drama,4.0,2.0
4802,Operation Petticoat (1959),Action|Comedy|Romance|War,Operation Petticoat,Action Comedy Romance War,3.0,4.0
4803,Play Misty for Me (1971),Drama|Thriller,Play Misty for Me,Drama Thriller,3.625,4.0
4804,Pocketful of Miracles (1961),Comedy|Drama,Pocketful of Miracles,Comedy Drama,3.5,1.0
4808,"Vanishing, The (1993)",Mystery|Thriller,"Vanishing, The",Mystery Thriller,2.375,4.0
4809,Silkwood (1983),Drama,Silkwood,Drama,4.166666666666667,3.0
4810,I Never Promised You a Rose Garden (1977),Drama,I Never Promised You a Rose Garden,Drama,2.0,1.0
4811,Quadrophenia (1979),Drama|Musical,Quadrophenia,Drama Musical,3.0,2.0
4812,SpaceCamp (1986),Adventure|Sci-Fi,SpaceCamp,Adventure Sci-Fi,2.1666666666666665,6.0
4813,When Worlds Collide (1951),Sci-Fi,When Worlds Collide,Sci-Fi,5.0,1.0
4814,Don't Say a Word (2001),Thriller,Don't Say a Word,Thriller,2.5,5.0
4815,Hearts in Atlantis (2001),Drama,Hearts in Atlantis,Drama,2.9166666666666665,6.0
4816,Zoolander (2001),Comedy,Zoolander,Comedy,3.509259259259259,54.0
4818,Extreme Days (2001),Action|Adventure|Comedy|Drama,Extreme Days,Action Adventure Comedy Drama,2.0,1.0
4821,Joy Ride (2001),Adventure|Thriller,Joy Ride,Adventure Thriller,3.1,5.0
4822,Max Keeble's Big Move (2001),Children|Comedy,Max Keeble's Big Move,Children Comedy,2.5,3.0
4823,Serendipity (2001),Comedy|Romance,Serendipity,Comedy Romance,3.14,25.0
4825,"Swamp, The (Ciénaga, La) (2001)",Comedy|Drama,"Swamp, The (Ciénaga, La)",Comedy Drama,3.0,1.0
4826,"Big Red One, The (1980)",Action|Adventure|Drama|War,"Big Red One, The",Action Adventure Drama War,4.25,2.0
4827,"Boogeyman, The (1980)",Horror,"Boogeyman, The",Horror,3.0,1.0
4828,"Party, The (Boum, La) (1980)",Comedy|Romance,"Party, The (Boum, La)",Comedy Romance,3.5,1.0
4830,Brubaker (1980),Crime|Drama,Brubaker,Crime Drama,4.0,1.0
4831,Can't Stop the Music (1980),Comedy|Musical,Can't Stop the Music,Comedy Musical,3.0,1.0
4833,"Changeling, The (1980)",Horror|Mystery|Thriller,"Changeling, The",Horror Mystery Thriller,3.3333333333333335,3.0
4835,Coal Miner's Daughter (1980),Drama,Coal Miner's Daughter,Drama,3.5,3.0
4836,"Competition, The (1980)",Drama|Romance,"Competition, The",Drama Romance,3.75,2.0
4840,"Last Metro, The (Dernier métro, Le) (1980)",Drama|Romance,"Last Metro, The (Dernier métro, Le)",Drama Romance,4.0,1.0
4844,Bandits (2001),Comedy|Crime|Romance,Bandits,Comedy Crime Romance,2.6666666666666665,6.0
4845,Corky Romano (2001),Comedy|Crime,Corky Romano,Comedy Crime,1.3333333333333333,3.0
4846,Iron Monkey (Siu nin Wong Fei-hung ji: Tit Ma Lau) (1993),Action|Comedy,Iron Monkey (Siu nin Wong Fei-hung ji: Tit Ma Lau),Action Comedy,3.5,5.0
4847,Fat Girl (À ma soeur!) (2001),Drama,Fat Girl (À ma soeur!),Drama,3.0,2.0
4848,Mulholland Drive (2001),Crime|Drama|Film-Noir|Mystery|Thriller,Mulholland Drive,Crime Drama Film-Noir Mystery Thriller,3.843137254901961,51.0
4849,My First Mister (2001),Comedy|Drama,My First Mister,Comedy Drama,3.3333333333333335,3.0
4850,Spriggan (Supurigan) (1998),Action|Animation|Sci-Fi,Spriggan (Supurigan),Action Animation Sci-Fi,3.375,4.0
4852,Bones (2001),Horror,Bones,Horror,1.6666666666666667,3.0
4855,Dirty Harry (1971),Action|Crime|Thriller,Dirty Harry,Action Crime Thriller,3.775,20.0
4857,Fiddler on the Roof (1971),Drama|Musical,Fiddler on the Roof,Drama Musical,3.8125,8.0
4860,Making the Grade (1984),Comedy,Making the Grade,Comedy,2.0,1.0
4862,Not Without My Daughter (1991),Drama,Not Without My Daughter,Drama,1.6666666666666667,3.0
4863,Female Trouble (1975),Comedy|Crime,Female Trouble,Comedy Crime,3.25,2.0
4864,Titanica (1992),Documentary|IMAX,Titanica,Documentary IMAX,2.5,1.0
4865,From Hell (2001),Crime|Horror|Mystery|Thriller,From Hell,Crime Horror Mystery Thriller,3.65,20.0
4866,"Last Castle, The (2001)",Action,"Last Castle, The",Action,2.8125,8.0
4867,Riding in Cars with Boys (2001),Comedy|Drama,Riding in Cars with Boys,Comedy Drama,3.1,5.0
4871,Focus (2001),Drama,Focus,Drama,3.5,1.0
4873,Waking Life (2001),Animation|Drama|Fantasy,Waking Life,Animation Drama Fantasy,3.6842105263157894,19.0
4874,K-PAX (2001),Drama|Fantasy|Mystery|Sci-Fi,K-PAX,Drama Fantasy Mystery Sci-Fi,3.484848484848485,33.0
4876,Thirteen Ghosts (a.k.a. Thir13en Ghosts) (2001),Horror|Thriller,Thirteen Ghosts (a.k.a. Thir13en Ghosts),Horror Thriller,2.4583333333333335,12.0
4877,Better Than Sex (2000),Comedy|Romance,Better Than Sex,Comedy Romance,3.5,1.0
4878,Donnie Darko (2001),Drama|Mystery|Sci-Fi|Thriller,Donnie Darko,Drama Mystery Sci-Fi Thriller,3.981651376146789,109.0
4879,High Heels and Low Lifes (2001),Action|Comedy|Crime|Drama,High Heels and Low Lifes,Action Comedy Crime Drama,3.0,1.0
4880,Life as a House (2001),Drama,Life as a House,Drama,3.888888888888889,9.0
4881,"Man Who Wasn't There, The (2001)",Crime|Drama,"Man Who Wasn't There, The",Crime Drama,3.735294117647059,17.0
4883,"Town is Quiet, The (Ville est tranquille, La) (2000)",Drama,"Town is Quiet, The (Ville est tranquille, La)",Drama,4.0,1.0
4885,Domestic Disturbance (2001),Thriller,Domestic Disturbance,Thriller,2.0,1.0
4886,"Monsters, Inc. (2001)",Adventure|Animation|Children|Comedy|Fantasy,"Monsters, Inc.",Adventure Animation Children Comedy Fantasy,3.871212121212121,132.0
4887,"One, The (2001)",Action|Sci-Fi|Thriller,"One, The",Action Sci-Fi Thriller,2.75,14.0
4888,Tape (2001),Drama,Tape,Drama,3.875,4.0
4889,Heist (2001),Crime|Drama,Heist,Crime Drama,3.4285714285714284,7.0
4890,Shallow Hal (2001),Comedy|Fantasy|Romance,Shallow Hal,Comedy Fantasy Romance,3.032258064516129,31.0
4893,When a Stranger Calls (1979),Horror|Thriller,When a Stranger Calls,Horror Thriller,2.5,2.0
4896,Harry Potter and the Sorcerer's Stone (a.k.a. Harry Potter and the Philosopher's Stone) (2001),Adventure|Children|Fantasy,Harry Potter and the Sorcerer's Stone (a.k.a. Harry Potter and the Philosopher's Stone),Adventure Children Fantasy,3.7616822429906542,107.0
4898,Novocaine (2001),Comedy|Crime|Mystery|Thriller,Novocaine,Comedy Crime Mystery Thriller,2.625,4.0
4899,Black Knight (2001),Adventure|Comedy|Fantasy,Black Knight,Adventure Comedy Fantasy,2.1875,8.0
4900,Out Cold (2001),Comedy,Out Cold,Comedy,3.0,5.0
4901,Spy Game (2001),Action|Crime|Drama|Thriller,Spy Game,Action Crime Drama Thriller,3.4814814814814814,27.0
4902,"Devil's Backbone, The (Espinazo del diablo, El) (2001)",Drama|Fantasy|Horror|Thriller|War,"Devil's Backbone, The (Espinazo del diablo, El)",Drama Fantasy Horror Thriller War,3.35,10.0
4903,In the Bedroom (2001),Drama,In the Bedroom,Drama,3.0,10.0
4909,"Incredible Shrinking Woman, The (1981)",Comedy|Sci-Fi,"Incredible Shrinking Woman, The",Comedy Sci-Fi,2.0,2.0
4911,Jabberwocky (1977),Adventure|Comedy|Fantasy,Jabberwocky,Adventure Comedy Fantasy,3.5,2.0
4912,Funny Girl (1968),Drama|Musical|Romance,Funny Girl,Drama Musical Romance,3.75,4.0
4914,Breathless (À bout de souffle) (1960),Crime|Drama|Romance,Breathless (À bout de souffle),Crime Drama Romance,3.9375,8.0
4915,"Beastmaster, The (1982)",Action|Adventure|Fantasy,"Beastmaster, The",Action Adventure Fantasy,2.8,5.0
4916,Midway (1976),Drama|War,Midway,Drama War,3.3333333333333335,3.0
4917,MacArthur (1977),Drama,MacArthur,Drama,4.0,1.0
4919,Subway (1985),Crime|Drama|Romance|Thriller,Subway,Crime Drama Romance Thriller,3.5,2.0
4920,"Now, Voyager (1942)",Drama|Romance,"Now, Voyager",Drama Romance,3.6666666666666665,3.0
4921,Little Women (1933),Drama|Romance,Little Women,Drama Romance,4.0,5.0
4925,"Cheap Detective, The (1978)",Comedy,"Cheap Detective, The",Comedy,3.0,1.0
4926,Everybody's Famous! (Iedereen beroemd!) (2000),Comedy|Drama|Musical,Everybody's Famous! (Iedereen beroemd!),Comedy Drama Musical,2.0,1.0
4927,"Last Wave, The (1977)",Fantasy|Mystery|Thriller,"Last Wave, The",Fantasy Mystery Thriller,3.0,1.0
4928,That Obscure Object of Desire (Cet obscur objet du désir) (1977),Drama,That Obscure Object of Desire (Cet obscur objet du désir),Drama,3.125,4.0
4929,"Toy, The (1982)",Comedy,"Toy, The",Comedy,2.375,4.0
4932,Dressed to Kill (1980),Mystery|Thriller,Dressed to Kill,Mystery Thriller,1.0,1.0
4936,Fame (1980),Drama|Musical,Fame,Drama Musical,3.3333333333333335,9.0
4939,"Final Countdown, The (1980)",Action|Sci-Fi,"Final Countdown, The",Action Sci-Fi,3.0,1.0
4941,Flash Gordon (1980),Action|Adventure|Sci-Fi,Flash Gordon,Action Adventure Sci-Fi,3.1875,8.0
4942,"Angry Red Planet, The (1959)",Sci-Fi,"Angry Red Planet, The",Sci-Fi,4.5,1.0
4945,"Enforcer, The (1976)",Crime,"Enforcer, The",Crime,4.0,1.0
4946,"Eye for an Eye, An (1981)",Action|Crime|Thriller,"Eye for an Eye, An",Action Crime Thriller,4.0,1.0
4947,"Gauntlet, The (1977)",Action,"Gauntlet, The",Action,3.5,2.0
4951,Lord of the Flies (1990),Adventure|Drama|Thriller,Lord of the Flies,Adventure Drama Thriller,3.4285714285714284,7.0
4952,Morons From Outer Space (1985),Comedy|Sci-Fi,Morons From Outer Space,Comedy Sci-Fi,2.0,1.0
4953,"People That Time Forgot, The (1977)",Adventure|Sci-Fi,"People That Time Forgot, The",Adventure Sci-Fi,2.5,1.0
4954,Ocean's Eleven (a.k.a. Ocean's 11) (1960),Comedy|Crime,Ocean's Eleven (a.k.a. Ocean's 11),Comedy Crime,3.6363636363636362,11.0
4956,"Stunt Man, The (1980)",Action|Adventure|Comedy|Drama|Romance|Thriller,"Stunt Man, The",Action Adventure Comedy Drama Romance Thriller,4.5,3.0
4957,Sudden Impact (1983),Crime|Thriller,Sudden Impact,Crime Thriller,3.5,2.0
4958,Behind Enemy Lines (2001),Action|Drama|War,Behind Enemy Lines,Action Drama War,3.25,20.0
4959,"Affair of the Necklace, The (2001)",Drama,"Affair of the Necklace, The",Drama,3.25,2.0
4961,Pornstar: The Legend of Ron Jeremy (2001),Documentary,Pornstar: The Legend of Ron Jeremy,Documentary,2.5,1.0
4962,Texas Rangers (2001),Adventure|Western,Texas Rangers,Adventure Western,2.0,1.0
4963,Ocean's Eleven (2001),Crime|Thriller,Ocean's Eleven,Crime Thriller,3.8445378151260505,119.0
4964,Baran (2001),Adventure|Drama|Romance,Baran,Adventure Drama Romance,3.5,1.0
4965,"Business of Strangers, The (2001)",Action|Drama|Thriller,"Business of Strangers, The",Action Drama Thriller,3.5,2.0
4966,"Incredible Shrinking Man, The (1957)",Sci-Fi|Thriller,"Incredible Shrinking Man, The",Sci-Fi Thriller,3.0,1.0
4967,No Man's Land (2001),Drama|War,No Man's Land,Drama War,4.1923076923076925,13.0
4969,And Then There Were None (1945),Crime|Mystery,And Then There Were None,Crime Mystery,3.625,4.0
4970,"Blue Angel, The (Blaue Engel, Der) (1930)",Drama,"Blue Angel, The (Blaue Engel, Der)",Drama,4.0,1.0
4971,Moscow on the Hudson (1984),Comedy|Drama,Moscow on the Hudson,Comedy Drama,3.1,5.0
4973,"Amelie (Fabuleux destin d'Amélie Poulain, Le) (2001)",Comedy|Romance,"Amelie (Fabuleux destin d'Amélie Poulain, Le)",Comedy Romance,4.183333333333334,120.0
4974,Not Another Teen Movie (2001),Comedy,Not Another Teen Movie,Comedy,2.5714285714285716,14.0
4975,Vanilla Sky (2001),Mystery|Romance|Sci-Fi|Thriller,Vanilla Sky,Mystery Romance Sci-Fi Thriller,3.4204545454545454,44.0
4976,Iris (2001),Drama,Iris,Drama,3.875,4.0
4977,Kandahar (Safar e Ghandehar) (2001),Drama,Kandahar (Safar e Ghandehar),Drama,3.5,2.0
4978,Lantana (2001),Drama|Mystery|Thriller,Lantana,Drama Mystery Thriller,3.8333333333333335,6.0
4979,"Royal Tenenbaums, The (2001)",Comedy|Drama,"Royal Tenenbaums, The",Comedy Drama,3.6838235294117645,68.0
4980,Bill & Ted's Bogus Journey (1991),Adventure|Comedy|Fantasy|Sci-Fi,Bill & Ted's Bogus Journey,Adventure Comedy Fantasy Sci-Fi,3.075,20.0
4981,Clockwise (1986),Comedy,Clockwise,Comedy,4.0,1.0
4985,Sheena (1984),Action|Adventure|Fantasy,Sheena,Action Adventure Fantasy,1.5,2.0
4987,Spacehunter: Adventures in the Forbidden Zone (1983),Action|Adventure|Sci-Fi,Spacehunter: Adventures in the Forbidden Zone,Action Adventure Sci-Fi,2.0,2.0
4988,White Water Summer (1987),Adventure,White Water Summer,Adventure,2.0,1.0
4989,How High (2001),Comedy,How High,Comedy,2.9444444444444446,9.0
4990,Jimmy Neutron: Boy Genius (2001),Adventure|Animation|Children|Comedy,Jimmy Neutron: Boy Genius,Adventure Animation Children Comedy,3.2,5.0
4991,Joe Somebody (2001),Comedy|Drama|Romance,Joe Somebody,Comedy Drama Romance,3.3333333333333335,3.0
4992,Kate & Leopold (2001),Comedy|Romance,Kate & Leopold,Comedy Romance,3.2058823529411766,17.0
4993,"Lord of the Rings: The Fellowship of the Ring, The (2001)",Adventure|Fantasy,"Lord of the Rings: The Fellowship of the Ring, The",Adventure Fantasy,4.106060606060606,198.0
4994,"Majestic, The (2001)",Comedy|Drama|Romance,"Majestic, The",Comedy Drama Romance,3.5,10.0
4995,"Beautiful Mind, A (2001)",Drama|Romance,"Beautiful Mind, A",Drama Romance,4.0,123.0
4998,"Defiant Ones, The (1958)",Adventure|Crime|Drama|Thriller,"Defiant Ones, The",Adventure Crime Drama Thriller,3.5,1.0
5004,"Party, The (1968)",Comedy,"Party, The",Comedy,3.5,7.0
5007,Topkapi (1964),Adventure|Comedy|Thriller,Topkapi,Adventure Comedy Thriller,2.5,1.0
5008,Witness for the Prosecution (1957),Drama|Mystery|Thriller,Witness for the Prosecution,Drama Mystery Thriller,4.388888888888889,9.0
5009,Ali (2001),Drama,Ali,Drama,3.0,8.0
5010,Black Hawk Down (2001),Action|Drama|War,Black Hawk Down,Action Drama War,3.81,50.0
5011,Charlotte Gray (2001),Drama|Romance,Charlotte Gray,Drama Romance,3.75,2.0
5012,Yentl (1983),Drama|Musical|Romance,Yentl,Drama Musical Romance,4.0,1.0
5013,Gosford Park (2001),Comedy|Drama|Mystery,Gosford Park,Comedy Drama Mystery,3.7037037037037037,27.0
5014,I Am Sam (2001),Drama,I Am Sam,Drama,3.764705882352941,17.0
5015,Monster's Ball (2001),Drama|Romance,Monster's Ball,Drama Romance,3.3055555555555554,18.0
5016,"Shipping News, The (2001)",Drama,"Shipping News, The",Drama,3.0,6.0
5021,Murder by Death (1976),Comedy|Crime|Mystery|Thriller,Murder by Death,Comedy Crime Mystery Thriller,2.8333333333333335,3.0
5023,"Waterdance, The (1992)",Drama,"Waterdance, The",Drama,4.0,2.0
5025,Orange County (2002),Comedy,Orange County,Comedy,2.6333333333333333,15.0
5026,"Brotherhood of the Wolf (Pacte des loups, Le) (2001)",Action|Mystery|Thriller,"Brotherhood of the Wolf (Pacte des loups, Le)",Action Mystery Thriller,3.8214285714285716,14.0
5027,Another 48 Hrs. (1990),Action|Comedy|Crime|Drama|Thriller,Another 48 Hrs.,Action Comedy Crime Drama Thriller,3.0,5.0
5028,What Time Is It There? (Ni neibian jidian) (2001),Drama,What Time Is It There? (Ni neibian jidian),Drama,2.0,1.0
5033,"Russia House, The (1990)",Drama|Thriller,"Russia House, The",Drama Thriller,2.5,2.0
5034,"Truly, Madly, Deeply (1991)",Drama|Romance,"Truly, Madly, Deeply",Drama Romance,3.6666666666666665,3.0
5039,Dragonslayer (1981),Action|Adventure|Fantasy,Dragonslayer,Action Adventure Fantasy,4.083333333333333,6.0
5040,Conan the Destroyer (1984),Action|Adventure|Fantasy,Conan the Destroyer,Action Adventure Fantasy,3.125,8.0
5041,Fire and Ice (1983),Animation|Fantasy,Fire and Ice,Animation Fantasy,1.5,1.0
5046,Impostor (2002),Action|Drama|Sci-Fi|Thriller,Impostor,Action Drama Sci-Fi Thriller,3.0,3.0
5047,Kung Pow: Enter the Fist (2002),Action|Comedy,Kung Pow: Enter the Fist,Action Comedy,3.2222222222222223,9.0
5048,Snow Dogs (2002),Adventure|Children|Comedy,Snow Dogs,Adventure Children Comedy,2.3333333333333335,6.0
5049,48 Hrs. (1982),Action|Comedy|Crime|Drama,48 Hrs.,Action Comedy Crime Drama,3.590909090909091,11.0
5051,Italian for Beginners (Italiensk for begyndere) (2000),Comedy|Drama|Romance,Italian for Beginners (Italiensk for begyndere),Comedy Drama Romance,3.0,2.0
5053,Blankman (1994),Comedy,Blankman,Comedy,1.5,1.0
5054,Brainstorm (1983),Sci-Fi|Thriller,Brainstorm,Sci-Fi Thriller,3.5,1.0
5055,Dragon: The Bruce Lee Story (1993),Action|Drama,Dragon: The Bruce Lee Story,Action Drama,2.8125,8.0
5059,Little Dieter Needs to Fly (1997),Documentary,Little Dieter Needs to Fly,Documentary,5.0,1.0
5060,M*A*S*H (a.k.a. MASH) (1970),Comedy|Drama|War,M*A*S*H (a.k.a. MASH),Comedy Drama War,3.9347826086956523,46.0
5062,Seconds (1966),Mystery|Sci-Fi|Thriller,Seconds,Mystery Sci-Fi Thriller,3.5,2.0
5063,One-Eyed Jacks (1961),Western,One-Eyed Jacks,Western,3.0,1.0
5064,The Count of Monte Cristo (2002),Action|Adventure|Drama|Thriller,The Count of Monte Cristo,Action Adventure Drama Thriller,3.828125,32.0
5065,"Mothman Prophecies, The (2002)",Drama|Fantasy|Horror|Mystery|Thriller,"Mothman Prophecies, The",Drama Fantasy Horror Mystery Thriller,3.076923076923077,13.0
5066,"Walk to Remember, A (2002)",Drama|Romance,"Walk to Remember, A",Drama Romance,3.5,14.0
5068,Beijing Bicycle (Shiqi sui de dan che) (2001),Drama,Beijing Bicycle (Shiqi sui de dan che),Drama,4.0,1.0
5069,Escaflowne: The Movie (Escaflowne) (2000),Action|Adventure|Animation|Drama|Fantasy,Escaflowne: The Movie (Escaflowne),Action Adventure Animation Drama Fantasy,3.25,2.0
5071,Maelström (2000),Drama|Romance,Maelström,Drama Romance,4.0,1.0
5072,Metropolis (2001),Animation|Sci-Fi,Metropolis,Animation Sci-Fi,3.9615384615384617,13.0
5073,"Son's Room, The (Stanza del figlio, La) (2001)",Drama,"Son's Room, The (Stanza del figlio, La)",Drama,3.8333333333333335,3.0
5074,Storytelling (2001),Comedy|Drama,Storytelling,Comedy Drama,3.1666666666666665,3.0
5075,Waydowntown (2000),Comedy,Waydowntown,Comedy,3.6666666666666665,3.0
5076,"Adventures of Huck Finn, The (1993)",Adventure|Children|Comedy|Drama,"Adventures of Huck Finn, The",Adventure Children Comedy Drama,2.5,3.0
5077,Cousins (1989),Comedy|Romance,Cousins,Comedy Romance,3.0,1.0
5080,Slackers (2002),Comedy,Slackers,Comedy,2.6,5.0
5081,Birthday Girl (2001),Drama|Romance,Birthday Girl,Drama Romance,2.8,5.0
5083,Rare Birds (2001),Comedy|Drama,Rare Birds,Comedy Drama,3.5,2.0
5088,"Going Places (Valseuses, Les) (1974)",Comedy|Crime|Drama,"Going Places (Valseuses, Les)",Comedy Crime Drama,5.0,1.0
5092,Big Fat Liar (2002),Children|Comedy,Big Fat Liar,Children Comedy,3.0,5.0
5093,Collateral Damage (2002),Action|Thriller,Collateral Damage,Action Thriller,2.7777777777777777,9.0
5094,Rollerball (2002),Action|Sci-Fi,Rollerball,Action Sci-Fi,1.7857142857142858,7.0
5095,"Scotland, Pa. (2001)",Comedy|Crime,"Scotland, Pa.",Comedy Crime,4.5,1.0
5096,Baby's Day Out (1994),Comedy,Baby's Day Out,Comedy,1.25,2.0
5099,Heidi (1937),Children|Drama,Heidi,Children Drama,2.5,4.0
5102,Rookie of the Year (1993),Comedy|Fantasy,Rookie of the Year,Comedy Fantasy,2.5,4.0
5103,"Sandlot, The (1993)",Children|Comedy|Drama,"Sandlot, The",Children Comedy Drama,3.4375,24.0
5105,Don't Look Now (1973),Drama|Horror|Thriller,Don't Look Now,Drama Horror Thriller,0.5,1.0
5106,Crossroads (2002),Comedy|Musical|Romance,Crossroads,Comedy Musical Romance,2.0714285714285716,7.0
5107,Hart's War (2002),Drama|War,Hart's War,Drama War,3.1,5.0
5108,John Q (2002),Crime|Drama|Thriller,John Q,Crime Drama Thriller,2.909090909090909,11.0
5109,Return to Never Land (2002),Adventure|Animation|Children,Return to Never Land,Adventure Animation Children,4.0,1.0
5110,Super Troopers (2001),Comedy|Crime|Mystery,Super Troopers,Comedy Crime Mystery,3.6041666666666665,24.0
5111,"Good Son, The (1993)",Drama|Thriller,"Good Son, The",Drama Thriller,1.5,1.0
5112,Last Orders (2001),Drama,Last Orders,Drama,3.0,1.0
5113,After the Fox (Caccia alla volpe) (1966),Comedy|Crime,After the Fox (Caccia alla volpe),Comedy Crime,2.75,2.0
5114,"Bad and the Beautiful, The (1952)",Drama,"Bad and the Beautiful, The",Drama,4.0,1.0
5116,Designing Woman (1957),Comedy,Designing Woman,Comedy,3.5,1.0
5120,Sleuth (1972),Comedy|Mystery|Thriller,Sleuth,Comedy Mystery Thriller,4.166666666666667,3.0
5121,Stroszek (1977),Comedy|Drama,Stroszek,Comedy Drama,4.0,1.0
5127,Dragonfly (2002),Drama|Fantasy|Mystery|Romance|Thriller,Dragonfly,Drama Fantasy Mystery Romance Thriller,3.5,3.0
5128,Queen of the Damned (2002),Fantasy|Horror,Queen of the Damned,Fantasy Horror,2.3636363636363638,11.0
5131,How to Kill Your Neighbor's Dog (2000),Comedy|Drama,How to Kill Your Neighbor's Dog,Comedy Drama,3.25,2.0
5134,Mean Machine (2001),Comedy|Drama,Mean Machine,Comedy Drama,3.0,2.0
5135,Monsoon Wedding (2001),Comedy|Romance,Monsoon Wedding,Comedy Romance,3.8333333333333335,12.0
5136,Wendigo (2001),Drama|Horror,Wendigo,Drama Horror,2.5,2.0
5137,Scratch (2001),Documentary,Scratch,Documentary,3.8333333333333335,3.0
5139,"Bad News Bears, The (1976)",Comedy,"Bad News Bears, The",Comedy,3.2777777777777777,9.0
5146,Vampire Hunter D: Bloodlust (Banpaia hantâ D) (2000),Animation|Fantasy|Horror|Sci-Fi,Vampire Hunter D: Bloodlust (Banpaia hantâ D),Animation Fantasy Horror Sci-Fi,3.111111111111111,9.0
5147,Wild Strawberries (Smultronstället) (1957),Drama,Wild Strawberries (Smultronstället),Drama,3.75,4.0
5151,40 Days and 40 Nights (2002),Comedy|Romance,40 Days and 40 Nights,Comedy Romance,3.0,18.0
5152,We Were Soldiers (2002),Action|Drama|War,We Were Soldiers,Action Drama War,3.3333333333333335,18.0
5155,"Big Bird Cage, The (1972)",Action,"Big Bird Cage, The",Action,4.5,1.0
5156,"Big Doll House, The (1971)",Action,"Big Doll House, The",Action,2.5,1.0
5159,Ferngully: The Last Rainforest (1992),Animation|Children|Comedy|Musical,Ferngully: The Last Rainforest,Animation Children Comedy Musical,3.142857142857143,7.0
5165,Zombie (a.k.a. Zombie 2: The Dead Are Among Us) (Zombi 2) (1979),Horror,Zombie (a.k.a. Zombie 2: The Dead Are Among Us) (Zombi 2),Horror,4.0,2.0
5168,Royal Wedding (1951),Comedy|Musical|Romance,Royal Wedding,Comedy Musical Romance,3.0,1.0
5170,All About the Benjamins (2002),Action|Comedy|Crime,All About the Benjamins,Action Comedy Crime,2.5,2.0
5171,"Time Machine, The (2002)",Action|Adventure|Sci-Fi,"Time Machine, The",Action Adventure Sci-Fi,2.8636363636363638,22.0
5177,"Magnificent Ambersons, The (1942)",Drama|Romance,"Magnificent Ambersons, The",Drama Romance,3.5,2.0
5178,Fun (1994),Crime|Drama,Fun,Crime Drama,4.0,1.0
5181,Hangar 18 (1980),Action|Sci-Fi|Thriller,Hangar 18,Action Sci-Fi Thriller,4.5,2.0
5187,Hopscotch (1980),Comedy,Hopscotch,Comedy,4.0,3.0
5189,Humanoids from the Deep (1980),Horror|Sci-Fi,Humanoids from the Deep,Horror Sci-Fi,1.5,1.0
5197,Little Darlings (1980),Drama,Little Darlings,Drama,2.0,1.0
5198,"Long Good Friday, The (1980)",Drama|Thriller,"Long Good Friday, The",Drama Thriller,3.5,1.0
5202,Mon oncle d'Amérique (1980),Drama,Mon oncle d'Amérique,Drama,3.25,2.0
5205,Motel Hell (1980),Comedy|Horror,Motel Hell,Comedy Horror,2.75,2.0
5209,Ffolkes (1979),Action|Adventure|Thriller,Ffolkes,Action Adventure Thriller,2.0,1.0
5212,"Octagon, The (1980)",Action,"Octagon, The",Action,3.0,1.0
5213,"Oh, God! Book II (1980)",Comedy,"Oh, God! Book II",Comedy,1.5,1.0
5214,"Oh, God! (1977)",Comedy|Fantasy,"Oh, God!",Comedy Fantasy,2.5,4.0
5218,Ice Age (2002),Adventure|Animation|Children|Comedy,Ice Age,Adventure Animation Children Comedy,3.6882352941176473,85.0
5219,Resident Evil (2002),Action|Horror|Sci-Fi|Thriller,Resident Evil,Action Horror Sci-Fi Thriller,3.0833333333333335,30.0
5220,Showtime (2002),Action|Comedy,Showtime,Action Comedy,2.4,10.0
5221,Harrison's Flowers (2000),Drama,Harrison's Flowers,Drama,3.0,1.0
5222,Kissing Jessica Stein (2001),Comedy|Romance,Kissing Jessica Stein,Comedy Romance,3.375,4.0
5224,Promises (2001),Documentary,Promises,Documentary,4.25,2.0
5225,And Your Mother Too (Y tu mamá también) (2001),Drama|Romance,And Your Mother Too (Y tu mamá también),Drama Romance,3.9523809523809526,21.0
5226,All the Right Moves (1983),Drama|Romance,All the Right Moves,Drama Romance,2.25,2.0
5231,Road to Morocco (1942),Comedy,Road to Morocco,Comedy,3.5,1.0
5237,Taps (1981),Drama,Taps,Drama,4.0,1.0
5238,Return of the Secaucus 7 (1980),Drama,Return of the Secaucus 7,Drama,3.5,2.0
5239,Rude Boy (1980),Documentary|Drama,Rude Boy,Documentary Drama,4.0,1.0
5240,Running Scared (1980),Action|Drama,Running Scared,Action Drama,4.0,1.0
5241,Seems Like Old Times (1980),Comedy|Romance,Seems Like Old Times,Comedy Romance,5.0,1.0
5244,Shogun Assassin (1980),Action|Adventure,Shogun Assassin,Action Adventure,5.0,1.0
5246,Smokey and the Bandit II (1980),Action|Comedy,Smokey and the Bandit II,Action Comedy,2.125,4.0
5247,Smokey and the Bandit (1977),Action|Comedy,Smokey and the Bandit,Action Comedy,2.7222222222222223,9.0
5248,Smokey and the Bandit III (1983),Action|Comedy,Smokey and the Bandit III,Action Comedy,1.375,4.0
5250,Stir Crazy (1980),Comedy,Stir Crazy,Comedy,4.0,3.0
5254,Blade II (2002),Action|Horror|Thriller,Blade II,Action Horror Thriller,3.2058823529411766,34.0
5255,Sorority Boys (2002),Comedy,Sorority Boys,Comedy,2.375,4.0
5256,Stolen Summer (2002),Drama,Stolen Summer,Drama,2.75,2.0
5258,George Washington (2000),Drama,George Washington,Drama,2.0,2.0
5264,Clockstoppers (2002),Action|Adventure|Sci-Fi|Thriller,Clockstoppers,Action Adventure Sci-Fi Thriller,2.25,4.0
5265,Death to Smoochy (2002),Comedy|Crime|Drama,Death to Smoochy,Comedy Crime Drama,3.3181818181818183,11.0
5266,Panic Room (2002),Thriller,Panic Room,Thriller,3.0,37.0
5267,"Rookie, The (2002)",Drama,"Rookie, The",Drama,3.2916666666666665,12.0
5268,No Such Thing (2001),Drama|Fantasy|Romance,No Such Thing,Drama Fantasy Romance,2.5,1.0
5269,"Piano Teacher, The (La pianiste) (2001)",Drama,"Piano Teacher, The (La pianiste)",Drama,4.0,1.0
5272,Time Out (L'emploi du temps) (2001),Drama,Time Out (L'emploi du temps),Drama,3.0,1.0
5275,Boxcar Bertha (1972),Drama,Boxcar Bertha,Drama,1.5,1.0
5278,Fraternity Vacation (1985),Comedy|Romance,Fraternity Vacation,Comedy Romance,1.0,1.0
5279,Impromptu (1991),Comedy|Romance,Impromptu,Comedy Romance,4.25,2.0
5282,High Crimes (2002),Thriller,High Crimes,Thriller,3.25,2.0
5283,National Lampoon's Van Wilder (2002),Comedy,National Lampoon's Van Wilder,Comedy,2.909090909090909,22.0
5284,Crush (2001),Comedy|Romance,Crush,Comedy Romance,2.5,1.0
5285,Lucky Break (2001),Comedy|Crime,Lucky Break,Comedy Crime,4.0,1.0
5288,"Atomic Cafe, The (1982)",Documentary|War,"Atomic Cafe, The",Documentary War,4.5,2.0
5291,Rashomon (Rashômon) (1950),Crime|Drama|Mystery,Rashomon (Rashômon),Crime Drama Mystery,3.9444444444444446,18.0
5292,Slap Shot (1977),Comedy,Slap Shot,Comedy,3.857142857142857,7.0
5293,Changing Lanes (2002),Drama|Thriller,Changing Lanes,Drama Thriller,3.3333333333333335,9.0
5294,Frailty (2001),Crime|Drama|Thriller,Frailty,Crime Drama Thriller,3.8636363636363638,11.0
5296,"Sweetest Thing, The (2002)",Comedy|Romance,"Sweetest Thing, The",Comedy Romance,2.9,10.0
5297,"Cat's Meow, The (2002)",Drama|Thriller,"Cat's Meow, The",Drama Thriller,2.5,2.0
5298,Human Nature (2001),Comedy|Romance,Human Nature,Comedy Romance,3.5,5.0
5299,My Big Fat Greek Wedding (2002),Comedy|Romance,My Big Fat Greek Wedding,Comedy Romance,3.2666666666666666,60.0
5300,3:10 to Yuma (1957),Action|Adventure|Drama|Thriller|Western,3:10 to Yuma,Action Adventure Drama Thriller Western,4.0,1.0
5303,Joe Versus the Volcano (1990),Comedy|Romance,Joe Versus the Volcano,Comedy Romance,3.4285714285714284,7.0
5304,"Rome, Open City (a.k.a. Open City) (Roma, città aperta) (1945)",Drama|War,"Rome, Open City (a.k.a. Open City) (Roma, città aperta)",Drama War,4.0,2.0
5307,Taking Care of Business (1990),Comedy,Taking Care of Business,Comedy,3.0,1.0
5308,Three Men and a Baby (1987),Comedy,Three Men and a Baby,Comedy,2.8157894736842106,19.0
5309,Three Men and a Little Lady (1990),Comedy|Romance,Three Men and a Little Lady,Comedy Romance,2.5625,8.0
5311,"Watcher in the Woods, The (1980)",Children|Horror|Mystery|Thriller,"Watcher in the Woods, The",Children Horror Mystery Thriller,3.0,1.0
5312,Murder by Numbers (2002),Crime|Thriller,Murder by Numbers,Crime Thriller,2.857142857142857,7.0
5313,The Scorpion King (2002),Action|Adventure|Fantasy|Thriller,The Scorpion King,Action Adventure Fantasy Thriller,2.2954545454545454,22.0
5316,Enigma (2001),Romance|Thriller,Enigma,Romance Thriller,3.142857142857143,7.0
5319,Nine Queens (Nueve reinas) (2000),Crime|Thriller,Nine Queens (Nueve reinas),Crime Thriller,3.5,6.0
5321,"Triumph of Love, The (2001)",Comedy,"Triumph of Love, The",Comedy,2.0,1.0
5322,World Traveler (2001),Drama,World Traveler,Drama,4.0,1.0
5323,Jason X (2002),Horror|Sci-Fi|Thriller,Jason X,Horror Sci-Fi Thriller,1.1875,8.0
5324,Life or Something Like It (2002),Comedy|Romance,Life or Something Like It,Comedy Romance,2.75,2.0
5325,Dogtown and Z-Boyz (2001),Documentary,Dogtown and Z-Boyz,Documentary,3.7857142857142856,7.0
5328,Rain (2001),Drama|Romance,Rain,Drama Romance,5.0,1.0
5329,"Salton Sea, The (2002)",Crime|Drama|Thriller,"Salton Sea, The",Crime Drama Thriller,3.35,10.0
5333,Bob le Flambeur (1955),Crime|Drama,Bob le Flambeur,Crime Drama,3.3333333333333335,3.0
5334,Cadillac Man (1990),Comedy|Crime,Cadillac Man,Comedy Crime,1.5,2.0
5337,Delirious (1991),Comedy,Delirious,Comedy,2.8333333333333335,3.0
5338,Full Moon in Blue Water (1988),Drama,Full Moon in Blue Water,Drama,2.0,1.0
5339,Husbands and Wives (1992),Comedy|Drama,Husbands and Wives,Comedy Drama,3.9166666666666665,6.0
5341,Lenny (1974),Drama,Lenny,Drama,3.75,2.0
5345,Triumph of the Spirit (1989),Drama,Triumph of the Spirit,Drama,3.0,1.0
5346,Wild Orchid (1990),Drama|Romance,Wild Orchid,Drama Romance,1.75,2.0
5347,Deuces Wild (2002),Drama,Deuces Wild,Drama,2.5,2.0
5348,Hollywood Ending (2002),Comedy|Drama,Hollywood Ending,Comedy Drama,4.0,1.0
5349,Spider-Man (2002),Action|Adventure|Sci-Fi|Thriller,Spider-Man,Action Adventure Sci-Fi Thriller,3.540983606557377,122.0
5353,Butterflies Are Free (1972),Comedy|Drama,Butterflies Are Free,Comedy Drama,3.0,1.0
5356,"Giant Spider Invasion, The (1975)",Horror|Sci-Fi,"Giant Spider Invasion, The",Horror Sci-Fi,0.5,1.0
5357,Iron Will (1994),Adventure,Iron Will,Adventure,3.5,2.0
5358,Mountains of the Moon (1990),Adventure,Mountains of the Moon,Adventure,3.0,1.0
5361,White Fang (1991),Adventure,White Fang,Adventure,1.75,2.0
5363,"New Guy, The (2002)",Comedy,"New Guy, The",Comedy,2.5,9.0
5364,Unfaithful (2002),Drama|Thriller,Unfaithful,Drama Thriller,3.5,7.0
5365,"Lady and the Duke, The (Anglaise et le duc, L') (2001)",Drama|Romance,"Lady and the Duke, The (Anglaise et le duc, L')",Drama Romance,4.0,1.0
5372,Calamity Jane (1953),Musical|Western,Calamity Jane,Musical Western,3.5,1.0
5373,"Cranes Are Flying, The (Letyat zhuravli) (1957)",Drama|Romance|War,"Cranes Are Flying, The (Letyat zhuravli)",Drama Romance War,4.0,1.0
5375,"Harvey Girls, The (1946)",Comedy|Musical|Western,"Harvey Girls, The",Comedy Musical Western,3.0,1.0
5377,About a Boy (2002),Comedy|Drama|Romance,About a Boy,Comedy Drama Romance,3.715909090909091,44.0
5378,Star Wars: Episode II - Attack of the Clones (2002),Action|Adventure|Sci-Fi|IMAX,Star Wars: Episode II - Attack of the Clones,Action Adventure Sci-Fi IMAX,3.157608695652174,92.0
5379,"Believer, The (2001)",Drama,"Believer, The",Drama,4.25,6.0
5380,"Importance of Being Earnest, The (2002)",Comedy|Drama|Romance,"Importance of Being Earnest, The",Comedy Drama Romance,3.85,10.0
5382,Every Which Way But Loose (1978),Comedy,Every Which Way But Loose,Comedy,3.0,3.0
5384,I Want to Live! (1958),Crime|Drama,I Want to Live!,Crime Drama,3.0,1.0
5385,"Last Waltz, The (1978)",Documentary,"Last Waltz, The",Documentary,4.5,1.0
5387,Enough (2002),Drama|Thriller,Enough,Drama Thriller,4.0,3.0
5388,Insomnia (2002),Action|Crime|Drama|Mystery|Thriller,Insomnia,Action Crime Drama Mystery Thriller,3.303030303030303,33.0
5389,Spirit: Stallion of the Cimarron (2002),Adventure|Animation|Children|Western,Spirit: Stallion of the Cimarron,Adventure Animation Children Western,3.5,2.0
5390,CQ (2001),Drama,CQ,Drama,3.0,1.0
5391,Thirteen Conversations About One Thing (a.k.a. 13 Conversations) (2001),Drama,Thirteen Conversations About One Thing (a.k.a. 13 Conversations),Drama,4.0,3.0
5397,Monkey Business (1952),Comedy|Sci-Fi,Monkey Business,Comedy Sci-Fi,2.5,2.0
5398,Requiem for a Heavyweight (1962),Drama,Requiem for a Heavyweight,Drama,4.0,2.0
5400,"Sum of All Fears, The (2002)",Drama|Thriller,"Sum of All Fears, The",Drama Thriller,2.9705882352941178,17.0
5401,Undercover Brother (2002),Comedy,Undercover Brother,Comedy,1.8333333333333333,9.0
5404,84 Charing Cross Road (1987),Drama|Romance,84 Charing Cross Road,Drama Romance,4.5,3.0
5409,Rapid Fire (1992),Action,Rapid Fire,Action,3.75,2.0
5410,Silent Running (1972),Drama|Sci-Fi,Silent Running,Drama Sci-Fi,2.375,4.0
5414,Bad Company (2002),Action|Comedy|Crime,Bad Company,Action Comedy Crime,2.875,4.0
5415,Divine Secrets of the Ya-Ya Sisterhood (2002),Comedy|Drama,Divine Secrets of the Ya-Ya Sisterhood,Comedy Drama,3.125,4.0
5416,Cherish (2002),Comedy|Drama|Thriller,Cherish,Comedy Drama Thriller,5.0,1.0
5417,"Fast Runner, The (Atanarjuat) (2001)",Drama|Fantasy,"Fast Runner, The (Atanarjuat)",Drama Fantasy,3.8333333333333335,3.0
5418,"Bourne Identity, The (2002)",Action|Mystery|Thriller,"Bourne Identity, The",Action Mystery Thriller,3.8169642857142856,112.0
5419,Scooby-Doo (2002),Adventure|Children|Comedy|Fantasy|Mystery,Scooby-Doo,Adventure Children Comedy Fantasy Mystery,2.8529411764705883,17.0
5420,Windtalkers (2002),Action|Drama|War,Windtalkers,Action Drama War,2.875,8.0
5421,"Dangerous Lives of Altar Boys, The (2002)",Drama,"Dangerous Lives of Altar Boys, The",Drama,3.5,6.0
5422,"Emperor's New Clothes, The (2001)",Comedy,"Emperor's New Clothes, The",Comedy,4.0,1.0
5423,Gangster No. 1 (2000),Action|Crime|Thriller,Gangster No. 1,Action Crime Thriller,3.0,3.0
5424,Harvard Man (2001),Crime|Drama|Romance|Thriller,Harvard Man,Crime Drama Romance Thriller,3.0,1.0
5425,Dark Blue World (Tmavomodrý svet) (2001),Drama|War,Dark Blue World (Tmavomodrý svet),Drama War,4.25,2.0
5427,Caveman (1981),Comedy,Caveman,Comedy,2.5,3.0
5428,Cheech & Chong's The Corsican Brothers (1984),Comedy,Cheech & Chong's The Corsican Brothers,Comedy,1.125,4.0
5433,Silver Bullet (Stephen King's Silver Bullet) (1985),Adventure|Drama|Horror|Mystery|Thriller,Silver Bullet (Stephen King's Silver Bullet),Adventure Drama Horror Mystery Thriller,2.6666666666666665,3.0
5434,"Sorry, Wrong Number (1948)",Drama|Film-Noir|Thriller,"Sorry, Wrong Number",Drama Film-Noir Thriller,3.8,5.0
5435,Hombre (1967),Western,Hombre,Western,3.0,1.0
5437,"Manhattan Project, The (1986)",Comedy|Sci-Fi|Thriller,"Manhattan Project, The",Comedy Sci-Fi Thriller,3.0,3.0
5438,Men at Work (1990),Action|Comedy,Men at Work,Action Comedy,2.75,4.0
5440,She Wore a Yellow Ribbon (1949),Western,She Wore a Yellow Ribbon,Western,3.0,1.0
5442,V. I. Warshawski (1991),Action|Comedy|Crime,V. I. Warshawski,Action Comedy Crime,2.0,1.0
5443,Juwanna Mann (2002),Comedy,Juwanna Mann,Comedy,1.5,2.0
5444,Lilo & Stitch (2002),Adventure|Animation|Children|Sci-Fi,Lilo & Stitch,Adventure Animation Children Sci-Fi,3.810344827586207,29.0
5445,Minority Report (2002),Action|Crime|Mystery|Sci-Fi|Thriller,Minority Report,Action Crime Mystery Sci-Fi Thriller,3.6375,120.0
5446,Rabbit-Proof Fence (2002),Adventure|Drama,Rabbit-Proof Fence,Adventure Drama,3.642857142857143,7.0
5447,Sunshine State (2002),Drama,Sunshine State,Drama,3.5,2.0
5448,Hey Arnold! The Movie (2002),Adventure|Animation|Children|Comedy,Hey Arnold! The Movie,Adventure Animation Children Comedy,2.0,1.0
5449,Mr. Deeds (2002),Comedy|Romance,Mr. Deeds,Comedy Romance,2.909090909090909,22.0
5450,Lovely & Amazing (2001),Comedy|Drama|Romance,Lovely & Amazing,Comedy Drama Romance,3.2,5.0
5451,Pumpkin (2002),Comedy|Drama|Romance,Pumpkin,Comedy Drama Romance,3.0,5.0
5452,Look Who's Talking Now (1993),Children|Comedy|Romance,Look Who's Talking Now,Children Comedy Romance,1.5833333333333333,6.0
5454,Mo' Money (1992),Comedy|Romance,Mo' Money,Comedy Romance,2.25,2.0
5455,"Object of Beauty, The (1991)",Comedy|Drama,"Object of Beauty, The",Comedy Drama,1.5,1.0
5456,Wagons East (1994),Comedy|Western,Wagons East,Comedy Western,2.0,1.0
5458,Like Mike (2002),Children|Comedy|Fantasy,Like Mike,Children Comedy Fantasy,2.5,1.0
5459,Men in Black II (a.k.a. MIIB) (a.k.a. MIB 2) (2002),Action|Comedy|Sci-Fi,Men in Black II (a.k.a. MIIB) (a.k.a. MIB 2),Action Comedy Sci-Fi,2.959016393442623,61.0
5460,"Powerpuff Girls, The (2002)",Action|Animation|Children|Comedy,"Powerpuff Girls, The",Action Animation Children Comedy,3.6666666666666665,3.0
5461,Me Without You (2001),Comedy|Drama,Me Without You,Comedy Drama,2.5,1.0
5462,"Crocodile Hunter: Collision Course, The (2002)",Adventure|Comedy,"Crocodile Hunter: Collision Course, The",Adventure Comedy,2.5,2.0
5463,Reign of Fire (2002),Action|Adventure|Fantasy,Reign of Fire,Action Adventure Fantasy,2.7222222222222223,18.0
5464,Road to Perdition (2002),Crime|Drama,Road to Perdition,Crime Drama,3.520408163265306,49.0
5465,All About Lily Chou-Chou (Riri Shushu no subete) (2001),Crime|Drama|Thriller,All About Lily Chou-Chou (Riri Shushu no subete),Crime Drama Thriller,3.0,1.0
5466,My Wife is an Actress (Ma Femme est une Actrice) (2001),Comedy|Drama|Romance,My Wife is an Actress (Ma Femme est une Actrice),Comedy Drama Romance,4.0,4.0
5468,20 Million Miles to Earth (1957),Sci-Fi,20 Million Miles to Earth,Sci-Fi,5.0,1.0
5470,The Importance of Being Earnest (1952),Comedy|Romance,The Importance of Being Earnest,Comedy Romance,4.333333333333333,3.0
5471,Perfect (1985),Drama|Romance,Perfect,Drama Romance,1.8333333333333333,3.0
5472,1776 (1972),Children|Drama|Musical,1776,Children Drama Musical,3.5,2.0
5475,Z (1969),Drama|Mystery|Thriller,Z,Drama Mystery Thriller,3.8333333333333335,3.0
5476,Halloween: Resurrection (Halloween 8) (2002),Horror|Thriller,Halloween: Resurrection (Halloween 8),Horror Thriller,2.0,3.0
5477,Sex and Lucia (Lucía y el sexo) (2001),Drama|Romance,Sex and Lucia (Lucía y el sexo),Drama Romance,3.875,4.0
5478,Eight Legged Freaks (2002),Action|Comedy|Horror|Sci-Fi,Eight Legged Freaks,Action Comedy Horror Sci-Fi,2.75,8.0
5479,K-19: The Widowmaker (2002),Action|Adventure|Drama|Thriller,K-19: The Widowmaker,Action Adventure Drama Thriller,3.5,6.0
5480,Stuart Little 2 (2002),Children|Comedy,Stuart Little 2,Children Comedy,2.6,5.0
5481,Austin Powers in Goldmember (2002),Comedy,Austin Powers in Goldmember,Comedy,2.8461538461538463,65.0
5483,"Kid Stays in the Picture, The (2002)",Documentary,"Kid Stays in the Picture, The",Documentary,3.8333333333333335,3.0
5485,Tadpole (2002),Comedy|Drama|Romance,Tadpole,Comedy Drama Romance,3.3333333333333335,3.0
5486,Who Is Cletis Tout? (2001),Comedy,Who Is Cletis Tout?,Comedy,2.5,2.0
5489,Nosferatu the Vampyre (Nosferatu: Phantom der Nacht) (1979),Horror,Nosferatu the Vampyre (Nosferatu: Phantom der Nacht),Horror,4.0,1.0
5490,The Big Bus (1976),Action|Comedy,The Big Bus,Action Comedy,5.0,1.0
5493,In Like Flint (1967),Action|Adventure|Comedy,In Like Flint,Action Adventure Comedy,4.0,1.0
5497,Our Man Flint (1965),Adventure|Comedy|Sci-Fi,Our Man Flint,Adventure Comedy Sci-Fi,3.5,3.0
5498,Red Beard (Akahige) (1965),Drama,Red Beard (Akahige),Drama,4.5,1.0
5499,Robin and Marian (1976),Adventure|Drama|Romance,Robin and Marian,Adventure Drama Romance,3.25,2.0
5500,Top Secret! (1984),Comedy,Top Secret!,Comedy,4.2,10.0
5501,"Master of Disguise, The (2002)",Comedy|Mystery,"Master of Disguise, The",Comedy Mystery,1.8571428571428572,7.0
5502,Signs (2002),Horror|Sci-Fi|Thriller,Signs,Horror Sci-Fi Thriller,3.1666666666666665,63.0
5503,"Last Kiss, The (Ultimo bacio, L') (2001)",Comedy|Drama|Romance,"Last Kiss, The (Ultimo bacio, L')",Comedy Drama Romance,4.0,1.0
5504,Spy Kids 2: The Island of Lost Dreams (2002),Adventure|Children,Spy Kids 2: The Island of Lost Dreams,Adventure Children,2.2142857142857144,7.0
5505,"Good Girl, The (2002)",Comedy|Drama,"Good Girl, The",Comedy Drama,3.2083333333333335,12.0
5506,Blood Work (2002),Crime|Drama|Mystery|Thriller,Blood Work,Crime Drama Mystery Thriller,3.3333333333333335,3.0
5507,xXx (2002),Action|Crime|Thriller,xXx,Action Crime Thriller,2.7708333333333335,24.0
5508,24 Hour Party People (2002),Comedy|Drama|Musical,24 Hour Party People,Comedy Drama Musical,3.5714285714285716,7.0
5512,Secret Ballot (Raye makhfi) (2001),Comedy,Secret Ballot (Raye makhfi),Comedy,3.25,2.0
5513,Martin Lawrence Live: Runteldat (2002),Comedy|Documentary,Martin Lawrence Live: Runteldat,Comedy Documentary,5.0,1.0
5515,Songs From the Second Floor (Sånger från andra våningen) (2000),Drama,Songs From the Second Floor (Sånger från andra våningen),Drama,3.5,1.0
5521,"Principal, The (1987)",Action|Crime|Drama,"Principal, The",Action Crime Drama,3.25,2.0
5522,Rollerball (1975),Action|Drama|Sci-Fi,Rollerball,Action Drama Sci-Fi,3.5,4.0
5523,"Adventures of Pluto Nash, The (2002)",Action|Adventure|Comedy|Sci-Fi,"Adventures of Pluto Nash, The",Action Adventure Comedy Sci-Fi,2.3333333333333335,3.0
5524,Blue Crush (2002),Adventure|Drama|Romance,Blue Crush,Adventure Drama Romance,2.6875,8.0
5525,Mostly Martha (Bella Martha) (2001),Comedy|Drama|Romance,Mostly Martha (Bella Martha),Comedy Drama Romance,3.5,1.0
5527,Possession (2002),Drama|Romance,Possession,Drama Romance,3.5,4.0
5528,One Hour Photo (2002),Drama|Thriller,One Hour Photo,Drama Thriller,3.473684210526316,19.0
5529,Serving Sara (2002),Comedy|Romance,Serving Sara,Comedy Romance,3.25,2.0
5530,Simone (S1m0ne) (2002),Comedy|Drama|Fantasy|Sci-Fi,Simone (S1m0ne),Comedy Drama Fantasy Sci-Fi,2.142857142857143,7.0
5531,Undisputed (2002),Drama,Undisputed,Drama,2.75,2.0
5532,Amy's O (a.k.a. Amy's Orgasm) (2001),Comedy|Romance,Amy's O (a.k.a. Amy's Orgasm),Comedy Romance,4.0,1.0
5537,Satin Rouge (2002),Drama|Musical,Satin Rouge,Drama Musical,5.0,1.0
5538,"Care Bears Movie, The (1985)",Animation|Children|Fantasy,"Care Bears Movie, The",Animation Children Fantasy,1.5,2.0
5539,Care Bears Movie II: A New Generation (1986),Animation|Children,Care Bears Movie II: A New Generation,Animation Children,1.5,2.0
5540,Clash of the Titans (1981),Action|Adventure|Fantasy|Romance,Clash of the Titans,Action Adventure Fantasy Romance,3.611111111111111,9.0
5541,Hot Shots! (1991),Action|Comedy|Romance|War,Hot Shots!,Action Comedy Romance War,3.1333333333333333,15.0
5543,"Swarm, The (1978)",Action|Horror|Sci-Fi,"Swarm, The",Action Horror Sci-Fi,2.25,2.0
5544,Time After Time (1979),Sci-Fi|Thriller,Time After Time,Sci-Fi Thriller,3.75,4.0
5548,Down and Out in Beverly Hills (1986),Comedy,Down and Out in Beverly Hills,Comedy,3.0,5.0
5550,Love Me Tender (1956),Musical|Western,Love Me Tender,Musical Western,3.5,1.0
5553,Stakeout (1987),Comedy|Crime|Romance|Thriller,Stakeout,Comedy Crime Romance Thriller,3.0,8.0
5556,FearDotCom (a.k.a. Fear.com) (a.k.a. Fear Dot Com) (2002),Crime|Horror|Thriller,FearDotCom (a.k.a. Fear.com) (a.k.a. Fear Dot Com),Crime Horror Thriller,1.5,3.0
5560,À nous la liberté (Freedom for Us) (1931),Comedy|Musical,À nous la liberté (Freedom for Us),Comedy Musical,1.0,1.0
5562,Snipes (2001),Drama|Thriller,Snipes,Drama Thriller,2.5,1.0
5563,City by the Sea (2002),Crime|Drama,City by the Sea,Crime Drama,2.8333333333333335,3.0
5564,Swimfan (2002),Thriller,Swimfan,Thriller,2.0,2.0
5568,Johnny Dangerously (1984),Comedy,Johnny Dangerously,Comedy,2.857142857142857,7.0
5569,"Last House on the Left, The (1972)",Crime|Horror|Thriller,"Last House on the Left, The",Crime Horror Thriller,3.25,2.0
5570,Thesis (Tesis) (1996),Drama|Horror|Thriller,Thesis (Tesis),Drama Horror Thriller,3.9,5.0
5572,Barbershop (2002),Comedy,Barbershop,Comedy,2.7142857142857144,7.0
5573,Stealing Harvard (2002),Comedy|Crime,Stealing Harvard,Comedy Crime,2.2857142857142856,7.0
5574,"Transporter, The (2002)",Action|Crime,"Transporter, The",Action Crime,3.519230769230769,26.0
5575,Alias Betty (Betty Fisher et autres histoires) (2001),Crime|Drama,Alias Betty (Betty Fisher et autres histoires),Crime Drama,2.0,1.0
5577,Igby Goes Down (2002),Comedy|Drama,Igby Goes Down,Comedy Drama,3.6666666666666665,12.0
5580,Aspen Extreme (1993),Action,Aspen Extreme,Action,3.5,1.0
5581,Betsy's Wedding (1990),Comedy,Betsy's Wedding,Comedy,2.0,1.0
5582,Captain Ron (1992),Adventure|Comedy,Captain Ron,Adventure Comedy,2.6875,8.0
5584,Ernest Goes to Jail (1990),Comedy,Ernest Goes to Jail,Comedy,3.5,1.0
5585,Ernest Scared Stupid (1991),Comedy,Ernest Scared Stupid,Comedy,2.0833333333333335,6.0
5588,"Hills Have Eyes, The (1977)",Horror,"Hills Have Eyes, The",Horror,3.5,2.0
5589,Indian Summer (1993),Comedy|Drama,Indian Summer,Comedy Drama,3.0,3.0
5590,"Mack, The (1973)",Crime,"Mack, The",Crime,2.5,1.0
5591,Monkey Trouble (1994),Children|Comedy,Monkey Trouble,Children Comedy,1.0,1.0
5596,Spaced Invaders (1990),Adventure|Comedy|Sci-Fi,Spaced Invaders,Adventure Comedy Sci-Fi,1.5,1.0
5597,Suburban Commando (1991),Comedy|Sci-Fi,Suburban Commando,Comedy Sci-Fi,1.75,2.0
5601,"Yearling, The (1946)",Children|Drama,"Yearling, The",Children Drama,4.0,1.0
5602,"Ladykillers, The (1955)",Comedy|Crime,"Ladykillers, The",Comedy Crime,3.5,1.0
5603,"Lavender Hill Mob, The (1951)",Comedy|Crime,"Lavender Hill Mob, The",Comedy Crime,4.5,2.0
5604,"Man in the White Suit, The (1951)",Comedy|Sci-Fi,"Man in the White Suit, The",Comedy Sci-Fi,3.5,1.0
5607,"Son of the Bride (Hijo de la novia, El) (2001)",Comedy|Drama,"Son of the Bride (Hijo de la novia, El)",Comedy Drama,5.0,1.0
5608,"Das Experiment (Experiment, The) (2001)",Drama|Thriller,"Das Experiment (Experiment, The)",Drama Thriller,3.8636363636363638,11.0
5609,Ballistic: Ecks vs. Sever (2002),Action|Thriller,Ballistic: Ecks vs. Sever,Action Thriller,2.5,2.0
5610,"Banger Sisters, The (2002)",Comedy|Drama,"Banger Sisters, The",Comedy Drama,2.0,3.0
5611,"Four Feathers, The (2002)",Adventure|War,"Four Feathers, The",Adventure War,2.75,2.0
5612,Trapped (2002),Action|Thriller,Trapped,Action Thriller,2.0,1.0
5613,8 Women (2002),Comedy|Crime|Musical|Mystery,8 Women,Comedy Crime Musical Mystery,3.8333333333333335,3.0
5614,"His Secret Life (a.k.a. Ignorant Fairies, The) (Fate ignoranti, Le) (2001)",Drama|Romance,"His Secret Life (a.k.a. Ignorant Fairies, The) (Fate ignoranti, Le)",Drama Romance,4.5,1.0
5615,Invincible (2001),Drama,Invincible,Drama,3.5,1.0
5617,Secretary (2002),Comedy|Drama|Romance,Secretary,Comedy Drama Romance,3.9,25.0
5618,Spirited Away (Sen to Chihiro no kamikakushi) (2001),Adventure|Animation|Fantasy,Spirited Away (Sen to Chihiro no kamikakushi),Adventure Animation Fantasy,4.155172413793103,87.0
5619,"Trials of Henry Kissinger, The (2002)",Documentary,"Trials of Henry Kissinger, The",Documentary,4.0,2.0
5620,Sweet Home Alabama (2002),Comedy|Romance,Sweet Home Alabama,Comedy Romance,3.0535714285714284,28.0
5621,"Tuxedo, The (2002)",Action|Comedy,"Tuxedo, The",Action Comedy,2.5,10.0
5625,Moonlight Mile (2002),Drama|Romance,Moonlight Mile,Drama Romance,3.5,3.0
5628,Wasabi (2001),Action|Comedy|Crime|Drama|Thriller,Wasabi,Action Comedy Crime Drama Thriller,3.5,5.0
5629,Jonah: A VeggieTales Movie (2002),Animation|Children|Musical,Jonah: A VeggieTales Movie,Animation Children Musical,2.0,1.0
5630,Red Dragon (2002),Crime|Mystery|Thriller,Red Dragon,Crime Mystery Thriller,3.435483870967742,31.0
5632,Bloody Sunday (2002),Drama,Bloody Sunday,Drama,3.6,5.0
5633,Heaven (2002),Drama,Heaven,Drama,3.75,2.0
5635,"Man from Elysian Fields, The (2001)",Drama,"Man from Elysian Fields, The",Drama,3.0,1.0
5636,Welcome to Collinwood (2002),Comedy|Crime,Welcome to Collinwood,Comedy Crime,2.5,2.0
5637,Flirting (1991),Drama,Flirting,Drama,4.5,2.0
5638,Godzilla vs. Mothra (Mosura tai Gojira) (1964),Action|Adventure|Fantasy|Sci-Fi,Godzilla vs. Mothra (Mosura tai Gojira),Action Adventure Fantasy Sci-Fi,2.0,1.0
5640,"Godzilla, King of the Monsters! (Kaijû-ô Gojira) (1956)",Horror|Sci-Fi,"Godzilla, King of the Monsters! (Kaijû-ô Gojira)",Horror Sci-Fi,3.0,1.0
5643,Powaqqatsi (1988),Documentary,Powaqqatsi,Documentary,3.5,3.0
5644,"Pride of the Yankees, The (1942)",Drama,"Pride of the Yankees, The",Drama,3.5,3.0
5646,Valmont (1989),Drama|Romance,Valmont,Drama Romance,4.0,4.0
5649,Horror of Dracula (Dracula) (1958),Horror,Horror of Dracula (Dracula),Horror,3.0,1.0
5650,Strange Brew (1983),Comedy,Strange Brew,Comedy,3.5454545454545454,11.0
5651,"Incredible Mr. Limpet, The (1964)",Animation|Comedy|War,"Incredible Mr. Limpet, The",Animation Comedy War,3.0,1.0
5657,Flashback (1990),Action|Adventure|Comedy|Crime|Drama,Flashback,Action Adventure Comedy Crime Drama,4.5,1.0
5663,Below (2002),Horror,Below,Horror,3.5,1.0
5664,Brown Sugar (2002),Romance,Brown Sugar,Romance,1.5,1.0
5665,Knockaround Guys (2002),Action|Comedy|Crime,Knockaround Guys,Action Comedy Crime,2.5,5.0
5666,"Rules of Attraction, The (2002)",Comedy|Drama|Romance|Thriller,"Rules of Attraction, The",Comedy Drama Romance Thriller,3.6,5.0
5667,Tuck Everlasting (2002),Drama|Fantasy,Tuck Everlasting,Drama Fantasy,3.25,2.0
5668,White Oleander (2002),Drama,White Oleander,Drama,2.5,4.0
5669,Bowling for Columbine (2002),Documentary,Bowling for Columbine,Documentary,3.7758620689655173,58.0
5670,Comedian (2002),Comedy|Documentary,Comedian,Comedy Documentary,3.0,2.0
5672,Pokemon 4 Ever (a.k.a. Pokémon 4: The Movie) (2002),Adventure|Animation|Children|Fantasy,Pokemon 4 Ever (a.k.a. Pokémon 4: The Movie),Adventure Animation Children Fantasy,0.5,2.0
5673,Punch-Drunk Love (2002),Comedy|Drama|Romance,Punch-Drunk Love,Comedy Drama Romance,3.621212121212121,33.0
5675,Swept Away (2002),Comedy|Romance,Swept Away,Comedy Romance,1.0,1.0
5678,Formula 51 (2001),Action|Comedy|Crime|Thriller,Formula 51,Action Comedy Crime Thriller,2.6666666666666665,3.0
5679,"Ring, The (2002)",Horror|Mystery|Thriller,"Ring, The",Horror Mystery Thriller,3.202127659574468,47.0
5680,Auto Focus (2002),Crime|Drama,Auto Focus,Crime Drama,3.1666666666666665,3.0
5682,"Grey Zone, The (2001)",Drama,"Grey Zone, The",Drama,3.25,2.0
5684,Naqoyqatsi (2002),Documentary,Naqoyqatsi,Documentary,3.0,1.0
5685,Real Women Have Curves (2002),Comedy|Drama,Real Women Have Curves,Comedy Drama,4.25,2.0
5688,Tully (2000),Drama,Tully,Drama,2.75,2.0
5689,Billy Bathgate (1991),Crime|Drama,Billy Bathgate,Crime Drama,2.0,1.0
5690,Grave of the Fireflies (Hotaru no haka) (1988),Animation|Drama|War,Grave of the Fireflies (Hotaru no haka),Animation Drama War,4.15625,16.0
5693,Saturday Night Fever (1977),Comedy|Drama|Romance,Saturday Night Fever,Comedy Drama Romance,3.3181818181818183,11.0
5694,Staying Alive (1983),Comedy|Drama|Musical,Staying Alive,Comedy Drama Musical,2.25,2.0
5696,Urban Cowboy (1980),Drama,Urban Cowboy,Drama,2.3333333333333335,3.0
5699,Tom Horn (1980),Western,Tom Horn,Western,4.0,1.0
5700,The Pumaman (1980),Action|Adventure|Fantasy|Sci-Fi,The Pumaman,Action Adventure Fantasy Sci-Fi,0.5,1.0
5704,Without Warning (a.k.a. Alien Warning) (a.k.a. It Came Without Warning) (1980),Horror|Sci-Fi,Without Warning (a.k.a. Alien Warning) (a.k.a. It Came Without Warning),Horror Sci-Fi,2.0,1.0
5706,...All the Marbles (1981),Comedy|Drama,...All the Marbles,Comedy Drama,2.0,1.0
5707,Absence of Malice (1981),Drama|Romance,Absence of Malice,Drama Romance,3.25,2.0
5710,Banana Joe (1981),Comedy,Banana Joe,Comedy,2.75,2.0
5712,Blow Out (1981),Mystery|Thriller,Blow Out,Mystery Thriller,3.625,4.0
5720,"Friend Is a Treasure, A (Chi Trova Un Amico, Trova un Tesoro) (Who Finds a Friend Finds a Treasure) (1981)",Action|Adventure|Comedy,"Friend Is a Treasure, A (Chi Trova Un Amico, Trova un Tesoro) (Who Finds a Friend Finds a Treasure)",Action Adventure Comedy,2.5,1.0
5721,"Chosen, The (1981)",Drama,"Chosen, The",Drama,0.0,0.0
5723,Continental Divide (1981),Comedy|Romance,Continental Divide,Comedy Romance,5.0,1.0
5733,"Eyewitness (Janitor, The) (1981)",Thriller,"Eyewitness (Janitor, The)",Thriller,4.0,1.0
5735,Faces of Death (1978),Documentary|Horror,Faces of Death,Documentary Horror,1.75,2.0
5736,Faces of Death 3 (1985),Documentary|Horror,Faces of Death 3,Documentary Horror,1.5,1.0
5741,"Woman Next Door, The (Femme d'à côté, La) (1981)",Drama|Romance,"Woman Next Door, The (Femme d'à côté, La)",Drama Romance,4.0,1.0
5742,First Monday in October (1981),Comedy|Drama,First Monday in October,Comedy Drama,4.0,1.0
5745,"Four Seasons, The (1981)",Comedy|Drama,"Four Seasons, The",Comedy Drama,5.0,1.0
5746,Galaxy of Terror (Quest) (1981),Action|Horror|Mystery|Sci-Fi,Galaxy of Terror (Quest),Action Horror Mystery Sci-Fi,5.0,1.0
5747,Gallipoli (1981),Drama|War,Gallipoli,Drama War,4.285714285714286,7.0
5749,Ghost Story (1981),Drama|Horror,Ghost Story,Drama Horror,3.0,1.0
5752,Gregory's Girl (1981),Comedy|Romance,Gregory's Girl,Comedy Romance,3.0,1.0
5755,Happy Birthday to Me (1981),Horror|Mystery,Happy Birthday to Me,Horror Mystery,2.0,2.0
5764,Looker (1981),Drama|Horror|Sci-Fi|Thriller,Looker,Drama Horror Sci-Fi Thriller,4.5,1.0
5767,Teddy Bear (Mis) (1981),Comedy|Crime,Teddy Bear (Mis),Comedy Crime,3.5,1.0
5768,Modern Problems (1981),Comedy|Fantasy,Modern Problems,Comedy Fantasy,3.0,1.0
5771,My Bloody Valentine (1981),Drama|Horror|Thriller,My Bloody Valentine,Drama Horror Thriller,0.5,1.0
5772,My Dinner with André (1981),Drama,My Dinner with André,Drama,4.75,2.0
5773,Neighbors (1981),Comedy,Neighbors,Comedy,3.0,1.0
5779,Piranha II: The Spawning (1981),Horror|Sci-Fi,Piranha II: The Spawning,Horror Sci-Fi,2.0,1.0
5780,Polyester (1981),Comedy,Polyester,Comedy,3.0,1.0
5782,"Professional, The (Le professionnel) (1981)",Action|Drama|Thriller,"Professional, The (Le professionnel)",Action Drama Thriller,3.8684210526315788,19.0
5784,Ghost Ship (2002),Horror,Ghost Ship,Horror,2.5,9.0
5785,Jackass: The Movie (2002),Action|Comedy|Documentary,Jackass: The Movie,Action Comedy Documentary,3.5,17.0
5786,Paid in Full (2002),Action|Drama,Paid in Full,Action Drama,4.5,1.0
5787,"Truth About Charlie, The (2002)",Mystery|Thriller,"Truth About Charlie, The",Mystery Thriller,2.5,1.0
5788,All or Nothing (2002),Drama,All or Nothing,Drama,3.6666666666666665,3.0
5791,Frida (2002),Drama|Romance,Frida,Drama Romance,3.78125,16.0
5792,Roger Dodger (2002),Comedy|Drama,Roger Dodger,Comedy Drama,3.6666666666666665,6.0
5796,Casino Royale (1967),Action|Adventure|Comedy,Casino Royale,Action Adventure Comedy,2.5,5.0
5797,"Company of Wolves, The (1984)",Fantasy|Horror,"Company of Wolves, The",Fantasy Horror,2.0,1.0
5799,Exodus (1960),Drama|Romance|War,Exodus,Drama Romance War,3.5,1.0
5801,"Russians Are Coming, the Russians Are Coming, The (1966)",Comedy|War,"Russians Are Coming, the Russians Are Coming, The",Comedy War,2.5,1.0
5802,"World of Henry Orient, The (1964)",Comedy,"World of Henry Orient, The",Comedy,4.0,1.0
5803,I Spy (2002),Action|Adventure|Comedy|Crime,I Spy,Action Adventure Comedy Crime,2.5,7.0
5804,"Santa Clause 2, The (2002)",Children|Comedy|Fantasy|Romance,"Santa Clause 2, The",Children Comedy Fantasy Romance,2.3,5.0
5809,Femme Fatale (2002),Crime|Thriller,Femme Fatale,Crime Thriller,3.375,4.0
5810,8 Mile (2002),Drama,8 Mile,Drama,3.292682926829268,41.0
5812,Far from Heaven (2002),Drama|Romance,Far from Heaven,Drama Romance,3.8636363636363638,11.0
5816,Harry Potter and the Chamber of Secrets (2002),Adventure|Fantasy,Harry Potter and the Chamber of Secrets,Adventure Fantasy,3.5980392156862746,102.0
5817,Ararat (2002),Drama|War,Ararat,Drama War,4.5,1.0
5818,"Crime of Father Amaro, The (Crimen del padre Amaro, El) (2002)",Drama|Romance,"Crime of Father Amaro, The (Crimen del padre Amaro, El)",Drama Romance,4.5,1.0
5820,Standing in the Shadows of Motown (2002),Documentary|Musical,Standing in the Shadows of Motown,Documentary Musical,3.5,3.0
5826,Rio Grande (1950),Romance|Western,Rio Grande,Romance Western,3.5,1.0
5828,Blackrock (1997),Drama|Thriller,Blackrock,Drama Thriller,2.5,1.0
5829,Men with Brooms (2002),Comedy|Drama|Romance,Men with Brooms,Comedy Drama Romance,4.0,1.0
5833,Dog Soldiers (2002),Action|Horror,Dog Soldiers,Action Horror,4.666666666666667,3.0
5836,Houseboat (1958),Comedy|Romance,Houseboat,Comedy Romance,2.0,1.0
5838,Madame Bovary (1991),Drama,Madame Bovary,Drama,4.0,1.0
5839,My Father's Glory (La gloire de mon père) (1990),Adventure|Drama,My Father's Glory (La gloire de mon père),Adventure Drama,4.0,1.0
5840,"My Mother's Castle (Château de ma mère, Le) (1990)",Comedy|Drama,"My Mother's Castle (Château de ma mère, Le)",Comedy Drama,4.0,1.0
5841,Return to the Blue Lagoon (1991),Adventure|Romance,Return to the Blue Lagoon,Adventure Romance,1.6666666666666667,3.0
5843,Toy Soldiers (1991),Action|Drama,Toy Soldiers,Action Drama,2.5,4.0
5847,Ragtime (1981),Drama,Ragtime,Drama,3.5,1.0
5849,I'm Starting From Three (Ricomincio da Tre) (1981),Comedy,I'm Starting From Three (Ricomincio da Tre),Comedy,4.5,1.0
5853,Scanners (1981),Horror|Sci-Fi|Thriller,Scanners,Horror Sci-Fi Thriller,3.25,2.0
5856,"Do You Remember Dolly Bell? (Sjecas li se, Dolly Bell) (1981)",Comedy|Drama|Romance,"Do You Remember Dolly Bell? (Sjecas li se, Dolly Bell)",Comedy Drama Romance,4.0,1.0
5863,Take This Job and Shove It (1981),Comedy,Take This Job and Shove It,Comedy,1.0,1.0
5867,Thief (1981),Crime|Drama|Thriller,Thief,Crime Drama Thriller,4.5,2.0
5872,Die Another Day (2002),Action|Adventure|Thriller,Die Another Day,Action Adventure Thriller,2.925925925925926,27.0
5873,The Emperor's Club (2002),Drama,The Emperor's Club,Drama,3.875,4.0
5874,Friday After Next (2002),Comedy,Friday After Next,Comedy,2.4,5.0
5875,Personal Velocity (2002),Drama,Personal Velocity,Drama,2.5,1.0
5876,"Quiet American, The (2002)",Drama|Thriller|War,"Quiet American, The",Drama Thriller War,3.9,5.0
5878,Talk to Her (Hable con Ella) (2002),Drama|Romance,Talk to Her (Hable con Ella),Drama Romance,4.035714285714286,14.0
5879,Eight Crazy Nights (Adam Sandler's Eight Crazy Nights) (2002),Animation|Comedy|Musical,Eight Crazy Nights (Adam Sandler's Eight Crazy Nights),Animation Comedy Musical,1.5,4.0
5880,Extreme Ops (2002),Action|Adventure|Crime|Thriller,Extreme Ops,Action Adventure Crime Thriller,1.75,2.0
5881,Solaris (2002),Drama|Romance|Sci-Fi,Solaris,Drama Romance Sci-Fi,3.075,20.0
5882,Treasure Planet (2002),Adventure|Animation|Children|Sci-Fi|IMAX,Treasure Planet,Adventure Animation Children Sci-Fi IMAX,3.5625,8.0
5883,They (2002),Horror|Thriller,They,Horror Thriller,1.5,1.0
5884,Chopper Chicks in Zombietown (1989),Comedy|Horror,Chopper Chicks in Zombietown,Comedy Horror,1.0,1.0
5888,Brother (Brat) (1997),Crime|Drama,Brother (Brat),Crime Drama,5.0,1.0
5889,"Cruel Romance, A (Zhestokij Romans) (1984)",Drama|Romance,"Cruel Romance, A (Zhestokij Romans)",Drama Romance,5.0,1.0
5890,Elling (2001),Comedy|Drama,Elling,Comedy Drama,4.5,2.0
5891,I Spit on Your Grave (Day of the Woman) (1978),Horror|Thriller,I Spit on Your Grave (Day of the Woman),Horror Thriller,2.625,4.0
5893,"Last Seduction, The (1994)",Crime|Drama|Thriller,"Last Seduction, The",Crime Drama Thriller,3.25,2.0
5896,New Waterford Girl (1999),Comedy,New Waterford Girl,Comedy,4.0,1.0
5899,Zulu (1964),Action|Drama|War,Zulu,Action Drama War,4.0,4.0
5900,Analyze That (2002),Comedy|Crime,Analyze That,Comedy Crime,2.5625,8.0
5901,Empire (2002),Crime|Drama,Empire,Crime Drama,4.5,1.0
5902,Adaptation (2002),Comedy|Drama|Romance,Adaptation,Comedy Drama Romance,3.9456521739130435,46.0
5903,Equilibrium (2002),Action|Sci-Fi|Thriller,Equilibrium,Action Sci-Fi Thriller,3.875,44.0
5909,Visitor Q (Bizita Q) (2001),Comedy|Drama|Horror,Visitor Q (Bizita Q),Comedy Drama Horror,3.3,5.0
5912,Hit the Bank (Vabank) (1981),Comedy|Crime,Hit the Bank (Vabank),Comedy Crime,4.5,1.0
5915,Victory (a.k.a. Escape to Victory) (1981),Action|Drama|War,Victory (a.k.a. Escape to Victory),Action Drama War,4.75,2.0
5919,Android (1982),Sci-Fi,Android,Sci-Fi,4.5,2.0
5922,Attila (Attila Flagello di Dio) (1982),Action,Attila (Attila Flagello di Dio),Action,2.5,1.0
5925,"Beast Within, The (1982)",Horror,"Beast Within, The",Horror,2.0,2.0
5927,"Best Little Whorehouse in Texas, The (1982)",Comedy|Drama|Musical|Romance,"Best Little Whorehouse in Texas, The",Comedy Drama Musical Romance,3.0,1.0
5929,"Party 2, The (Boum 2, La) (1982)",Comedy|Romance,"Party 2, The (Boum 2, La)",Comedy Romance,3.0,1.0
5932,Burden of Dreams (1982),Documentary,Burden of Dreams,Documentary,3.75,2.0
5938,Deathtrap (1982),Comedy|Crime|Mystery|Thriller,Deathtrap,Comedy Crime Mystery Thriller,4.5,2.0
5941,Drumline (2002),Comedy|Drama|Musical|Romance,Drumline,Comedy Drama Musical Romance,2.9166666666666665,6.0
5942,"Hot Chick, The (2002)",Comedy,"Hot Chick, The",Comedy,2.8333333333333335,6.0
5943,Maid in Manhattan (2002),Comedy|Romance,Maid in Manhattan,Comedy Romance,2.6052631578947367,19.0
5944,Star Trek: Nemesis (2002),Action|Drama|Sci-Fi|Thriller,Star Trek: Nemesis,Action Drama Sci-Fi Thriller,3.1052631578947367,19.0
5945,About Schmidt (2002),Comedy|Drama,About Schmidt,Comedy Drama,3.173076923076923,26.0
5947,Evelyn (2002),Drama,Evelyn,Drama,3.0,1.0
5949,Intact (Intacto) (2001),Thriller,Intact (Intacto),Thriller,4.25,2.0
5951,Morvern Callar (2002),Drama,Morvern Callar,Drama,3.25,4.0
5952,"Lord of the Rings: The Two Towers, The (2002)",Adventure|Fantasy,"Lord of the Rings: The Two Towers, The",Adventure Fantasy,4.0212765957446805,188.0
5953,Devils on the Doorstep (Guizi lai le) (2000),Drama|War,Devils on the Doorstep (Guizi lai le),Drama War,4.0,1.0
5954,25th Hour (2002),Crime|Drama,25th Hour,Crime Drama,3.840909090909091,22.0
5955,Antwone Fisher (2002),Drama,Antwone Fisher,Drama,3.5555555555555554,9.0
5956,Gangs of New York (2002),Crime|Drama,Gangs of New York,Crime Drama,3.518181818181818,55.0
5957,Two Weeks Notice (2002),Comedy|Romance,Two Weeks Notice,Comedy Romance,3.263157894736842,19.0
5959,Narc (2002),Crime|Drama|Thriller,Narc,Crime Drama Thriller,3.2777777777777777,9.0
5961,Blue Steel (1990),Action|Thriller,Blue Steel,Action Thriller,1.5,1.0
5962,Body of Evidence (1993),Drama|Thriller,Body of Evidence,Drama Thriller,1.0,1.0
5963,"Children's Hour, The (1961)",Drama,"Children's Hour, The",Drama,3.5,2.0
5965,"Duellists, The (1977)",Action|War,"Duellists, The",Action War,4.166666666666667,3.0
5968,Miami Blues (1990),Comedy|Crime|Drama,Miami Blues,Comedy Crime Drama,4.0,1.0
5969,My Girl 2 (1994),Comedy|Drama|Romance,My Girl 2,Comedy Drama Romance,2.5,1.0
5970,My Girl (1991),Comedy|Drama|Romance,My Girl,Comedy Drama Romance,3.2,10.0
5971,My Neighbor Totoro (Tonari no Totoro) (1988),Animation|Children|Drama|Fantasy,My Neighbor Totoro (Tonari no Totoro),Animation Children Drama Fantasy,3.9594594594594597,37.0
5974,"Thief of Bagdad, The (1940)",Adventure|Fantasy,"Thief of Bagdad, The",Adventure Fantasy,3.0,1.0
5975,War and Peace (1956),Drama|Romance|War,War and Peace,Drama Romance War,3.5,1.0
5979,Attack of the Crab Monsters (1957),Horror|Sci-Fi,Attack of the Crab Monsters,Horror Sci-Fi,3.0,1.0
5980,Black Christmas (1974),Horror|Mystery|Thriller,Black Christmas,Horror Mystery Thriller,3.5,2.0
5984,"Story of O, The (Histoire d'O) (1975)",Drama|Romance,"Story of O, The (Histoire d'O)",Drama Romance,3.5,2.0
5986,Fat City (1972),Drama,Fat City,Drama,4.0,1.0
5988,Quicksilver (1986),Drama,Quicksilver,Drama,2.625,4.0
5989,Catch Me If You Can (2002),Crime|Drama,Catch Me If You Can,Crime Drama,3.9217391304347826,115.0
5990,Pinocchio (2002),Children|Comedy|Fantasy,Pinocchio,Children Comedy Fantasy,3.5,1.0
5991,Chicago (2002),Comedy|Crime|Drama|Musical,Chicago,Comedy Crime Drama Musical,3.7244897959183674,49.0
5992,"Hours, The (2002)",Drama|Romance,"Hours, The",Drama Romance,3.7,15.0
5993,Max (2002),Drama,Max,Drama,2.9,5.0
5994,Nicholas Nickleby (2002),Drama|Romance,Nicholas Nickleby,Drama Romance,4.0,2.0
5995,"Pianist, The (2002)",Drama|War,"Pianist, The",Drama War,4.108695652173913,46.0
5999,Heavy Metal 2000 (2000),Action|Adventure|Animation|Fantasy|Sci-Fi,Heavy Metal 2000,Action Adventure Animation Fantasy Sci-Fi,2.25,2.0
6001,"King of Comedy, The (1983)",Comedy|Drama,"King of Comedy, The",Comedy Drama,4.071428571428571,7.0
6002,Love Liza (2002),Drama,Love Liza,Drama,3.3333333333333335,3.0
6003,Confessions of a Dangerous Mind (2002),Comedy|Crime|Drama|Thriller,Confessions of a Dangerous Mind,Comedy Crime Drama Thriller,3.6,15.0
6005,Blue Collar Comedy Tour: The Movie (2003),Comedy|Documentary,Blue Collar Comedy Tour: The Movie,Comedy Documentary,3.0,3.0
6006,Just Married (2003),Comedy|Romance,Just Married,Comedy Romance,2.75,8.0
6009,"City of Lost Souls, The (Hyôryuu-gai) (2000)",Crime|Drama|Thriller,"City of Lost Souls, The (Hyôryuu-gai)",Crime Drama Thriller,3.0,1.0
6012,"Guy Thing, A (2003)",Comedy|Romance,"Guy Thing, A",Comedy Romance,2.5,4.0
6013,Kangaroo Jack (2003),Action|Comedy,Kangaroo Jack,Action Comedy,1.75,2.0
6014,National Security (2003),Action|Comedy,National Security,Action Comedy,2.5,5.0
6016,City of God (Cidade de Deus) (2002),Action|Adventure|Crime|Drama|Thriller,City of God (Cidade de Deus),Action Adventure Crime Drama Thriller,4.1466666666666665,75.0
6020,Alice Adams (1935),Comedy|Drama,Alice Adams,Comedy Drama,3.5,1.0
6021,"American Friend, The (Amerikanische Freund, Der) (1977)",Crime|Drama|Mystery|Thriller,"American Friend, The (Amerikanische Freund, Der)",Crime Drama Mystery Thriller,5.0,1.0
6022,American Me (1992),Drama,American Me,Drama,2.5,3.0
6023,Band of Outsiders (Bande à part) (1964),Comedy|Crime|Drama|Romance,Band of Outsiders (Bande à part),Comedy Crime Drama Romance,3.5,2.0
6025,CB4 - The Movie (1993),Comedy,CB4 - The Movie,Comedy,2.9,5.0
6027,Dogfight (1991),Drama|Romance,Dogfight,Drama Romance,4.166666666666667,3.0
6030,Girls! Girls! Girls! (1962),Comedy|Musical,Girls! Girls! Girls!,Comedy Musical,2.0,1.0
6031,Imitation of Life (1959),Drama|Romance,Imitation of Life,Drama Romance,3.5,2.0
6033,Mystery Date (1991),Comedy,Mystery Date,Comedy,3.0,1.0
6035,Pépé le Moko (1937),Crime|Drama|Romance,Pépé le Moko,Crime Drama Romance,3.25,2.0
6036,Secret Admirer (1985),Comedy|Romance,Secret Admirer,Comedy Romance,3.0,1.0
6039,"Woman in Red, The (1984)",Comedy|Romance,"Woman in Red, The",Comedy Romance,2.375,4.0
6040,Darkness Falls (2003),Horror|Thriller,Darkness Falls,Horror Thriller,2.125,4.0
6041,Amen. (2002),Drama,Amen.,Drama,3.8333333333333335,3.0
6042,Blind Spot: Hitler's Secretary (Im toten Winkel - Hitlers Sekretärin) (2002),Documentary,Blind Spot: Hitler's Secretary (Im toten Winkel - Hitlers Sekretärin),Documentary,3.0,1.0
6044,Blind Date (1984),Horror|Thriller,Blind Date,Horror Thriller,2.0,1.0
6049,Ethan Frome (1993),Drama,Ethan Frome,Drama,4.0,1.0
6051,"Harder They Come, The (1973)",Action|Crime|Drama,"Harder They Come, The",Action Crime Drama,4.166666666666667,3.0
6055,Sugar Hill (1994),Drama,Sugar Hill,Drama,2.25,2.0
6057,Biker Boyz (2003),Action|Crime|Drama,Biker Boyz,Action Crime Drama,2.0,1.0
6058,Final Destination 2 (2003),Horror|Thriller,Final Destination 2,Horror Thriller,3.05,10.0
6059,"Recruit, The (2003)",Action|Thriller,"Recruit, The",Action Thriller,3.3529411764705883,17.0
6060,"Guru, The (2002)",Comedy|Romance,"Guru, The",Comedy Romance,3.0,2.0
6062,Lost in La Mancha (2002),Documentary,Lost in La Mancha,Documentary,3.0833333333333335,6.0
6063,May (2002),Drama|Horror,May,Drama Horror,3.3333333333333335,3.0
6064,"Harder They Fall, The (1956)",Drama|Film-Noir,"Harder They Fall, The",Drama Film-Noir,4.0,1.0
6067,Ordinary Decent Criminal (2000),Comedy|Crime,Ordinary Decent Criminal,Comedy Crime,4.0,1.0
6070,Tokyo Decadence (Topâzu) (1992),Drama,Tokyo Decadence (Topâzu),Drama,4.0,1.0
6078,Firefox (1982),Action|Sci-Fi|Thriller,Firefox,Action Sci-Fi Thriller,2.75,2.0
6086,"I, the Jury (1982)",Crime|Drama|Thriller,"I, the Jury",Crime Drama Thriller,5.0,1.0
6090,Kiss Me Goodbye (1982),Comedy,Kiss Me Goodbye,Comedy,3.5,1.0
6093,"Last Unicorn, The (1982)",Animation|Children|Fantasy,"Last Unicorn, The",Animation Children Fantasy,3.375,4.0
6095,Dragon Lord (a.k.a. Dragon Strike) (Long Xiao Ye) (1982),Action,Dragon Lord (a.k.a. Dragon Strike) (Long Xiao Ye),Action,3.5,1.0
6100,"Midsummer Night's Sex Comedy, A (1982)",Comedy|Romance,"Midsummer Night's Sex Comedy, A",Comedy Romance,4.0,3.0
6101,Missing (1982),Drama|Mystery|Thriller,Missing,Drama Mystery Thriller,4.0,1.0
6104,Monty Python Live at the Hollywood Bowl (1982),Comedy,Monty Python Live at the Hollywood Bowl,Comedy,4.166666666666667,9.0
6107,"Night of the Shooting Stars (Notte di San Lorenzo, La) (1982)",Drama|War,"Night of the Shooting Stars (Notte di San Lorenzo, La)",Drama War,4.0,1.0
6111,Paradise (1982),Adventure|Romance,Paradise,Adventure Romance,3.5,1.0
6116,"Pirate Movie, The (1982)",Adventure|Comedy|Musical,"Pirate Movie, The",Adventure Comedy Musical,2.5,2.0
6119,Santa Claus Is a Stinker (Le Père Noël est une ordure) (1982),Comedy,Santa Claus Is a Stinker (Le Père Noël est une ordure),Comedy,4.0,1.0
6122,Richard Pryor Live on the Sunset Strip (1982),Comedy|Documentary,Richard Pryor Live on the Sunset Strip,Comedy Documentary,4.0,2.0
6123,Sunless (Sans Soleil) (1983),Documentary,Sunless (Sans Soleil),Documentary,4.0,1.0
6124,Savannah Smiles (1982),Comedy,Savannah Smiles,Comedy,2.75,2.0
6125,"Secret Policeman's Other Ball, The (1982)",Comedy|Documentary|Musical,"Secret Policeman's Other Ball, The",Comedy Documentary Musical,3.5,1.0
6140,Tenebre (1982),Horror|Mystery|Thriller,Tenebre,Horror Mystery Thriller,2.25,2.0
6141,They Call Me Bruce? (a.k.a. A Fistful of Chopsticks) (1982),Comedy,They Call Me Bruce? (a.k.a. A Fistful of Chopsticks),Comedy,3.0,1.0
6143,Trail of the Pink Panther (1982),Comedy|Crime,Trail of the Pink Panther,Comedy Crime,3.0,2.0
6145,Venom (1982),Horror|Thriller,Venom,Horror Thriller,2.0,1.0
6148,White Dog (1982),Drama|Horror|Thriller,White Dog,Drama Horror Thriller,2.8333333333333335,3.0
6153,Zapped! (1982),Comedy|Sci-Fi,Zapped!,Comedy Sci-Fi,1.5,2.0
6155,How to Lose a Guy in 10 Days (2003),Comedy|Romance,How to Lose a Guy in 10 Days,Comedy Romance,3.2758620689655173,29.0
6156,Shanghai Knights (2003),Action|Adventure|Comedy,Shanghai Knights,Action Adventure Comedy,3.210526315789474,19.0
6157,Daredevil (2003),Action|Crime,Daredevil,Action Crime,2.5,32.0
6158,"Jungle Book 2, The (2003)",Animation|Children,"Jungle Book 2, The",Animation Children,3.0,1.0
6159,All the Real Girls (2003),Drama|Romance,All the Real Girls,Drama Romance,4.25,2.0
6162,Gerry (2002),Adventure|Drama,Gerry,Adventure Drama,3.1666666666666665,3.0
6163,He Loves Me... He Loves Me Not (À la folie... pas du tout) (2002),Romance|Thriller,He Loves Me... He Loves Me Not (À la folie... pas du tout),Romance Thriller,4.5,1.0
6166,Dennis the Menace (1993),Comedy,Dennis the Menace,Comedy,1.8125,8.0
6169,"Black Stallion Returns, The (1983)",Adventure|Children,"Black Stallion Returns, The",Adventure Children,2.5,2.0
6170,"Black Stallion, The (1979)",Adventure|Children|Drama,"Black Stallion, The",Adventure Children Drama,3.5,3.0
6178,"Patch of Blue, A (1965)",Drama|Romance,"Patch of Blue, A",Drama Romance,4.0,1.0
6181,"Red Badge of Courage, The (1951)",Drama|War,"Red Badge of Courage, The",Drama War,4.0,1.0
6182,"Thrill of It All, The (1963)",Comedy,"Thrill of It All, The",Comedy,3.0,1.0
6183,Pillow Talk (1959),Comedy|Musical|Romance,Pillow Talk,Comedy Musical Romance,3.8333333333333335,3.0
6184,"Man Who Fell to Earth, The (1976)",Drama|Sci-Fi,"Man Who Fell to Earth, The",Drama Sci-Fi,4.25,4.0
6185,Dark Blue (2003),Action|Crime|Drama|Thriller,Dark Blue,Action Crime Drama Thriller,3.0,3.0
6186,Gods and Generals (2003),Action|Drama|War,Gods and Generals,Action Drama War,3.0,1.0
6187,"Life of David Gale, The (2003)",Crime|Drama|Thriller,"Life of David Gale, The",Crime Drama Thriller,3.8125,8.0
6188,Old School (2003),Comedy,Old School,Comedy,3.5128205128205128,39.0
6192,Open Hearts (Elsker dig for evigt) (2002),Romance,Open Hearts (Elsker dig for evigt),Romance,5.0,1.0
6193,Poolhall Junkies (2002),Comedy|Drama|Thriller,Poolhall Junkies,Comedy Drama Thriller,3.8333333333333335,3.0
6195,Stone Reader (2002),Documentary,Stone Reader,Documentary,4.0,2.0
6196,Cradle 2 the Grave (2003),Action|Crime|Drama|Thriller,Cradle 2 the Grave,Action Crime Drama Thriller,3.5,3.0
6197,Spider (2002),Drama|Mystery,Spider,Drama Mystery,3.3333333333333335,3.0
6201,Lady Jane (1986),Drama|Romance,Lady Jane,Drama Romance,5.0,1.0
6202,Late Marriage (Hatuna Meuheret) (2001),Comedy|Drama|Romance,Late Marriage (Hatuna Meuheret),Comedy Drama Romance,3.5,1.0
6203,Life Stinks (1991),Comedy,Life Stinks,Comedy,1.5,2.0
6204,"Meteor Man, The (1993)",Comedy,"Meteor Man, The",Comedy,2.5,1.0
6210,Volcano High (Whasango) (2001),Action|Comedy,Volcano High (Whasango),Action Comedy,3.0,1.0
6212,Bringing Down the House (2003),Comedy,Bringing Down the House,Comedy,1.9166666666666667,6.0
6213,Tears of the Sun (2003),Action|Drama|Thriller,Tears of the Sun,Action Drama Thriller,2.642857142857143,7.0
6214,Irreversible (Irréversible) (2002),Crime|Drama|Mystery|Thriller,Irreversible (Irréversible),Crime Drama Mystery Thriller,3.888888888888889,9.0
6215,Laurel Canyon (2002),Drama,Laurel Canyon,Drama,3.0,3.0
6216,Nowhere in Africa (Nirgendwo in Afrika) (2001),Drama,Nowhere in Africa (Nirgendwo in Afrika),Drama,3.75,2.0
6217,"Safety of Objects, The (2001)",Drama,"Safety of Objects, The",Drama,3.0,2.0
6218,Bend It Like Beckham (2002),Comedy|Drama|Romance,Bend It Like Beckham,Comedy Drama Romance,3.3,40.0
6219,"Hunted, The (2003)",Action|Drama|Thriller,"Hunted, The",Action Drama Thriller,3.0,3.0
6220,Willard (2003),Drama|Horror|Thriller,Willard,Drama Horror Thriller,2.5,4.0
6222,Prozac Nation (2001),Drama,Prozac Nation,Drama,3.0,1.0
6223,Spun (2001),Comedy|Crime|Drama,Spun,Comedy Crime Drama,3.25,2.0
6225,King of Kings (1961),Drama,King of Kings,Drama,3.0,1.0
6228,"Talk of the Town, The (1942)",Comedy|Romance|Thriller,"Talk of the Town, The",Comedy Romance Thriller,4.0,1.0
6232,Born Free (1966),Adventure|Children|Drama,Born Free,Adventure Children Drama,4.0,1.0
6234,Equus (1977),Drama|Mystery,Equus,Drama Mystery,3.5,1.0
6235,Europa Europa (Hitlerjunge Salomon) (1990),Drama|War,Europa Europa (Hitlerjunge Salomon),Drama War,4.333333333333333,3.0
6237,"Glenn Miller Story, The (1953)",Drama,"Glenn Miller Story, The",Drama,4.0,1.0
6238,Green Card (1990),Comedy|Drama|Romance,Green Card,Comedy Drama Romance,2.8333333333333335,9.0
6239,Journey to the Center of the Earth (1959),Adventure|Children|Sci-Fi,Journey to the Center of the Earth,Adventure Children Sci-Fi,2.75,2.0
6241,Pauline at the Beach (Pauline à la Plage) (1983),Comedy|Drama|Romance,Pauline at the Beach (Pauline à la Plage),Comedy Drama Romance,4.0,1.0
6242,Ringu (Ring) (1998),Horror|Mystery|Thriller,Ringu (Ring),Horror Mystery Thriller,3.4545454545454546,11.0
6244,Salaam Bombay! (1988),Drama,Salaam Bombay!,Drama,3.5,2.0
6245,Sweet Charity (1969),Comedy|Drama|Musical|Romance,Sweet Charity,Comedy Drama Musical Romance,3.5,1.0
6246,Talent for the Game (1991),Drama,Talent for the Game,Drama,4.0,1.0
6249,Boat Trip (2003),Comedy,Boat Trip,Comedy,2.375,4.0
6250,Dreamcatcher (2003),Drama|Horror|Sci-Fi|Thriller,Dreamcatcher,Drama Horror Sci-Fi Thriller,2.642857142857143,7.0
6251,Piglet's Big Movie (2003),Animation|Children,Piglet's Big Movie,Animation Children,2.0,1.0
6252,View from the Top (2003),Comedy|Romance,View from the Top,Comedy Romance,2.375,4.0
6254,"Awful Truth, The (1937)",Comedy|Romance,"Awful Truth, The",Comedy Romance,4.75,2.0
6263,Basic (2003),Drama|Thriller|War,Basic,Drama Thriller War,3.75,2.0
6264,"Core, The (2003)",Action|Drama|Sci-Fi|Thriller,"Core, The",Action Drama Sci-Fi Thriller,2.375,8.0
6265,Head of State (2003),Comedy,Head of State,Comedy,2.25,2.0
6266,What a Girl Wants (2003),Comedy|Drama|Romance,What a Girl Wants,Comedy Drama Romance,3.0625,8.0
6267,Assassination Tango (2002),Drama|Thriller,Assassination Tango,Drama Thriller,2.0,1.0
6268,Raising Victor Vargas (2002),Comedy|Drama|Romance,Raising Victor Vargas,Comedy Drama Romance,3.75,2.0
6269,Stevie (2002),Documentary,Stevie,Documentary,4.25,2.0
6270,Akira Kurosawa's Dreams (Dreams) (1990),Drama|Fantasy,Akira Kurosawa's Dreams (Dreams),Drama Fantasy,4.333333333333333,3.0
6271,Day for Night (La Nuit Américaine) (1973),Comedy|Drama|Romance,Day for Night (La Nuit Américaine),Comedy Drama Romance,2.0,1.0
6273,In a Lonely Place (1950),Drama|Film-Noir|Mystery|Romance,In a Lonely Place,Drama Film-Noir Mystery Romance,3.5,1.0
6279,"Good Thief, The (2002)",Crime|Drama,"Good Thief, The",Crime Drama,4.0,1.0
6280,"Man Apart, A (2003)",Action|Crime|Drama|Thriller,"Man Apart, A",Action Crime Drama Thriller,2.25,2.0
6281,Phone Booth (2002),Drama|Thriller,Phone Booth,Drama Thriller,3.140625,32.0
6283,Cowboy Bebop: The Movie (Cowboy Bebop: Tengoku no Tobira) (2001),Action|Animation|Sci-Fi|Thriller,Cowboy Bebop: The Movie (Cowboy Bebop: Tengoku no Tobira),Action Animation Sci-Fi Thriller,3.9,20.0
6285,Levity (2003),Drama,Levity,Drama,4.0,1.0
6286,"Man Without a Past, The (Mies vailla menneisyyttä) (2002)",Comedy|Crime|Drama,"Man Without a Past, The (Mies vailla menneisyyttä)",Comedy Crime Drama,3.875,4.0
6287,Anger Management (2003),Comedy,Anger Management,Comedy,3.0588235294117645,34.0
6288,Better Luck Tomorrow (2002),Crime|Drama,Better Luck Tomorrow,Crime Drama,3.875,4.0
6289,Ghosts of the Abyss (2003),Documentary|IMAX,Ghosts of the Abyss,Documentary IMAX,3.5,1.0
6290,House of 1000 Corpses (2003),Horror,House of 1000 Corpses,Horror,2.7142857142857144,7.0
6291,Lilya 4-Ever (Lilja 4-ever) (2002),Crime|Drama,Lilya 4-Ever (Lilja 4-ever),Crime Drama,3.5,3.0
6294,Bulletproof Monk (2003),Action|Adventure|Sci-Fi,Bulletproof Monk,Action Adventure Sci-Fi,2.409090909090909,11.0
6295,Chasing Papi (a.k.a. Papi Chulo) (2003),Comedy,Chasing Papi (a.k.a. Papi Chulo),Comedy,2.0,1.0
6296,"Mighty Wind, A (2003)",Comedy|Musical,"Mighty Wind, A",Comedy Musical,3.75,14.0
6297,Holes (2003),Adventure|Children|Comedy|Mystery,Holes,Adventure Children Comedy Mystery,3.425,20.0
6298,Malibu's Most Wanted (2003),Comedy|Crime,Malibu's Most Wanted,Comedy Crime,2.6666666666666665,3.0
6299,"Winged Migration (Peuple migrateur, Le) (2001)",Documentary,"Winged Migration (Peuple migrateur, Le)",Documentary,3.5,9.0
6300,Flickering Lights (Blinkende lygter) (2000),Action|Comedy|Crime,Flickering Lights (Blinkende lygter),Action Comedy Crime,4.5,3.0
6301,Straw Dogs (1971),Drama|Thriller,Straw Dogs,Drama Thriller,4.0,5.0
6302,Beginning of the End (1957),Sci-Fi,Beginning of the End,Sci-Fi,1.0,1.0
6303,"Andromeda Strain, The (1971)",Mystery|Sci-Fi,"Andromeda Strain, The",Mystery Sci-Fi,3.625,8.0
6305,Fahrenheit 451 (1966),Drama|Sci-Fi,Fahrenheit 451,Drama Sci-Fi,3.6,10.0
6306,I Am Trying to Break Your Heart (2002),Documentary,I Am Trying to Break Your Heart,Documentary,4.166666666666667,3.0
6308,Legal Eagles (1986),Comedy|Crime|Romance,Legal Eagles,Comedy Crime Romance,2.625,4.0
6310,Memories of Me (1988),Comedy|Drama,Memories of Me,Comedy Drama,2.5,1.0
6313,Sibling Rivalry (1990),Comedy,Sibling Rivalry,Comedy,2.5,2.0
6314,Undercover Blues (1993),Comedy|Crime,Undercover Blues,Comedy Crime,2.0,2.0
6315,Wildcats (1986),Comedy,Wildcats,Comedy,1.8333333333333333,3.0
6316,"Wiz, The (1978)",Adventure|Children|Comedy|Fantasy|Musical,"Wiz, The",Adventure Children Comedy Fantasy Musical,2.0,1.0
6319,"My Father the Hero (Mon père, ce héros.) (1991)",Comedy|Drama,"My Father the Hero (Mon père, ce héros.)",Comedy Drama,2.1666666666666665,3.0
6320,Scenes from a Mall (1991),Comedy,Scenes from a Mall,Comedy,1.5,2.0
6322,Confidence (2003),Crime|Thriller,Confidence,Crime Thriller,2.8333333333333335,6.0
6323,Identity (2003),Crime|Horror|Mystery|Thriller,Identity,Crime Horror Mystery Thriller,3.6818181818181817,22.0
6324,It Runs in the Family (2003),Comedy|Drama,It Runs in the Family,Comedy Drama,2.5,2.0
6327,"Decade Under the Influence, A (2003)",Documentary,"Decade Under the Influence, A",Documentary,3.5,3.0
6329,Manic (2001),Drama,Manic,Drama,3.0,1.0
6330,People I Know (2002),Crime|Drama,People I Know,Crime Drama,3.0,2.0
6331,Spellbound (2002),Documentary,Spellbound,Documentary,3.923076923076923,13.0
6332,"Lizzie McGuire Movie, The (2003)",Children|Comedy|Romance,"Lizzie McGuire Movie, The",Children Comedy Romance,3.0,4.0
6333,X2: X-Men United (2003),Action|Adventure|Sci-Fi|Thriller,X2: X-Men United,Action Adventure Sci-Fi Thriller,3.723684210526316,76.0
6334,Blue Car (2002),Drama,Blue Car,Drama,3.5,3.0
6335,"Dancer Upstairs, The (2002)",Crime|Drama|Thriller,"Dancer Upstairs, The",Crime Drama Thriller,3.8333333333333335,3.0
6336,Marooned in Iraq (Gomgashtei dar Aragh) (2002),Drama,Marooned in Iraq (Gomgashtei dar Aragh),Drama,3.0,1.0
6337,Owning Mahowny (2003),Crime|Drama|Thriller,Owning Mahowny,Crime Drama Thriller,3.5,4.0
6338,Daddy Day Care (2003),Children|Comedy,Daddy Day Care,Children Comedy,2.3333333333333335,6.0
6339,"Man on the Train (Homme du train, L') (2002)",Comedy|Drama,"Man on the Train (Homme du train, L')",Comedy Drama,3.875,4.0
6341,"Shape of Things, The (2003)",Drama,"Shape of Things, The",Drama,3.25,4.0
6342,"Trip, The (2002)",Comedy|Drama|Romance,"Trip, The",Comedy Drama Romance,2.0,1.0
6344,101 Reykjavik (101 Reykjavík) (2000),Comedy|Drama|Romance,101 Reykjavik (101 Reykjavík),Comedy Drama Romance,3.5,1.0
6345,"Chorus Line, A (1985)",Comedy|Drama|Musical,"Chorus Line, A",Comedy Drama Musical,4.666666666666667,3.0
6347,Beat Street (1984),Drama|Musical,Beat Street,Drama Musical,1.0,1.0
6348,Breakin' 2: Electric Boogaloo (1984),Musical,Breakin' 2: Electric Boogaloo,Musical,1.6666666666666667,3.0
6349,Breakin' (1984),Drama|Musical,Breakin',Drama Musical,2.0,3.0
6350,Laputa: Castle in the Sky (Tenkû no shiro Rapyuta) (1986),Action|Adventure|Animation|Children|Fantasy|Sci-Fi,Laputa: Castle in the Sky (Tenkû no shiro Rapyuta),Action Adventure Animation Children Fantasy Sci-Fi,4.0625,24.0
6357,High Society (1956),Comedy|Musical|Romance,High Society,Comedy Musical Romance,3.0,2.0
6358,Kiss Me Kate (1953),Comedy|Musical|Romance,Kiss Me Kate,Comedy Musical Romance,3.5,1.0
6365,"Matrix Reloaded, The (2003)",Action|Adventure|Sci-Fi|Thriller|IMAX,"Matrix Reloaded, The",Action Adventure Sci-Fi Thriller IMAX,3.3541666666666665,96.0
6367,Down with Love (2003),Comedy|Romance,Down with Love,Comedy Romance,2.9,10.0
6368,Cinemania (2002),Documentary,Cinemania,Documentary,4.0,4.0
6370,"Spanish Apartment, The (L'auberge espagnole) (2002)",Comedy|Drama|Romance,"Spanish Apartment, The (L'auberge espagnole)",Comedy Drama Romance,4.0,5.0
6371,Pokémon Heroes (2003),Animation|Children,Pokémon Heroes,Animation Children,0.5,1.0
6373,Bruce Almighty (2003),Comedy|Drama|Fantasy|Romance,Bruce Almighty,Comedy Drama Fantasy Romance,3.316901408450704,71.0
6374,"In-Laws, The (2003)",Comedy,"In-Laws, The",Comedy,2.1666666666666665,3.0
6375,Gigantic (A Tale of Two Johns) (2002),Documentary,Gigantic (A Tale of Two Johns),Documentary,4.0,4.0
6376,Respiro (2002),Comedy|Drama,Respiro,Comedy Drama,3.5,2.0
6377,Finding Nemo (2003),Adventure|Animation|Children|Comedy,Finding Nemo,Adventure Animation Children Comedy,3.9609929078014185,141.0
6378,"Italian Job, The (2003)",Action|Crime,"Italian Job, The",Action Crime,3.6186440677966103,59.0
6379,Wrong Turn (2003),Horror|Thriller,Wrong Turn,Horror Thriller,3.0,2.0
6380,Capturing the Friedmans (2003),Documentary,Capturing the Friedmans,Documentary,3.9285714285714284,7.0
6382,Together (Han ni Zai Yiki) (2002),Drama,Together (Han ni Zai Yiki),Drama,3.0,1.0
6383,"2 Fast 2 Furious (Fast and the Furious 2, The) (2003)",Action|Crime|Thriller,"2 Fast 2 Furious (Fast and the Furious 2, The)",Action Crime Thriller,2.6052631578947367,19.0
6385,Whale Rider (2002),Drama,Whale Rider,Drama,3.75,14.0
6386,Nevada Smith (1966),Western,Nevada Smith,Western,4.0,1.0
6387,Once a Thief (Zong heng si hai) (1991),Action|Comedy|Crime|Thriller,Once a Thief (Zong heng si hai),Action Comedy Crime Thriller,3.6666666666666665,3.0
6390,Silk Stockings (1957),Musical,Silk Stockings,Musical,3.5,1.0
6395,"Crazies, The (a.k.a. Code Name: Trixie) (1973)",Action|Drama|Horror|Sci-Fi|Thriller,"Crazies, The (a.k.a. Code Name: Trixie)",Action Drama Horror Sci-Fi Thriller,3.5,1.0
6400,Murder on a Sunday Morning (Un coupable idéal) (2001),Documentary,Murder on a Sunday Morning (Un coupable idéal),Documentary,3.5,1.0
6402,Siam Sunset (1999),Comedy,Siam Sunset,Comedy,5.0,1.0
6405,Treasure Island (1950),Adventure|Children,Treasure Island,Adventure Children,3.25,2.0
6407,"Walk, Don't Run (1966)",Comedy|Romance,"Walk, Don't Run",Comedy Romance,2.0,1.0
6408,Animals are Beautiful People (1974),Comedy|Documentary,Animals are Beautiful People,Comedy Documentary,5.0,1.0
6410,Car Wash (1976),Comedy,Car Wash,Comedy,3.75,2.0
6412,Destry Rides Again (1939),Comedy|Western,Destry Rides Again,Comedy Western,3.75,2.0
6415,Intervista (1987),Comedy|Drama,Intervista,Comedy Drama,4.0,1.0
6417,Live Wire (1992),Action,Live Wire,Action,4.0,1.0
6422,Shenandoah (1965),Drama|War|Western,Shenandoah,Drama War Western,4.0,1.0
6424,Oscar (1991),Comedy|Crime|Mystery|Romance,Oscar,Comedy Crime Mystery Romance,1.0,1.0
6425,"6th Man, The (Sixth Man, The) (1997)",Comedy,"6th Man, The (Sixth Man, The)",Comedy,1.5,2.0
6427,"Railway Children, The (1970)",Children|Drama,"Railway Children, The",Children Drama,4.0,1.0
6428,Two Mules for Sister Sara (1970),Comedy|War|Western,Two Mules for Sister Sara,Comedy War Western,3.0,2.0
6429,Winchester '73 (1950),Western,Winchester '73,Western,4.0,1.0
6433,"Man with the Movie Camera, The (Chelovek s kino-apparatom) (1929)",Documentary,"Man with the Movie Camera, The (Chelovek s kino-apparatom)",Documentary,3.3333333333333335,3.0
6434,"Objective, Burma! (1945)",War,"Objective, Burma!",War,3.0,1.0
6436,This Boy's Life (1993),Drama,This Boy's Life,Drama,3.3333333333333335,3.0
6440,Barton Fink (1991),Drama|Thriller,Barton Fink,Drama Thriller,4.035714285714286,14.0
6442,Belle époque (1992),Comedy|Romance,Belle époque,Comedy Romance,5.0,2.0
6448,"Flight of the Phoenix, The (1965)",Action|Adventure|Drama,"Flight of the Phoenix, The",Action Adventure Drama,4.0,2.0
6449,From the Terrace (1960),Drama,From the Terrace,Drama,3.0,1.0
6452,"Long, Hot Summer, The (1958)",Drama,"Long, Hot Summer, The",Drama,4.0,1.0
6453,Man of Aran (1934),Documentary,Man of Aran,Documentary,3.5,1.0
6454,Music Box (1989),Drama,Music Box,Drama,3.5,1.0
6460,"Trial, The (Procès, Le) (1962)",Drama,"Trial, The (Procès, Le)",Drama,4.9,5.0
6461,"Unforgiven, The (1960)",Drama|Western,"Unforgiven, The",Drama Western,3.8333333333333335,6.0
6464,Good Burger (1997),Children|Comedy,Good Burger,Children Comedy,2.0,2.0
6465,Jubilee (1977),Drama,Jubilee,Drama,3.0,1.0
6466,Mississippi Masala (1991),Drama|Romance,Mississippi Masala,Drama Romance,3.5,3.0
6476,Shattered (1991),Mystery|Thriller,Shattered,Mystery Thriller,3.0,1.0
6477,"Song of Bernadette, The (1943)",Drama,"Song of Bernadette, The",Drama,3.0,1.0
6480,Thoroughly Modern Millie (1967),Comedy|Musical,Thoroughly Modern Millie,Comedy Musical,3.0,1.0
6482,Dumb and Dumberer: When Harry Met Lloyd (2003),Comedy,Dumb and Dumberer: When Harry Met Lloyd,Comedy,1.9545454545454546,11.0
6483,From Justin to Kelly (2003),Musical|Romance,From Justin to Kelly,Musical Romance,0.8333333333333334,3.0
6484,Hollywood Homicide (2003),Action|Crime|Drama,Hollywood Homicide,Action Crime Drama,2.9285714285714284,7.0
6493,Alex and Emma (2003),Comedy|Drama|Romance,Alex and Emma,Comedy Drama Romance,2.0,1.0
6502,28 Days Later (2002),Action|Horror|Sci-Fi,28 Days Later,Action Horror Sci-Fi,3.9741379310344827,58.0
6503,Charlie's Angels: Full Throttle (2003),Action|Adventure|Comedy|Crime|Thriller,Charlie's Angels: Full Throttle,Action Adventure Comedy Crime Thriller,2.3703703703703702,27.0
6506,Fulltime Killer (Chuen jik sat sau) (2001),Action|Thriller,Fulltime Killer (Chuen jik sat sau),Action Thriller,3.5,1.0
6509,Ali: Fear Eats the Soul (Angst essen Seele auf) (1974),Drama|Romance,Ali: Fear Eats the Soul (Angst essen Seele auf),Drama Romance,4.0,2.0
6510,"Bodies, Rest & Motion (1993)",Drama|Romance,"Bodies, Rest & Motion",Drama Romance,3.0,1.0
6514,Ring of Terror (1962),Horror,Ring of Terror,Horror,0.5,1.0
6515,You Only Live Once (1937),Crime|Film-Noir,You Only Live Once,Crime Film-Noir,4.5,1.0
6516,Anastasia (1956),Drama,Anastasia,Drama,3.5,1.0
6517,"Babe, The (1992)",Drama,"Babe, The",Drama,2.25,2.0
6523,Mr. Baseball (1992),Comedy|Romance,Mr. Baseball,Comedy Romance,2.5,2.0
6527,Scaramouche (1952),Adventure|Romance,Scaramouche,Adventure Romance,3.0,1.0
6528,Start the Revolution Without Me (1970),Comedy,Start the Revolution Without Me,Comedy,2.0,1.0
6530,"Tenant, The (Locataire, Le) (1976)",Drama|Horror|Mystery|Thriller,"Tenant, The (Locataire, Le)",Drama Horror Mystery Thriller,4.25,2.0
6533,"What's Up, Doc? (1972)",Comedy,"What's Up, Doc?",Comedy,4.5,1.0
6534,Hulk (2003),Action|Adventure|Sci-Fi,Hulk,Action Adventure Sci-Fi,2.5606060606060606,33.0
6535,"Legally Blonde 2: Red, White & Blonde (2003)",Comedy,"Legally Blonde 2: Red, White & Blonde",Comedy,2.409090909090909,11.0
6536,Sinbad: Legend of the Seven Seas (2003),Adventure|Animation|Children|Fantasy,Sinbad: Legend of the Seven Seas,Adventure Animation Children Fantasy,3.6666666666666665,6.0
6537,Terminator 3: Rise of the Machines (2003),Action|Adventure|Sci-Fi,Terminator 3: Rise of the Machines,Action Adventure Sci-Fi,3.0444444444444443,45.0
6538,Swimming Pool (2003),Drama|Mystery|Thriller,Swimming Pool,Drama Mystery Thriller,3.6,5.0
6539,Pirates of the Caribbean: The Curse of the Black Pearl (2003),Action|Adventure|Comedy|Fantasy,Pirates of the Caribbean: The Curse of the Black Pearl,Action Adventure Comedy Fantasy,3.778523489932886,149.0
6541,"League of Extraordinary Gentlemen, The (a.k.a. LXG) (2003)",Action|Fantasy|Sci-Fi,"League of Extraordinary Gentlemen, The (a.k.a. LXG)",Action Fantasy Sci-Fi,2.625,32.0
6542,"Cuckoo, The (Kukushka) (2002)",Comedy|Drama|War,"Cuckoo, The (Kukushka)",Comedy Drama War,3.5,1.0
6545,I Capture the Castle (2003),Drama|Romance,I Capture the Castle,Drama Romance,4.5,1.0
6547,Northfork (2003),Drama|Fantasy,Northfork,Drama Fantasy,2.25,2.0
6548,Bad Boys II (2003),Action|Comedy|Crime|Thriller,Bad Boys II,Action Comedy Crime Thriller,2.8823529411764706,17.0
6549,How to Deal (2003),Comedy|Drama|Romance,How to Deal,Comedy Drama Romance,3.5,3.0
6550,Johnny English (2003),Action|Comedy|Thriller,Johnny English,Action Comedy Thriller,2.9615384615384617,13.0
6551,"Anarchist Cookbook, The (2002)",Comedy|Romance,"Anarchist Cookbook, The",Comedy Romance,4.0,1.0
6552,Dirty Pretty Things (2002),Crime|Drama|Thriller,Dirty Pretty Things,Crime Drama Thriller,3.625,12.0
6553,"Embalmer, The (Imbalsamatore, L') (2002)",Drama,"Embalmer, The (Imbalsamatore, L')",Drama,4.0,1.0
6554,Garage Days (2002),Comedy|Musical,Garage Days,Comedy Musical,1.25,2.0
6557,Born to Be Wild (1995),Adventure|Children|Comedy|Drama,Born to Be Wild,Adventure Children Comedy Drama,0.5,1.0
6558,Curly Sue (1991),Comedy|Drama,Curly Sue,Comedy Drama,2.3333333333333335,3.0
6559,Little Giants (1994),Children|Comedy,Little Giants,Children Comedy,2.5,4.0
6560,Loose Cannons (1990),Action|Comedy,Loose Cannons,Action Comedy,2.0,1.0
6561,"Mouse That Roared, The (1959)",Comedy|War,"Mouse That Roared, The",Comedy War,3.0,1.0
6563,Masked & Anonymous (2003),Comedy|Drama,Masked & Anonymous,Comedy Drama,2.5,1.0
6564,Lara Croft Tomb Raider: The Cradle of Life (2003),Action|Adventure|Comedy|Romance|Thriller,Lara Croft Tomb Raider: The Cradle of Life,Action Adventure Comedy Romance Thriller,2.6470588235294117,17.0
6565,Seabiscuit (2003),Drama,Seabiscuit,Drama,3.6944444444444446,18.0
6566,Spy Kids 3-D: Game Over (2003),Action|Adventure|Children,Spy Kids 3-D: Game Over,Action Adventure Children,2.0,3.0
6567,Buffalo Soldiers (2001),Comedy|Crime|Drama|War,Buffalo Soldiers,Comedy Crime Drama War,3.5,3.0
6568,Camp (2003),Comedy|Musical,Camp,Comedy Musical,3.25,2.0
6571,"Mondays in the Sun (Lunes al sol, Los) (2002)",Drama,"Mondays in the Sun (Lunes al sol, Los)",Drama,4.0,1.0
6572,Scorched (2003),Comedy|Crime,Scorched,Comedy Crime,3.5,2.0
6573,Avanti! (1972),Comedy|Drama,Avanti!,Comedy Drama,4.0,1.0
6574,Eve of Destruction (1991),Action|Sci-Fi|Thriller,Eve of Destruction,Action Sci-Fi Thriller,1.0,1.0
6577,Kickboxer 2: The Road Back (1991),Action|Drama,Kickboxer 2: The Road Back,Action Drama,3.5,2.0
6578,"Kiss Me, Stupid (1964)",Comedy,"Kiss Me, Stupid",Comedy,3.5,1.0
6579,"One, Two, Three (1961)",Comedy,"One, Two, Three",Comedy,4.0,2.0
6581,"Private Life of Sherlock Holmes, The (1970)",Comedy|Drama|Mystery,"Private Life of Sherlock Holmes, The",Comedy Drama Mystery,2.5,2.0
6582,Remo Williams: The Adventure Begins (1985),Action|Comedy|Crime|Thriller,Remo Williams: The Adventure Begins,Action Comedy Crime Thriller,2.3333333333333335,3.0
6583,"Blood of Heroes, The (Salute of the Jugger, The) (1989)",Action|Sci-Fi,"Blood of Heroes, The (Salute of the Jugger, The)",Action Sci-Fi,4.0,1.0
6584,"What's Up, Tiger Lily? (1966)",Adventure|Comedy|Crime|Thriller,"What's Up, Tiger Lily?",Adventure Comedy Crime Thriller,3.1666666666666665,3.0
6586,American Wedding (American Pie 3) (2003),Comedy,American Wedding (American Pie 3),Comedy,3.09375,16.0
6587,Gigli (2003),Comedy|Crime|Romance,Gigli,Comedy Crime Romance,1.5,1.0
6588,And Now... Ladies and Gentlemen... (2002),Romance|Thriller,And Now... Ladies and Gentlemen...,Romance Thriller,4.0,1.0
6591,"Magdalene Sisters, The (2002)",Drama,"Magdalene Sisters, The",Drama,4.333333333333333,6.0
6592,"Secret Lives of Dentists, The (2002)",Drama,"Secret Lives of Dentists, The",Drama,4.0,1.0
6593,Freaky Friday (2003),Children|Comedy|Fantasy,Freaky Friday,Children Comedy Fantasy,3.2083333333333335,24.0
6595,S.W.A.T. (2003),Action|Thriller,S.W.A.T.,Action Thriller,3.3214285714285716,14.0
6596,"Divorce, Le (2003)",Comedy|Drama|Romance,"Divorce, Le",Comedy Drama Romance,3.5,1.0
6597,"Princess Blade, The (Shura Yukihime) (2001)",Action|Sci-Fi,"Princess Blade, The (Shura Yukihime)",Action Sci-Fi,3.0,1.0
6598,Step Into Liquid (2002),Documentary,Step Into Liquid,Documentary,3.5,1.0
6603,"Double Life, A (1947)",Crime|Drama|Film-Noir,"Double Life, A",Crime Drama Film-Noir,2.5,1.0
6604,Hawks and Sparrows (Uccellacci e Uccellini) (1966),Comedy,Hawks and Sparrows (Uccellacci e Uccellini),Comedy,4.0,1.0
6609,"Gospel According to St. Matthew, The (Vangelo secondo Matteo, Il) (1964)",Drama,"Gospel According to St. Matthew, The (Vangelo secondo Matteo, Il)",Drama,3.5,1.0
6611,Umberto D. (1952),Drama,Umberto D.,Drama,5.0,1.0
6612,Brother's Keeper (1992),Documentary,Brother's Keeper,Documentary,4.25,2.0
6614,I Love You to Death (1990),Comedy|Crime,I Love You to Death,Comedy Crime,2.6666666666666665,3.0
6615,Freddy vs. Jason (2003),Action|Horror|Thriller,Freddy vs. Jason,Action Horror Thriller,2.3333333333333335,9.0
6616,Grind (2003),Action|Comedy,Grind,Action Comedy,2.75,2.0
6617,Open Range (2003),Western,Open Range,Western,3.9444444444444446,9.0
6618,Shaolin Soccer (Siu lam juk kau) (2001),Action|Comedy,Shaolin Soccer (Siu lam juk kau),Action Comedy,3.823529411764706,17.0
6619,Uptown Girls (2003),Comedy,Uptown Girls,Comedy,2.9166666666666665,6.0
6620,American Splendor (2003),Comedy|Drama,American Splendor,Comedy Drama,3.8333333333333335,18.0
6624,Agent Cody Banks (2003),Action|Adventure|Children|Fantasy,Agent Cody Banks,Action Adventure Children Fantasy,1.9,5.0
6625,Camp Nowhere (1994),Adventure|Children|Comedy,Camp Nowhere,Adventure Children Comedy,2.5,4.0
6628,Hot Dog... The Movie (1984),Comedy,Hot Dog... The Movie,Comedy,2.0,1.0
6629,House of Wax (1953),Crime|Horror|Mystery|Thriller,House of Wax,Crime Horror Mystery Thriller,3.5,3.0
6631,Man's Best Friend (1993),Horror|Sci-Fi|Thriller,Man's Best Friend,Horror Sci-Fi Thriller,1.5,2.0
6636,"Sure Thing, The (1985)",Comedy|Romance,"Sure Thing, The",Comedy Romance,3.75,4.0
6638,Valley Girl (1983),Comedy|Romance,Valley Girl,Comedy Romance,2.1666666666666665,3.0
6639,Wait Until Dark (1967),Drama|Thriller,Wait Until Dark,Drama Thriller,3.4285714285714284,7.0
6643,Tokyo Story (Tôkyô monogatari) (1953),Drama,Tokyo Story (Tôkyô monogatari),Drama,2.625,4.0
6644,"Green Ray, The (Rayon vert, Le) (1986)",Drama|Romance,"Green Ray, The (Rayon vert, Le)",Drama Romance,4.0,1.0
6645,THX 1138 (1971),Action|Adventure|Drama|Sci-Fi,THX 1138,Action Adventure Drama Sci-Fi,3.7857142857142856,7.0
6650,Kind Hearts and Coronets (1949),Comedy|Drama,Kind Hearts and Coronets,Comedy Drama,3.3333333333333335,3.0
6654,Atragon (Kaitei Gunkan) (1963),Adventure|Sci-Fi,Atragon (Kaitei Gunkan),Adventure Sci-Fi,3.5,1.0
6656,Attack of the Puppet People (1958),Horror|Sci-Fi,Attack of the Puppet People,Horror Sci-Fi,4.0,1.0
6658,10 (1979),Comedy|Romance,10,Comedy Romance,3.375,4.0
6659,Tremors (1990),Comedy|Horror|Sci-Fi,Tremors,Comedy Horror Sci-Fi,3.4375,16.0
6660,"Red Shoes, The (1948)",Drama|Fantasy|Musical|Romance,"Red Shoes, The",Drama Fantasy Musical Romance,3.5,1.0
6662,"Pink Panther, The (1963)",Comedy|Crime,"Pink Panther, The",Comedy Crime,3.4545454545454546,11.0
6663,"Pink Panther Strikes Again, The (1976)",Comedy|Crime,"Pink Panther Strikes Again, The",Comedy Crime,3.4,5.0
6664,Commando (1985),Action|Adventure,Commando,Action Adventure,3.5,6.0
6665,Dracula (1979),Horror|Romance,Dracula,Horror Romance,4.5,1.0
6666,"Discreet Charm of the Bourgeoisie, The (Charme discret de la bourgeoisie, Le) (1972)",Comedy|Drama|Fantasy,"Discreet Charm of the Bourgeoisie, The (Charme discret de la bourgeoisie, Le)",Comedy Drama Fantasy,4.3,5.0
6667,Waco: The Rules of Engagement (1997),Documentary,Waco: The Rules of Engagement,Documentary,3.5,1.0
6668,"Road Home, The (Wo de fu qin mu qin) (1999)",Drama|Romance,"Road Home, The (Wo de fu qin mu qin)",Drama Romance,0.0,0.0
6669,Ikiru (1952),Drama,Ikiru,Drama,3.4166666666666665,6.0
6670,Comic Book Villains (2002),Comedy,Comic Book Villains,Comedy,2.25,2.0
6671,"Angel at My Table, An (1990)",Drama,"Angel at My Table, An",Drama,4.0,1.0
6678,"Handmaid's Tale, The (1990)",Drama|Sci-Fi,"Handmaid's Tale, The",Drama Sci-Fi,3.5,1.0
6679,Revolution OS (2001),Documentary,Revolution OS,Documentary,4.0,1.0
6684,Death in Venice (Morte a Venezia) (1971),Drama|Romance,Death in Venice (Morte a Venezia),Drama Romance,4.0,2.0
6686,"Medallion, The (2003)",Action|Comedy|Crime|Fantasy,"Medallion, The",Action Comedy Crime Fantasy,2.7,5.0
6687,My Boss's Daughter (2003),Comedy|Romance,My Boss's Daughter,Comedy Romance,2.0,4.0
6688,Autumn Spring (Babí léto) (2001),Comedy|Drama,Autumn Spring (Babí léto),Comedy Drama,3.5,1.0
6689,"Battle of Shaker Heights, The (2003)",Comedy|Drama|Romance,"Battle of Shaker Heights, The",Comedy Drama Romance,4.0,1.0
6691,Dust (2001),Drama|Western,Dust,Drama Western,2.5,1.0
6692,Stoked: The Rise and Fall of Gator (2002),Documentary,Stoked: The Rise and Fall of Gator,Documentary,2.0,1.0
6695,Jeepers Creepers 2 (2003),Horror|Thriller,Jeepers Creepers 2,Horror Thriller,1.875,4.0
6696,Bollywood/Hollywood (2002),Comedy|Drama|Musical|Romance,Bollywood/Hollywood,Comedy Drama Musical Romance,2.5,1.0
6699,Once Upon a Time in the Midlands (2002),Drama,Once Upon a Time in the Midlands,Drama,3.0,1.0
6702,Dickie Roberts: Former Child Star (2003),Comedy,Dickie Roberts: Former Child Star,Comedy,2.3,5.0
6705,Party Monster (2003),Comedy|Crime|Drama|Thriller,Party Monster,Comedy Crime Drama Thriller,2.5,1.0
6706,Taking Sides (2001),Drama,Taking Sides,Drama,3.5,1.0
6707,Cabin Fever (2002),Horror|Thriller,Cabin Fever,Horror Thriller,2.875,8.0
6708,Matchstick Men (2003),Comedy|Crime|Drama,Matchstick Men,Comedy Crime Drama,3.7205882352941178,34.0
6709,Once Upon a Time in Mexico (2003),Action|Adventure|Crime|Thriller,Once Upon a Time in Mexico,Action Adventure Crime Thriller,3.2142857142857144,14.0
6710,Dummy (2002),Comedy|Drama|Romance,Dummy,Comedy Drama Romance,3.625,4.0
6711,Lost in Translation (2003),Comedy|Drama|Romance,Lost in Translation,Comedy Drama Romance,4.033783783783784,74.0
6713,Millennium Actress (Sennen joyû) (2001),Animation|Drama|Romance,Millennium Actress (Sennen joyû),Animation Drama Romance,3.8,5.0
6715,Children of the Night (1991),Horror,Children of the Night,Horror,3.5,1.0
6718,Gotcha! (1985),Comedy,Gotcha!,Comedy,2.5,1.0
6720,Kuffs (1992),Action|Comedy|Crime,Kuffs,Action Comedy Crime,2.5,2.0
6721,Once Upon a Time in China (Wong Fei Hung) (1991),Action|Adventure|Drama,Once Upon a Time in China (Wong Fei Hung),Action Adventure Drama,3.357142857142857,7.0
6722,Once Upon a Time in China II (Wong Fei-hung Ji Yi: Naam yi dong ji keung) (1992),Action|Romance,Once Upon a Time in China II (Wong Fei-hung Ji Yi: Naam yi dong ji keung),Action Romance,2.5,1.0
6723,Once Upon a Time in China III (Wong Fei-hung tsi sam: Siwong tsangba) (1993),Action,Once Upon a Time in China III (Wong Fei-hung tsi sam: Siwong tsangba),Action,3.0,2.0
6724,Paper Moon (1973),Comedy|Crime|Drama,Paper Moon,Comedy Crime Drama,3.6,5.0
6731,Day of the Dead (1985),Horror|Sci-Fi|Thriller,Day of the Dead,Horror Sci-Fi Thriller,3.625,8.0
6732,"Hello, Dolly! (1969)",Comedy|Musical|Romance,"Hello, Dolly!",Comedy Musical Romance,3.75,2.0
6734,Memoirs of an Invisible Man (1992),Comedy|Romance|Sci-Fi|Thriller,Memoirs of an Invisible Man,Comedy Romance Sci-Fi Thriller,2.0,2.0
6744,Once Bitten (1985),Comedy|Horror,Once Bitten,Comedy Horror,2.25,4.0
6746,Squirm (1976),Horror|Romance,Squirm,Horror Romance,2.0,1.0
6748,"Brood, The (1979)",Horror,"Brood, The",Horror,3.0,1.0
6750,Anything Else (2003),Comedy|Drama|Romance,Anything Else,Comedy Drama Romance,2.8333333333333335,3.0
6751,Cold Creek Manor (2003),Drama|Thriller,Cold Creek Manor,Drama Thriller,2.5,1.0
6752,"Fighting Temptations, The (2003)",Drama,"Fighting Temptations, The",Drama,3.5,1.0
6753,Secondhand Lions (2003),Children|Comedy|Drama,Secondhand Lions,Children Comedy Drama,3.5,12.0
6754,Underworld (2003),Action|Fantasy|Horror,Underworld,Action Fantasy Horror,3.5,33.0
6755,Bubba Ho-tep (2002),Comedy|Horror,Bubba Ho-tep,Comedy Horror,3.3214285714285716,14.0
6760,In This World (2002),Adventure|Drama,In This World,Adventure Drama,3.0,2.0
6763,Duplex (2003),Comedy|Crime,Duplex,Comedy Crime,2.4285714285714284,7.0
6764,"Rundown, The (2003)",Action|Adventure|Comedy,"Rundown, The",Action Adventure Comedy,3.1470588235294117,17.0
6765,Under the Tuscan Sun (2003),Comedy|Drama|Romance,Under the Tuscan Sun,Comedy Drama Romance,3.2777777777777777,9.0
6768,Luther (2003),Drama,Luther,Drama,4.0,1.0
6769,Mambo Italiano (2003),Comedy,Mambo Italiano,Comedy,3.0,1.0
6770,My Life Without Me (2003),Drama|Romance,My Life Without Me,Drama Romance,3.5,2.0
6772,To Be and to Have (Être et avoir) (2002),Documentary,To Be and to Have (Être et avoir),Documentary,3.0,1.0
6773,"Triplets of Belleville, The (Les triplettes de Belleville) (2003)",Animation|Comedy|Fantasy,"Triplets of Belleville, The (Les triplettes de Belleville)",Animation Comedy Fantasy,3.7045454545454546,22.0
6774,Videodrome (1983),Fantasy|Horror|Sci-Fi|Thriller,Videodrome,Fantasy Horror Sci-Fi Thriller,3.6875,8.0
6775,Life and Debt (2001),Documentary,Life and Debt,Documentary,4.0,1.0
6776,Lagaan: Once Upon a Time in India (2001),Comedy|Drama|Musical|Romance,Lagaan: Once Upon a Time in India,Comedy Drama Musical Romance,4.166666666666667,3.0
6777,Judgment at Nuremberg (1961),Drama,Judgment at Nuremberg,Drama,3.6,5.0
6780,"Brief History of Time, A (1991)",Documentary,"Brief History of Time, A",Documentary,3.25,2.0
6782,Leningrad Cowboys Go America (1989),Comedy|Musical,Leningrad Cowboys Go America,Comedy Musical,4.0,1.0
6783,"Rules of the Game, The (La règle du jeu) (1939)",Comedy|Drama,"Rules of the Game, The (La règle du jeu)",Comedy Drama,3.5,3.0
6785,Seven Brides for Seven Brothers (1954),Comedy|Musical|Romance|Western,Seven Brides for Seven Brothers,Comedy Musical Romance Western,3.75,4.0
6786,Kiss of the Spider Woman (1985),Drama,Kiss of the Spider Woman,Drama,3.875,4.0
6787,All the President's Men (1976),Drama|Thriller,All the President's Men,Drama Thriller,4.018518518518518,27.0
6788,Angie (1994),Comedy|Drama|Romance,Angie,Comedy Drama Romance,2.0,1.0
6789,"Apartment, The (Appartement, L') (1996)",Drama|Mystery|Romance,"Apartment, The (Appartement, L')",Drama Mystery Romance,4.0,1.0
6790,Avalon (2001),Drama|Fantasy|Sci-Fi,Avalon,Drama Fantasy Sci-Fi,3.5,3.0
6791,Babette's Feast (Babettes gæstebud) (1987),Drama,Babette's Feast (Babettes gæstebud),Drama,4.4,5.0
6793,Beethoven (1992),Children|Comedy|Drama,Beethoven,Children Comedy Drama,1.7727272727272727,11.0
6794,Beethoven's 2nd (1993),Children|Comedy,Beethoven's 2nd,Children Comedy,1.5,5.0
6796,Boyz N the Hood (1991),Crime|Drama,Boyz N the Hood,Crime Drama,3.7222222222222223,18.0
6797,Bugsy (1991),Crime|Drama,Bugsy,Crime Drama,3.0,1.0
6798,Bugsy Malone (1976),Children|Comedy|Crime|Musical,Bugsy Malone,Children Comedy Crime Musical,2.75,2.0
6800,Cobra (1986),Action|Crime,Cobra,Action Crime,2.3333333333333335,3.0
6803,Phenomena (a.k.a. Creepers) (1985),Horror|Mystery|Thriller,Phenomena (a.k.a. Creepers),Horror Mystery Thriller,3.5,1.0
6804,Crimewave (1985),Comedy|Crime,Crimewave,Comedy Crime,2.0,1.0
6807,Monty Python's The Meaning of Life (1983),Comedy,Monty Python's The Meaning of Life,Comedy,3.95,40.0
6808,Where Eagles Dare (1968),Action|Adventure|War,Where Eagles Dare,Action Adventure War,4.0,4.0
6809,Tightrope (1984),Thriller,Tightrope,Thriller,3.0,1.0
6810,Sleeping with the Enemy (1991),Drama|Thriller,Sleeping with the Enemy,Drama Thriller,2.5,5.0
6811,PCU (1994),Comedy,PCU,Comedy,2.5,5.0
6812,"Rookie, The (1990)",Action|Comedy|Thriller,"Rookie, The",Action Comedy Thriller,2.25,2.0
6814,City Heat (1984),Action|Comedy,City Heat,Action Comedy,3.0,1.0
6816,Three O'Clock High (1987),Comedy,Three O'Clock High,Comedy,4.0,1.0
6817,"White Hunter, Black Heart (1990)",Adventure|Drama,"White Hunter, Black Heart",Adventure Drama,3.0,1.0
6818,Come and See (Idi i smotri) (1985),Drama|War,Come and See (Idi i smotri),Drama War,5.0,2.0
6820,Ginger Snaps (2000),Drama|Horror|Thriller,Ginger Snaps,Drama Horror Thriller,4.0,6.0
6821,More American Graffiti (1979),Comedy,More American Graffiti,Comedy,3.0,1.0
6827,It's Pat (1994),Comedy,It's Pat,Comedy,0.8333333333333334,3.0
6832,Regarding Henry (1991),Drama,Regarding Henry,Drama,3.6,5.0
6835,Alien Contamination (1980),Action|Horror|Sci-Fi,Alien Contamination,Action Horror Sci-Fi,5.0,1.0
6836,"Amazing Transparent Man, The (1960)",Sci-Fi,"Amazing Transparent Man, The",Sci-Fi,3.5,1.0
6837,Love Affair (1939),Comedy|Drama|Romance,Love Affair,Comedy Drama Romance,3.0,1.0
6849,Scrooge (1970),Drama|Fantasy|Musical,Scrooge,Drama Fantasy Musical,0.0,0.0
6850,Leap of Faith (1992),Comedy|Drama,Leap of Faith,Comedy Drama,2.3333333333333335,3.0
6851,"Gas, Food, Lodging (1992)",Drama|Romance,"Gas, Food, Lodging",Drama Romance,2.75,2.0
6852,In Cold Blood (1967),Crime|Drama,In Cold Blood,Crime Drama,3.625,4.0
6853,Campus Man (1987),Comedy,Campus Man,Comedy,1.0,1.0
6856,Yankee Doodle Dandy (1942),Drama|Musical,Yankee Doodle Dandy,Drama Musical,4.0,2.0
6857,Ninja Scroll (Jûbei ninpûchô) (1995),Action|Adventure|Animation|Fantasy,Ninja Scroll (Jûbei ninpûchô),Action Adventure Animation Fantasy,3.769230769230769,13.0
6858,Knife in the Water (Nóz w wodzie) (1962),Drama,Knife in the Water (Nóz w wodzie),Drama,3.75,2.0
6860,Mobsters (1991),Crime|Drama,Mobsters,Crime Drama,2.0,1.0
6862,Out of Time (2003),Crime|Drama|Thriller,Out of Time,Crime Drama Thriller,3.5,2.0
6863,School of Rock (2003),Comedy|Musical,School of Rock,Comedy Musical,3.4015151515151514,66.0
6867,"Station Agent, The (2003)",Comedy|Drama,"Station Agent, The",Comedy Drama,3.5833333333333335,12.0
6868,Wonderland (2003),Crime|Drama|Mystery|Thriller,Wonderland,Crime Drama Mystery Thriller,3.4285714285714284,7.0
6869,Bus 174 (Ônibus 174) (2002),Crime|Documentary,Bus 174 (Ônibus 174),Crime Documentary,3.8333333333333335,3.0
6870,Mystic River (2003),Crime|Drama|Mystery,Mystic River,Crime Drama Mystery,3.7115384615384617,52.0
6872,"House of the Dead, The (2003)",Action|Horror,"House of the Dead, The",Action Horror,1.125,4.0
6873,Intolerable Cruelty (2003),Comedy|Romance,Intolerable Cruelty,Comedy Romance,3.175,20.0
6874,Kill Bill: Vol. 1 (2003),Action|Crime|Thriller,Kill Bill: Vol. 1,Action Crime Thriller,3.9618320610687023,131.0
6879,Runaway Jury (2003),Drama|Thriller,Runaway Jury,Drama Thriller,3.4411764705882355,17.0
6880,"Texas Chainsaw Massacre, The (2003)",Horror,"Texas Chainsaw Massacre, The",Horror,1.8571428571428572,7.0
6881,Pieces of April (2003),Comedy|Drama,Pieces of April,Comedy Drama,3.0714285714285716,7.0
6882,Returner (Ritaanaa) (2002),Action|Adventure|Sci-Fi,Returner (Ritaanaa),Action Adventure Sci-Fi,2.5,1.0
6883,Sylvia (2003),Drama|Romance,Sylvia,Drama Romance,3.0,1.0
6884,Veronica Guerin (2003),Crime|Drama|Thriller,Veronica Guerin,Crime Drama Thriller,3.0,2.0
6885,In the Cut (2003),Crime|Drama|Mystery|Romance|Thriller,In the Cut,Crime Drama Mystery Romance Thriller,2.8333333333333335,3.0
6886,Beyond Borders (2003),Drama|Romance|War,Beyond Borders,Drama Romance War,3.5,1.0
6887,Radio (2003),Drama,Radio,Drama,4.1,5.0
6888,Scary Movie 3 (2003),Comedy|Horror,Scary Movie 3,Comedy Horror,2.275,20.0
6889,Brother Bear (2003),Adventure|Animation|Children,Brother Bear,Adventure Animation Children,3.0,2.0
6890,Elephant (2003),Drama,Elephant,Drama,3.5555555555555554,9.0
6893,"Italian Job, The (1969)",Action|Comedy|Crime,"Italian Job, The",Action Comedy Crime,3.85,10.0
6898,Sweet Sixteen (2002),Drama,Sweet Sixteen,Drama,3.3333333333333335,3.0
6899,Alien from L.A. (1988),Sci-Fi,Alien from L.A.,Sci-Fi,3.5,1.0
6902,Interstate 60 (2002),Adventure|Comedy|Drama|Fantasy|Mystery|Sci-Fi|Thriller,Interstate 60,Adventure Comedy Drama Fantasy Mystery Sci-Fi Thriller,4.0,2.0
6909,"Eye, The (Gin gwai) (Jian gui) (2002)",Thriller,"Eye, The (Gin gwai) (Jian gui)",Thriller,3.25,2.0
6911,"Jolson Story, The (1946)",Musical,"Jolson Story, The",Musical,3.5,1.0
6912,You'll Never Get Rich (1941),Comedy|Musical|Romance,You'll Never Get Rich,Comedy Musical Romance,3.5,1.0
6918,"Unvanquished, The (Aparajito) (1957)",Drama,"Unvanquished, The (Aparajito)",Drama,3.75,2.0
6920,"Cercle Rouge, Le (Red Circle, The) (1970)",Crime|Thriller,"Cercle Rouge, Le (Red Circle, The)",Crime Thriller,3.5,3.0
6927,"Human Stain, The (2003)",Drama|Romance|Thriller,"Human Stain, The",Drama Romance Thriller,4.0,1.0
6932,Shattered Glass (2003),Crime|Drama,Shattered Glass,Crime Drama,3.5,7.0
6934,"Matrix Revolutions, The (2003)",Action|Adventure|Sci-Fi|Thriller|IMAX,"Matrix Revolutions, The",Action Adventure Sci-Fi Thriller IMAX,3.151898734177215,79.0
6935,"Revolution Will Not Be Televised, The (a.k.a. Chavez: Inside the Coup) (2003)",Documentary,"Revolution Will Not Be Televised, The (a.k.a. Chavez: Inside the Coup)",Documentary,4.0,1.0
6936,Elf (2003),Children|Comedy|Fantasy,Elf,Children Comedy Fantasy,3.6923076923076925,39.0
6938,Billabong Odyssey (2003),Documentary,Billabong Odyssey,Documentary,4.0,1.0
6939,Gloomy Sunday (Ein Lied von Liebe und Tod) (1999),Drama|Romance,Gloomy Sunday (Ein Lied von Liebe und Tod),Drama Romance,4.0,1.0
6942,Love Actually (2003),Comedy|Drama|Romance,Love Actually,Comedy Drama Romance,3.788135593220339,59.0
6944,Father of the Bride (1991),Comedy,Father of the Bride,Comedy,3.5,13.0
6945,My Architect: A Son's Journey (2003),Documentary,My Architect: A Son's Journey,Documentary,4.25,2.0
6946,Looney Tunes: Back in Action (2003),Action|Animation|Children|Fantasy,Looney Tunes: Back in Action,Action Animation Children Fantasy,2.75,2.0
6947,Master and Commander: The Far Side of the World (2003),Adventure|Drama|War,Master and Commander: The Far Side of the World,Adventure Drama War,3.638888888888889,36.0
6948,Tupac: Resurrection (2003),Documentary,Tupac: Resurrection,Documentary,4.0,1.0
6949,"Big Empty, The (2003)",Comedy|Mystery|Sci-Fi,"Big Empty, The",Comedy Mystery Sci-Fi,3.5,1.0
6950,"Missing, The (2003)",Adventure|Thriller|Western,"Missing, The",Adventure Thriller Western,3.6666666666666665,3.0
6951,"Cat in the Hat, The (2003)",Children|Comedy,"Cat in the Hat, The",Children Comedy,2.1,5.0
6952,Gothika (2003),Horror|Thriller,Gothika,Horror Thriller,3.111111111111111,9.0
6953,21 Grams (2003),Crime|Drama|Mystery|Romance|Thriller,21 Grams,Crime Drama Mystery Romance Thriller,3.3,25.0
6954,"Barbarian Invasions, The (Les invasions barbares) (2003)",Comedy|Crime|Drama|Mystery|Romance,"Barbarian Invasions, The (Les invasions barbares)",Comedy Crime Drama Mystery Romance,4.0,3.0
6957,Bad Santa (2003),Comedy|Crime,Bad Santa,Comedy Crime,3.3653846153846154,26.0
6958,"Haunted Mansion, The (2003)",Children|Comedy|Fantasy|Horror,"Haunted Mansion, The",Children Comedy Fantasy Horror,2.5,10.0
6959,Timeline (2003),Action|Adventure|Sci-Fi,Timeline,Action Adventure Sci-Fi,2.0,3.0
6961,Damage (Fatale) (1992),Drama,Damage (Fatale),Drama,4.0,1.0
6962,OT: Our Town (2002),Documentary,OT: Our Town,Documentary,3.5,1.0
6963,Devil's Playground (2002),Documentary,Devil's Playground,Documentary,4.25,2.0
6965,Journeys with George (2002),Documentary,Journeys with George,Documentary,3.5,1.0
6966,Darkman (1990),Action|Crime|Fantasy|Sci-Fi|Thriller,Darkman,Action Crime Fantasy Sci-Fi Thriller,3.8333333333333335,3.0
6967,Dead of Night (1945),Horror|Mystery,Dead of Night,Horror Mystery,0.5,1.0
6969,"Dernier Combat, Le (Last Battle, The) (1983)",Drama|Sci-Fi,"Dernier Combat, Le (Last Battle, The)",Drama Sci-Fi,4.5,1.0
6970,Desk Set (1957),Comedy|Romance,Desk Set,Comedy Romance,3.75,2.0
6971,Europa (Zentropa) (1991),Drama|Thriller,Europa (Zentropa),Drama Thriller,4.0,1.0
6973,Final Analysis (1992),Drama|Romance|Thriller,Final Analysis,Drama Romance Thriller,2.5,1.0
6974,"Freshman, The (1990)",Comedy|Crime,"Freshman, The",Comedy Crime,3.0,6.0
6975,Funny Games (1997),Drama|Horror|Thriller,Funny Games,Drama Horror Thriller,3.2,5.0
6978,Slacker (1991),Comedy|Drama,Slacker,Comedy Drama,3.25,4.0
6979,WarGames (1983),Drama|Sci-Fi|Thriller,WarGames,Drama Sci-Fi Thriller,3.3095238095238093,21.0
6981,"Ordet (Word, The) (1955)",Drama,"Ordet (Word, The)",Drama,3.75,2.0
6982,Forbidden Games (Jeux interdits) (1952),Drama|War,Forbidden Games (Jeux interdits),Drama War,3.5,1.0
6983,Jane Eyre (1944),Drama|Romance,Jane Eyre,Drama Romance,5.0,1.0
6984,"Tale of Two Cities, A (1935)",Drama,"Tale of Two Cities, A",Drama,4.0,1.0
6985,"Passion of Joan of Arc, The (Passion de Jeanne d'Arc, La) (1928)",Drama,"Passion of Joan of Arc, The (Passion de Jeanne d'Arc, La)",Drama,3.9,5.0
6986,Ben-Hur: A Tale of the Christ (1925),Adventure|Drama|Romance,Ben-Hur: A Tale of the Christ,Adventure Drama Romance,3.0,1.0
6987,"Cabinet of Dr. Caligari, The (Cabinet des Dr. Caligari., Das) (1920)",Crime|Fantasy|Horror,"Cabinet of Dr. Caligari, The (Cabinet des Dr. Caligari., Das)",Crime Fantasy Horror,3.857142857142857,7.0
6989,Gorky Park (1983),Crime|Drama|Thriller,Gorky Park,Crime Drama Thriller,3.5,4.0
6990,The Great Train Robbery (1978),Action|Adventure|Comedy|Crime|Drama,The Great Train Robbery,Action Adventure Comedy Crime Drama,3.5,1.0
6992,Guarding Tess (1994),Comedy|Drama,Guarding Tess,Comedy Drama,2.75,2.0
6993,Hannah and Her Sisters (1986),Comedy|Drama|Romance,Hannah and Her Sisters,Comedy Drama Romance,3.769230769230769,13.0
6994,"Hard Way, The (1991)",Action|Comedy,"Hard Way, The",Action Comedy,3.25,2.0
6996,Highlander II: The Quickening (1991),Action|Sci-Fi,Highlander II: The Quickening,Action Sci-Fi,1.8571428571428572,7.0
6997,Hoffa (1992),Crime|Drama,Hoffa,Crime Drama,3.0,2.0
6998,House of Cards (1993),Drama,House of Cards,Drama,2.0,1.0
6999,Housesitter (1992),Comedy|Romance,Housesitter,Comedy Romance,2.25,2.0
7000,Hudson Hawk (1991),Action|Adventure|Comedy,Hudson Hawk,Action Adventure Comedy,3.0,4.0
7001,Invasion of the Body Snatchers (1978),Horror|Mystery|Sci-Fi|Thriller,Invasion of the Body Snatchers,Horror Mystery Sci-Fi Thriller,3.75,6.0
7004,Kindergarten Cop (1990),Action|Comedy|Crime|Thriller,Kindergarten Cop,Action Comedy Crime Thriller,2.8823529411764706,17.0
7005,King Ralph (1991),Comedy,King Ralph,Comedy,1.5,1.0
7007,"Last Boy Scout, The (1991)",Action|Comedy|Crime|Drama|Thriller,"Last Boy Scout, The",Action Comedy Crime Drama Thriller,3.5,8.0
7008,Last Tango in Paris (Ultimo tango a Parigi) (1972),Drama|Romance,Last Tango in Paris (Ultimo tango a Parigi),Drama Romance,4.5,5.0
7009,Lorenzo's Oil (1992),Drama,Lorenzo's Oil,Drama,3.3333333333333335,3.0
7010,"Lover, The (Amant, L') (1992)",Drama|Romance,"Lover, The (Amant, L')",Drama Romance,3.5,3.0
7012,Mr. Destiny (1990),Comedy|Fantasy,Mr. Destiny,Comedy Fantasy,3.0,1.0
7013,"Night of the Hunter, The (1955)",Drama|Film-Noir|Thriller,"Night of the Hunter, The",Drama Film-Noir Thriller,4.0,7.0
7015,Only the Lonely (1991),Comedy|Romance,Only the Lonely,Comedy Romance,3.1666666666666665,3.0
7016,Over the Top (1987),Action|Drama,Over the Top,Action Drama,1.5,3.0
7017,Passenger 57 (1992),Action|Thriller,Passenger 57,Action Thriller,3.5,3.0
7018,Presumed Innocent (1990),Crime|Drama|Thriller,Presumed Innocent,Crime Drama Thriller,3.9,5.0
7019,Project X (1987),Comedy|Drama,Project X,Comedy Drama,2.75,2.0
7020,Proof (1991),Comedy|Drama|Romance,Proof,Comedy Drama Romance,0.0,0.0
7022,Battle Royale (Batoru rowaiaru) (2000),Action|Drama|Horror|Thriller,Battle Royale (Batoru rowaiaru),Action Drama Horror Thriller,3.933333333333333,30.0
7023,"Wedding Banquet, The (Xi yan) (1993)",Comedy|Drama|Romance,"Wedding Banquet, The (Xi yan)",Comedy Drama Romance,4.5,1.0
7024,"Salo, or The 120 Days of Sodom (Salò o le 120 giornate di Sodoma) (1976)",Drama,"Salo, or The 120 Days of Sodom (Salò o le 120 giornate di Sodoma)",Drama,3.6666666666666665,3.0
7025,"Midnight Clear, A (1992)",Drama|War,"Midnight Clear, A",Drama War,3.75,2.0
7026,Summer School (1987),Comedy,Summer School,Comedy,2.375,4.0
7027,Silverado (1985),Action|Western,Silverado,Action Western,3.2,5.0
7028,Quick Change (1990),Comedy|Crime,Quick Change,Comedy Crime,3.5714285714285716,7.0
7030,Radio Flyer (1992),Drama,Radio Flyer,Drama,2.75,2.0
7031,"Real McCoy, The (1993)",Action|Crime|Drama|Thriller,"Real McCoy, The",Action Crime Drama Thriller,4.0,1.0
7032,Revenge (1990),Drama|Romance|Thriller,Revenge,Drama Romance Thriller,4.0,1.0
7033,"Secret of My Succe$s, The (a.k.a. The Secret of My Success) (1987)",Comedy|Romance,"Secret of My Succe$s, The (a.k.a. The Secret of My Success)",Comedy Romance,3.125,4.0
7034,Show Me Love (Fucking Åmål) (1998),Drama|Romance,Show Me Love (Fucking Åmål),Drama Romance,3.8125,8.0
7036,Teen Wolf (1985),Comedy|Fantasy,Teen Wolf,Comedy Fantasy,3.142857142857143,7.0
7037,High Heels (Tacones lejanos) (1991),Comedy|Drama,High Heels (Tacones lejanos),Comedy Drama,4.5,1.0
7038,Things You Can Tell Just by Looking at Her (2000),Drama|Romance,Things You Can Tell Just by Looking at Her,Drama Romance,4.0,1.0
7040,To Live and Die in L.A. (1985),Action|Crime|Drama|Thriller,To Live and Die in L.A.,Action Crime Drama Thriller,2.5,1.0
7041,Trapped in Paradise (1994),Comedy|Crime,Trapped in Paradise,Comedy Crime,2.5,1.0
7044,Wild at Heart (1990),Crime|Drama|Mystery|Romance|Thriller,Wild at Heart,Crime Drama Mystery Romance Thriller,3.8,5.0
7045,"Witches, The (1990)",Children|Fantasy,"Witches, The",Children Fantasy,3.1666666666666665,3.0
7046,"Witches of Eastwick, The (1987)",Comedy|Fantasy|Horror|Thriller,"Witches of Eastwick, The",Comedy Fantasy Horror Thriller,2.5,11.0
7047,Year of the Dragon (1985),Action|Crime|Drama,Year of the Dragon,Action Crime Drama,2.5,1.0
7048,Nothing to Lose (1997),Action|Adventure|Comedy|Crime,Nothing to Lose,Action Adventure Comedy Crime,3.375,4.0
7049,Flying Down to Rio (1933),Comedy|Musical|Romance,Flying Down to Rio,Comedy Musical Romance,3.0,1.0
7050,Follow the Fleet (1936),Comedy|Musical|Romance,Follow the Fleet,Comedy Musical Romance,3.75,2.0
7051,"What's New, Pussycat (1965)",Comedy,"What's New, Pussycat",Comedy,3.5,2.0
7052,Mary of Scotland (1936),Drama,Mary of Scotland,Drama,3.0,1.0
7053,Roberta (1935),Comedy|Musical|Romance,Roberta,Comedy Musical Romance,4.0,1.0
7054,Little Women (1949),Drama,Little Women,Drama,3.5,2.0
7055,Swing Time (1936),Comedy|Musical|Romance,Swing Time,Comedy Musical Romance,4.0,1.0
7056,"Public Enemy, The (1931)",Action|Crime|Drama,"Public Enemy, The",Action Crime Drama,4.25,2.0
7057,"Midsummer Night's Dream, A (1935)",Comedy|Fantasy|Romance,"Midsummer Night's Dream, A",Comedy Fantasy Romance,3.5,1.0
7058,Life with Father (1947),Comedy,Life with Father,Comedy,3.5,1.0
7059,National Velvet (1944),Children|Drama,National Velvet,Children Drama,3.75,2.0
7060,Jesus Christ Superstar (1973),Drama|Musical,Jesus Christ Superstar,Drama Musical,4.0,3.0
7061,Dark Victory (1939),Drama|Romance,Dark Victory,Drama Romance,4.0,1.0
7062,Birdman of Alcatraz (1962),Drama,Birdman of Alcatraz,Drama,4.0,1.0
7063,"Aguirre: The Wrath of God (Aguirre, der Zorn Gottes) (1972)",Adventure|Drama,"Aguirre: The Wrath of God (Aguirre, der Zorn Gottes)",Adventure Drama,4.0,8.0
7064,Beauty and the Beast (La belle et la bête) (1946),Drama|Fantasy,Beauty and the Beast (La belle et la bête),Drama Fantasy,3.25,6.0
7065,"Birth of a Nation, The (1915)",Drama|War,"Birth of a Nation, The",Drama War,2.0,1.0
7067,Juliet of the Spirits (Giulietta degli spiriti) (1965),Comedy|Drama|Fantasy|Romance,Juliet of the Spirits (Giulietta degli spiriti),Comedy Drama Fantasy Romance,3.25,2.0
7069,"Macbeth (a.k.a. Tragedy of Macbeth, The) (1971)",Drama,"Macbeth (a.k.a. Tragedy of Macbeth, The)",Drama,3.5,4.0
7070,Red River (1948),Action|Adventure|Western,Red River,Action Adventure Western,4.0,1.0
7071,"Woman Under the Influence, A (1974)",Drama,"Woman Under the Influence, A",Drama,5.0,1.0
7072,Stagecoach (1939),Action|Drama|Romance|Western,Stagecoach,Action Drama Romance Western,3.5,3.0
7073,"Shot in the Dark, A (1964)",Comedy|Crime|Mystery,"Shot in the Dark, A",Comedy Crime Mystery,2.5,1.0
7074,"Navigator, The (1924)",Comedy,"Navigator, The",Comedy,3.5,1.0
7075,"Court Jester, The (1956)",Adventure|Comedy|Musical,"Court Jester, The",Adventure Comedy Musical,3.5,1.0
7076,Bullitt (1968),Action|Crime|Drama|Thriller,Bullitt,Action Crime Drama Thriller,3.875,8.0
7078,Jezebel (1938),Drama,Jezebel,Drama,3.8333333333333335,3.0
7079,"Hunchback of Notre Dame, The (1939)",Drama,"Hunchback of Notre Dame, The",Drama,3.5,2.0
7080,42nd Street (1933),Drama|Musical|Romance,42nd Street,Drama Musical Romance,4.0,3.0
7082,That Touch of Mink (1962),Comedy|Romance,That Touch of Mink,Comedy Romance,3.75,2.0
7083,Sweet Dreams (1985),Drama,Sweet Dreams,Drama,3.0,1.0
7084,"Play It Again, Sam (1972)",Comedy|Romance,"Play It Again, Sam",Comedy Romance,3.75,4.0
7085,Send Me No Flowers (1964),Comedy|Romance,Send Me No Flowers,Comedy Romance,3.25,2.0
7086,Pygmalion (1938),Comedy|Drama,Pygmalion,Comedy Drama,3.5,1.0
7087,"Passage to India, A (1984)",Adventure|Drama,"Passage to India, A",Adventure Drama,4.0,2.0
7088,Black Orpheus (Orfeu Negro) (1959),Drama|Romance,Black Orpheus (Orfeu Negro),Drama Romance,4.0,1.0
7089,Amarcord (1973),Comedy|Drama,Amarcord,Comedy Drama,4.0,2.0
7090,Hero (Ying xiong) (2002),Action|Adventure|Drama,Hero (Ying xiong),Action Adventure Drama,3.9210526315789473,38.0
7091,Horse Feathers (1932),Comedy,Horse Feathers,Comedy,4.0,2.0
7092,Anna Karenina (1935),Drama|Romance,Anna Karenina,Drama Romance,3.5,2.0
7093,"Front Page, The (1974)",Comedy,"Front Page, The",Comedy,3.75,2.0
7096,Rivers and Tides (2001),Documentary,Rivers and Tides,Documentary,5.0,1.0
7099,Nausicaä of the Valley of the Wind (Kaze no tani no Naushika) (1984),Adventure|Animation|Drama|Fantasy|Sci-Fi,Nausicaä of the Valley of the Wind (Kaze no tani no Naushika),Adventure Animation Drama Fantasy Sci-Fi,4.0,23.0
7101,Doc Hollywood (1991),Comedy|Romance,Doc Hollywood,Comedy Romance,3.0,6.0
7102,Dragnet (1987),Comedy|Crime|Drama,Dragnet,Comedy Crime Drama,2.5,4.0
7103,Madhouse (1990),Comedy,Madhouse,Comedy,3.5,1.0
7104,1941 (1979),Comedy|War,1941,Comedy War,2.6666666666666665,3.0
7107,Foul Play (1978),Comedy|Thriller,Foul Play,Comedy Thriller,2.75,2.0
7108,Crime Story (Zhong an zu) (1993),Action|Crime|Drama,Crime Story (Zhong an zu),Action Crime Drama,3.25,2.0
7109,Beyond the Clouds (Al di là delle nuvole) (1996),Drama|Romance,Beyond the Clouds (Al di là delle nuvole),Drama Romance,3.0,1.0
7114,"Collector, The (1965)",Drama|Horror|Thriller,"Collector, The",Drama Horror Thriller,0.5,1.0
7115,Deep Red (Profondo rosso) (1975),Horror|Mystery|Thriller,Deep Red (Profondo rosso),Horror Mystery Thriller,2.6,5.0
7116,Diabolique (Les diaboliques) (1955),Horror|Mystery|Thriller,Diabolique (Les diaboliques),Horror Mystery Thriller,3.125,4.0
7117,Leprechaun (1993),Comedy|Horror,Leprechaun,Comedy Horror,2.3,5.0
7118,Wings of Honneamise (Ôritsu uchûgun Oneamisu no tsubasa) (1987),Animation|Drama|Sci-Fi|War,Wings of Honneamise (Ôritsu uchûgun Oneamisu no tsubasa),Animation Drama Sci-Fi War,3.75,2.0
7121,Adam's Rib (1949),Comedy|Romance,Adam's Rib,Comedy Romance,4.75,4.0
7122,King of Hearts (1966),Comedy|Drama|War,King of Hearts,Comedy Drama War,5.0,1.0
7123,Naked Lunch (1991),Drama|Fantasy|Mystery|Sci-Fi,Naked Lunch,Drama Fantasy Mystery Sci-Fi,3.4444444444444446,9.0
7124,Grass (1999),Documentary,Grass,Documentary,3.1666666666666665,3.0
7125,Spring Forward (1999),Drama,Spring Forward,Drama,2.0,1.0
7127,Run (1991),Action|Drama|Thriller,Run,Action Drama Thriller,3.5,1.0
7131,"Summer Place, A (1959)",Drama,"Summer Place, A",Drama,3.0,1.0
7132,"Night at the Opera, A (1935)",Comedy|Musical|Romance,"Night at the Opera, A",Comedy Musical Romance,4.111111111111111,9.0
7134,"Element of Crime, The (Forbrydelsens Element) (1984)",Drama|Thriller,"Element of Crime, The (Forbrydelsens Element)",Drama Thriller,4.0,1.0
7137,"Cooler, The (2003)",Comedy|Drama|Romance,"Cooler, The",Comedy Drama Romance,3.55,10.0
7139,In America (2002),Drama|Romance,In America,Drama Romance,3.857142857142857,7.0
7141,My Flesh and Blood (2003),Documentary,My Flesh and Blood,Documentary,4.0,1.0
7142,Honey (2003),Drama|Romance,Honey,Drama Romance,3.0,3.0
7143,"Last Samurai, The (2003)",Action|Adventure|Drama|War,"Last Samurai, The",Action Adventure Drama War,3.903225806451613,62.0
7147,Big Fish (2003),Drama|Fantasy|Romance,Big Fish,Drama Fantasy Romance,3.8333333333333335,69.0
7149,Something's Gotta Give (2003),Comedy|Drama|Romance,Something's Gotta Give,Comedy Drama Romance,3.6470588235294117,17.0
7150,Stuck on You (2003),Comedy,Stuck on You,Comedy,2.8,10.0
7151,Girl with a Pearl Earring (2003),Drama|Romance,Girl with a Pearl Earring,Drama Romance,3.375,12.0
7153,"Lord of the Rings: The Return of the King, The (2003)",Action|Adventure|Drama|Fantasy,"Lord of the Rings: The Return of the King, The",Action Adventure Drama Fantasy,4.118918918918919,185.0
7154,Mona Lisa Smile (2003),Drama|Romance,Mona Lisa Smile,Drama Romance,2.8,10.0
7155,Calendar Girls (2003),Comedy,Calendar Girls,Comedy,2.625,8.0
7156,"Fog of War: Eleven Lessons from the Life of Robert S. McNamara, The (2003)",Documentary|War,"Fog of War: Eleven Lessons from the Life of Robert S. McNamara, The",Documentary War,4.3076923076923075,13.0
7158,House of Sand and Fog (2003),Drama,House of Sand and Fog,Drama,3.7777777777777777,9.0
7160,Monster (2003),Crime|Drama,Monster,Crime Drama,3.5294117647058822,17.0
7161,Cheaper by the Dozen (2003),Children|Comedy,Cheaper by the Dozen,Children Comedy,1.9375,8.0
7162,Cold Mountain (2003),Drama|Romance|War,Cold Mountain,Drama Romance War,3.2916666666666665,12.0
7163,Paycheck (2003),Action|Sci-Fi|Thriller,Paycheck,Action Sci-Fi Thriller,2.911764705882353,17.0
7164,Peter Pan (2003),Action|Adventure|Children|Fantasy,Peter Pan,Action Adventure Children Fantasy,3.0833333333333335,6.0
7165,"Company, The (2003)",Drama|Musical,"Company, The",Drama Musical,3.0,1.0
7167,Japanese Story (2003),Drama,Japanese Story,Drama,3.0,1.0
7169,Chasing Liberty (2004),Comedy|Romance,Chasing Liberty,Comedy Romance,3.9375,8.0
7171,Aileen: Life and Death of a Serial Killer (2003),Documentary,Aileen: Life and Death of a Serial Killer,Documentary,3.5,2.0
7173,Along Came Polly (2004),Comedy|Romance,Along Came Polly,Comedy Romance,3.0416666666666665,24.0
7175,Torque (2004),Action|Crime,Torque,Action Crime,2.25,2.0
7176,Crimson Gold (Talaye sorgh) (2003),Drama,Crimson Gold (Talaye sorgh),Drama,3.5,1.0
7177,Osama (2003),Drama,Osama,Drama,3.5,1.0
7178,"Great Gatsby, The (1974)",Drama,"Great Gatsby, The",Drama,3.0,1.0
7179,Wuthering Heights (1992),Drama|Romance,Wuthering Heights,Drama Romance,2.5,1.0
7181,Ship of Fools (1965),Drama,Ship of Fools,Drama,3.5,1.0
7184,This Property is Condemned (1966),Drama|Romance,This Property is Condemned,Drama Romance,4.5,1.0
7190,Jane Eyre (1970),Drama,Jane Eyre,Drama,3.5,1.0
7191,Blame It on the Bellboy (1992),Comedy,Blame It on the Bellboy,Comedy,2.0,1.0
7192,Only the Strong (1993),Action,Only the Strong,Action,3.0,2.0
7193,"Adventures of Ford Fairlane, The (1990)",Action|Comedy,"Adventures of Ford Fairlane, The",Action Comedy,3.0,2.0
7202,Beyond Re-Animator (2003),Horror,Beyond Re-Animator,Horror,3.0,1.0
7205,"Wind and the Lion, The (1975)",Adventure,"Wind and the Lion, The",Adventure,3.0,1.0
7206,Mon Oncle (My Uncle) (1958),Comedy,Mon Oncle (My Uncle),Comedy,3.8333333333333335,3.0
7208,Dr. Jekyll and Mr. Hyde (1941),Drama|Horror,Dr. Jekyll and Mr. Hyde,Drama Horror,3.75,2.0
7209,"M. Hulot’s Holiday (Mr. Hulot's Holiday) (Vacances de Monsieur Hulot, Les) (1953)",Comedy,"M. Hulot’s Holiday (Mr. Hulot's Holiday) (Vacances de Monsieur Hulot, Les)",Comedy,3.5,3.0
7211,People Will Talk (1951),Comedy|Romance,People Will Talk,Comedy Romance,3.5,1.0
7212,I Was a Male War Bride (1949),Comedy|Romance,I Was a Male War Bride,Comedy Romance,4.25,2.0
7215,To Have and Have Not (1944),Adventure|Drama|Romance|Thriller|War,To Have and Have Not,Adventure Drama Romance Thriller War,3.5,4.0
7216,High Sierra (1941),Crime|Drama|Film-Noir|Thriller,High Sierra,Crime Drama Film-Noir Thriller,4.166666666666667,3.0
7217,Dark Passage (1947),Crime|Drama|Film-Noir|Romance|Thriller,Dark Passage,Crime Drama Film-Noir Romance Thriller,4.0,1.0
7218,"Ox-Bow Incident, The (1943)",Drama|Western,"Ox-Bow Incident, The",Drama Western,4.5,1.0
7219,They Drive by Night (1940),Drama,They Drive by Night,Drama,4.0,1.0
7222,Reefer Madness (a.k.a. Tell Your Children) (1938),Comedy|Drama,Reefer Madness (a.k.a. Tell Your Children),Comedy Drama,3.25,2.0
7223,D.O.A. (1950),Drama|Film-Noir|Mystery,D.O.A.,Drama Film-Noir Mystery,2.5,1.0
7225,Pumping Iron (1977),Documentary,Pumping Iron,Documentary,3.6666666666666665,3.0
7228,Cool World (1992),Animation|Comedy|Fantasy,Cool World,Animation Comedy Fantasy,2.5,4.0
7234,"Strada, La (1954)",Drama,"Strada, La",Drama,4.25,6.0
7235,Ichi the Killer (Koroshiya 1) (2001),Action|Comedy|Crime|Drama|Horror|Thriller,Ichi the Killer (Koroshiya 1),Action Comedy Crime Drama Horror Thriller,3.4166666666666665,6.0
7236,"Boy and His Dog, A (1975)",Sci-Fi,"Boy and His Dog, A",Sci-Fi,4.0,3.0
7238,Ashes and Diamonds (Popiól i diament) (1958),Drama|War,Ashes and Diamonds (Popiól i diament),Drama War,4.0,1.0
7243,Intolerance: Love's Struggle Throughout the Ages (1916),Drama,Intolerance: Love's Struggle Throughout the Ages,Drama,3.5,1.0
7245,Tormented (1960),Horror|Thriller,Tormented,Horror Thriller,1.0,1.0
7247,Chitty Chitty Bang Bang (1968),Adventure|Children|Comedy|Fantasy|Musical,Chitty Chitty Bang Bang,Adventure Children Comedy Fantasy Musical,3.4545454545454546,11.0
7248,"Suriyothai (a.k.a. Legend of Suriyothai, The) (2001)",Action|Adventure|Drama|War,"Suriyothai (a.k.a. Legend of Suriyothai, The)",Action Adventure Drama War,3.5,1.0
7251,Where the Day Takes You (1992),Drama,Where the Day Takes You,Drama,4.0,1.0
7254,The Butterfly Effect (2004),Drama|Sci-Fi|Thriller,The Butterfly Effect,Drama Sci-Fi Thriller,3.630434782608696,46.0
7255,Win a Date with Tad Hamilton! (2004),Comedy|Romance,Win a Date with Tad Hamilton!,Comedy Romance,2.8125,8.0
7256,Touching the Void (2003),Adventure|Documentary,Touching the Void,Adventure Documentary,4.0,8.0
7257,"Big Bounce, The (2004)",Comedy|Crime|Thriller,"Big Bounce, The",Comedy Crime Thriller,2.0,4.0
7258,"Perfect Score, The (2004)",Comedy|Crime,"Perfect Score, The",Comedy Crime,2.75,4.0
7259,You Got Served (2004),Drama|Musical,You Got Served,Drama Musical,2.125,4.0
7260,Latter Days (2003),Comedy|Drama|Romance,Latter Days,Comedy Drama Romance,3.5,1.0
7261,Barbershop 2: Back in Business (2004),Comedy,Barbershop 2: Back in Business,Comedy,2.1666666666666665,3.0
7262,Catch That Kid (2004),Action|Adventure|Children|Comedy|Crime,Catch That Kid,Action Adventure Children Comedy Crime,2.0,1.0
7263,Miracle (2004),Drama,Miracle,Drama,3.35,10.0
7264,An Amazing Couple (2002),Comedy|Romance,An Amazing Couple,Comedy Romance,4.0,1.0
7265,"Dreamers, The (2003)",Drama,"Dreamers, The",Drama,3.730769230769231,13.0
7266,"Lost Skeleton of Cadavra, The (2002)",Comedy|Horror|Sci-Fi,"Lost Skeleton of Cadavra, The",Comedy Horror Sci-Fi,4.0,1.0
7282,"Hip Hop Witch, Da (2000)",Comedy|Horror|Thriller,"Hip Hop Witch, Da",Comedy Horror Thriller,1.0,1.0
7285,Thirteen (2003),Drama,Thirteen,Drama,3.611111111111111,9.0
7292,Best Defense (1984),Comedy|War,Best Defense,Comedy War,2.5,1.0
7293,50 First Dates (2004),Comedy|Romance,50 First Dates,Comedy Romance,3.5531914893617023,47.0
7294,Welcome to Mooseport (2004),Comedy,Welcome to Mooseport,Comedy,3.25,4.0
7297,Kitchen Stories (Salmer fra kjøkkenet) (2003),Comedy|Drama,Kitchen Stories (Salmer fra kjøkkenet),Comedy Drama,3.6666666666666665,3.0
7299,Monsieur Ibrahim (Monsieur Ibrahim et les fleurs du Coran) (2003),Drama,Monsieur Ibrahim (Monsieur Ibrahim et les fleurs du Coran),Drama,3.6666666666666665,3.0
7301,Diary of a Country Priest (Journal d'un curé de campagne) (1951),Drama,Diary of a Country Priest (Journal d'un curé de campagne),Drama,3.5,3.0
7302,"Thief of Bagdad, The (1924)",Action|Adventure|Fantasy,"Thief of Bagdad, The",Action Adventure Fantasy,3.5,1.0
7303,The Diary of Anne Frank (1959),Drama|War,The Diary of Anne Frank,Drama War,4.0,4.0
7304,Allegro non troppo (1977),Animation|Comedy|Fantasy|Musical,Allegro non troppo,Animation Comedy Fantasy Musical,4.0,1.0
7305,Black Widow (1987),Crime|Drama|Mystery|Thriller,Black Widow,Crime Drama Mystery Thriller,2.5,2.0
7306,"Herod's Law (Ley de Herodes, La) (2000)",Comedy|Crime|Mystery,"Herod's Law (Ley de Herodes, La)",Comedy Crime Mystery,3.0,1.0
7307,Flesh & Blood (1985),Action|Adventure|Drama|War,Flesh & Blood,Action Adventure Drama War,3.0,2.0
7308,King Solomon's Mines (1985),Adventure|Comedy,King Solomon's Mines,Adventure Comedy,2.5,1.0
7310,Raw Deal (1986),Action,Raw Deal,Action,3.3333333333333335,3.0
7311,"Goodbye, Mr. Chips (1939)",Drama|Romance,"Goodbye, Mr. Chips",Drama Romance,3.6666666666666665,3.0
7312,"Follow Me, Boys! (1966)",Comedy|Drama,"Follow Me, Boys!",Comedy Drama,0.5,1.0
7315,Against the Ropes (2004),Comedy|Drama,Against the Ropes,Comedy Drama,2.0,2.0
7316,Confessions of a Teenage Drama Queen (2004),Comedy,Confessions of a Teenage Drama Queen,Comedy,2.375,4.0
7317,EuroTrip (2004),Adventure|Comedy,EuroTrip,Adventure Comedy,3.1333333333333333,15.0
7318,"Passion of the Christ, The (2004)",Drama,"Passion of the Christ, The",Drama,2.6153846153846154,13.0
7319,Club Dread (2004),Comedy|Horror,Club Dread,Comedy Horror,2.0833333333333335,6.0
7320,Dirty Dancing: Havana Nights (2004),Romance,Dirty Dancing: Havana Nights,Romance,3.4,5.0
7321,Twisted (2004),Thriller,Twisted,Thriller,2.75,2.0
7323,"Good bye, Lenin! (2003)",Comedy|Drama,"Good bye, Lenin!",Comedy Drama,3.8043478260869565,23.0
7324,Hidalgo (2004),Adventure|Drama,Hidalgo,Adventure Drama,3.3181818181818183,11.0
7325,Starsky & Hutch (2004),Action|Comedy|Crime|Thriller,Starsky & Hutch,Action Comedy Crime Thriller,3.2857142857142856,21.0
7326,"Reckoning, The (2004)",Crime|Drama,"Reckoning, The",Crime Drama,3.5,1.0
7327,Persona (1966),Drama,Persona,Drama,3.75,6.0
7328,"Passion of Anna, The (Passion, En) (1969)",Drama,"Passion of Anna, The (Passion, En)",Drama,3.5,1.0
7333,"Corbeau, Le (Raven, The) (1943)",Crime|Drama|Thriller,"Corbeau, Le (Raven, The)",Crime Drama Thriller,4.25,2.0
7335,Pickup on South Street (1953),Film-Noir,Pickup on South Street,Film-Noir,4.0,1.0
7336,"Damned, The (La Caduta degli dei) (1969)",Drama|War,"Damned, The (La Caduta degli dei)",Drama War,3.5,1.0
7340,Just One of the Guys (1985),Comedy,Just One of the Guys,Comedy,2.75,4.0
7344,"Wrong Arm of the Law, The (1963)",Comedy|Crime,"Wrong Arm of the Law, The",Comedy Crime,3.5,1.0
7345,Agent Cody Banks 2: Destination London (2004),Action|Adventure|Children|Comedy,Agent Cody Banks 2: Destination London,Action Adventure Children Comedy,4.0,1.0
7346,"Girl Next Door, The (2004)",Comedy|Romance,"Girl Next Door, The",Comedy Romance,3.125,20.0
7347,Secret Window (2004),Mystery|Thriller,Secret Window,Mystery Thriller,3.3,15.0
7348,Spartan (2004),Thriller,Spartan,Thriller,3.5,3.0
7349,Broken Wings (Knafayim Shvurot) (2002),Drama,Broken Wings (Knafayim Shvurot),Drama,3.0,1.0
7352,Wilbur Wants to Kill Himself (2002),Comedy|Drama|Romance,Wilbur Wants to Kill Himself,Comedy Drama Romance,4.0,2.0
7354,Mad Dog and Glory (1993),Comedy|Drama|Romance,Mad Dog and Glory,Comedy Drama Romance,3.3333333333333335,3.0
7357,Peyton Place (1957),Drama|Romance,Peyton Place,Drama Romance,3.5,1.0
7360,Dawn of the Dead (2004),Action|Drama|Horror|Thriller,Dawn of the Dead,Action Drama Horror Thriller,3.90625,16.0
7361,Eternal Sunshine of the Spotless Mind (2004),Drama|Romance|Sci-Fi,Eternal Sunshine of the Spotless Mind,Drama Romance Sci-Fi,4.1603053435114505,131.0
7362,Taking Lives (2004),Crime|Drama|Thriller,Taking Lives,Crime Drama Thriller,3.25,4.0
7364,Intermission (2003),Comedy|Crime|Drama,Intermission,Comedy Crime Drama,4.0,1.0
7366,Jersey Girl (2004),Comedy|Drama|Romance,Jersey Girl,Comedy Drama Romance,2.9375,8.0
7367,"Ladykillers, The (2004)",Comedy|Crime,"Ladykillers, The",Comedy Crime,2.5714285714285716,14.0
7368,Never Die Alone (2004),Crime|Drama|Thriller,Never Die Alone,Crime Drama Thriller,3.5,1.0
7369,Scooby-Doo 2: Monsters Unleashed (2004),Action|Adventure|Children|Comedy|Mystery,Scooby-Doo 2: Monsters Unleashed,Action Adventure Children Comedy Mystery,2.25,4.0
7371,Dogville (2003),Drama|Mystery|Thriller,Dogville,Drama Mystery Thriller,4.025,20.0
7372,Ned Kelly (2003),Drama,Ned Kelly,Drama,3.0,1.0
7373,Hellboy (2004),Action|Adventure|Fantasy|Horror,Hellboy,Action Adventure Fantasy Horror,3.3780487804878048,41.0
7375,"Prince & Me, The (2004)",Comedy|Romance,"Prince & Me, The",Comedy Romance,3.0714285714285716,7.0
7376,Walking Tall (2004),Action,Walking Tall,Action,3.0,6.0
7377,"United States of Leland, The (2003)",Crime|Drama,"United States of Leland, The",Crime Drama,3.5,1.0
7379,The Alamo (2004),Drama|War|Western,The Alamo,Drama War Western,3.5,6.0
7380,Ella Enchanted (2004),Comedy|Fantasy|Romance,Ella Enchanted,Comedy Fantasy Romance,3.357142857142857,7.0
7381,"Whole Ten Yards, The (2004)",Action|Comedy|Crime,"Whole Ten Yards, The",Action Comedy Crime,3.142857142857143,7.0
7382,I'm Not Scared (Io non ho paura) (2003),Drama|Mystery|Thriller,I'm Not Scared (Io non ho paura),Drama Mystery Thriller,4.25,2.0
7386,"Ten Commandments, The (1956)",Adventure|Drama,"Ten Commandments, The",Adventure Drama,3.75,4.0
7387,Dawn of the Dead (1978),Action|Drama|Horror,Dawn of the Dead,Action Drama Horror,3.975,20.0
7390,Prey for Rock & Roll (2003),Drama|Musical,Prey for Rock & Roll,Drama Musical,1.5,1.0
7394,Those Magnificent Men in Their Flying Machines (1965),Action|Adventure|Comedy,Those Magnificent Men in Their Flying Machines,Action Adventure Comedy,2.5,1.0
7395,Cheaper by the Dozen (1950),Comedy|Drama,Cheaper by the Dozen,Comedy Drama,2.75,2.0
7396,Scenes From a Marriage (Scener ur ett äktenskap) (1973),Drama,Scenes From a Marriage (Scener ur ett äktenskap),Drama,4.0,7.0
7411,Munchies (1987),Comedy|Horror,Munchies,Comedy Horror,1.5,1.0
7414,Going in Style (1979),Comedy|Drama,Going in Style,Comedy Drama,2.5,1.0
7419,After Hours (1985),Comedy|Thriller,After Hours,Comedy Thriller,3.7857142857142856,7.0
7438,Kill Bill: Vol. 2 (2004),Action|Drama|Thriller,Kill Bill: Vol. 2,Action Drama Thriller,3.868181818181818,110.0
7439,"Punisher, The (2004)",Action|Crime|Thriller,"Punisher, The",Action Crime Thriller,3.5,14.0
7440,Paper Clips (2004),Documentary,Paper Clips,Documentary,3.25,2.0
7443,This So-Called Disaster (2003),Documentary,This So-Called Disaster,Documentary,3.5,1.0
7444,13 Going on 30 (2004),Comedy|Fantasy|Romance,13 Going on 30,Comedy Fantasy Romance,3.1904761904761907,21.0
7445,Man on Fire (2004),Action|Crime|Drama|Mystery|Thriller,Man on Fire,Action Crime Drama Mystery Thriller,3.6285714285714286,35.0
7448,Envy (2004),Comedy,Envy,Comedy,2.75,4.0
7449,Godsend (2004),Drama|Horror|Thriller,Godsend,Drama Horror Thriller,2.5,2.0
7450,Laws of Attraction (2004),Comedy|Romance,Laws of Attraction,Comedy Romance,2.75,4.0
7451,Mean Girls (2004),Comedy,Mean Girls,Comedy,3.7564102564102564,39.0
7454,Van Helsing (2004),Action|Adventure|Fantasy|Horror,Van Helsing,Action Adventure Fantasy Horror,2.7083333333333335,24.0
7455,"Mudge Boy, The (2003)",Drama,"Mudge Boy, The",Drama,3.0,1.0
7457,Breakin' All the Rules (2004),Comedy|Romance,Breakin' All the Rules,Comedy Romance,3.5,1.0
7458,Troy (2004),Action|Adventure|Drama|War,Troy,Action Adventure Drama War,3.4270833333333335,48.0
7459,Carandiru (2003),Crime|Drama,Carandiru,Crime Drama,4.5,1.0
7460,Coffee and Cigarettes (2003),Comedy|Drama,Coffee and Cigarettes,Comedy Drama,3.5833333333333335,6.0
7477,Eye See You (D-Tox) (2002),Horror|Thriller,Eye See You (D-Tox),Horror Thriller,2.5,1.0
7479,Watch on the Rhine (1943),Drama,Watch on the Rhine,Drama,4.0,1.0
7481,Enemy Mine (1985),Adventure|Drama|Sci-Fi,Enemy Mine,Adventure Drama Sci-Fi,4.0,4.0
7482,Enter the Dragon (1973),Action|Crime,Enter the Dragon,Action Crime,4.038461538461538,13.0
7486,Happy Together (a.k.a. Buenos Aires Affair) (Chun gwong cha sit) (1997),Drama|Romance,Happy Together (a.k.a. Buenos Aires Affair) (Chun gwong cha sit),Drama Romance,4.75,2.0
7487,Henry & June (1990),Drama,Henry & June,Drama,4.0,1.0
7492,Martin (1977),Drama|Horror,Martin,Drama Horror,4.0,1.0
7493,"Three Faces of Eve, The (1957)",Drama,"Three Faces of Eve, The",Drama,4.0,2.0
7541,100 Girls (2000),Comedy|Romance,100 Girls,Comedy Romance,3.25,4.0
7560,Fail-Safe (1964),Drama|Thriller|War,Fail-Safe,Drama Thriller War,4.0,1.0
7561,Paperhouse (1988),Fantasy|Horror|Thriller,Paperhouse,Fantasy Horror Thriller,3.5,1.0
7562,Dobermann (1997),Action|Crime,Dobermann,Action Crime,2.5,1.0
7564,Kwaidan (Kaidan) (1964),Horror,Kwaidan (Kaidan),Horror,2.5,2.0
7566,28 Up (1985),Documentary,28 Up,Documentary,4.0,3.0
7569,You Only Live Twice (1967),Action|Adventure|Sci-Fi|Thriller,You Only Live Twice,Action Adventure Sci-Fi Thriller,3.8333333333333335,12.0
7570,Octopussy (1983),Action|Adventure|Thriller,Octopussy,Action Adventure Thriller,3.3125,8.0
7572,Wit (2001),Drama,Wit,Drama,4.5,1.0
7573,Never Say Never Again (1983),Action|Adventure|Thriller,Never Say Never Again,Action Adventure Thriller,3.125,8.0
7579,Pride and Prejudice (1940),Comedy|Drama|Romance,Pride and Prejudice,Comedy Drama Romance,3.6666666666666665,3.0
7581,"Fountainhead, The (1949)",Drama,"Fountainhead, The",Drama,3.25,2.0
7584,Woman of the Year (1942),Comedy|Romance,Woman of the Year,Comedy Romance,4.0,2.0
7587,"Samouraï, Le (Godson, The) (1967)",Crime|Drama|Thriller,"Samouraï, Le (Godson, The)",Crime Drama Thriller,4.0,4.0
7614,Oklahoma! (1955),Musical|Romance|Western,Oklahoma!,Musical Romance Western,4.5,2.0
7615,Desert Hearts (1985),Drama,Desert Hearts,Drama,4.5,1.0
7616,Body Double (1984),Mystery|Thriller,Body Double,Mystery Thriller,2.5,1.0
7618,Chaplin (1992),Drama,Chaplin,Drama,3.5,2.0
7619,"Miracle Worker, The (1962)",Drama,"Miracle Worker, The",Drama,3.6666666666666665,3.0
7620,Monster in a Box (1992),Comedy|Drama,Monster in a Box,Comedy Drama,4.0,1.0
7624,School Ties (1992),Drama,School Ties,Drama,2.75,6.0
7636,Raising Cain (1992),Horror|Thriller,Raising Cain,Horror Thriller,0.5,1.0
7646,Rose Red (2002),Horror|Mystery|Thriller,Rose Red,Horror Mystery Thriller,3.0,2.0
7647,Noises Off... (1992),Comedy,Noises Off...,Comedy,3.75,2.0
7649,Babylon 5: In the Beginning (1998),Adventure|Sci-Fi,Babylon 5: In the Beginning,Adventure Sci-Fi,2.8,5.0
7650,"Witchfinder General (Conquerer Worm, The) (1968)",Horror,"Witchfinder General (Conquerer Worm, The)",Horror,2.0,3.0
7657,Versus (2000),Action|Comedy|Fantasy|Horror,Versus,Action Comedy Fantasy Horror,3.75,2.0
7669,Pride and Prejudice (1995),Drama|Romance,Pride and Prejudice,Drama Romance,3.5555555555555554,9.0
7698,"China Syndrome, The (1979)",Drama|Thriller,"China Syndrome, The",Drama Thriller,3.7,5.0
7700,"Wages of Fear, The (Salaire de la peur, Le) (1953)",Action|Adventure|Drama|Thriller,"Wages of Fear, The (Salaire de la peur, Le)",Action Adventure Drama Thriller,3.3,5.0
7701,Look Who's Talking Too (1990),Comedy|Romance,Look Who's Talking Too,Comedy Romance,1.7857142857142858,7.0
7702,"Bells of St. Mary's, The (1945)",Drama,"Bells of St. Mary's, The",Drama,3.5,1.0
7704,"Delta Force, The (1986)",Action,"Delta Force, The",Action,2.0,1.0
7705,Pat and Mike (1952),Comedy|Romance,Pat and Mike,Comedy Romance,4.0,2.0
7706,Animal Crackers (1930),Comedy|Musical,Animal Crackers,Comedy Musical,4.125,4.0
7707,"He Said, She Said (1991)",Comedy|Drama|Romance,"He Said, She Said",Comedy Drama Romance,2.0,1.0
7708,Bedazzled (1967),Comedy|Fantasy,Bedazzled,Comedy Fantasy,2.0,1.0
7713,Cat People (1942),Drama|Horror|Romance|Thriller,Cat People,Drama Horror Romance Thriller,4.0,1.0
7714,Camelot (1967),Drama|Musical|Romance,Camelot,Drama Musical Romance,4.0,1.0
7716,"Lonely Guy, The (1984)",Comedy,"Lonely Guy, The",Comedy,3.5,1.0
7720,"Four Musketeers, The (1974)",Action|Adventure|Comedy|Romance,"Four Musketeers, The",Action Adventure Comedy Romance,2.75,4.0
7727,Protocol (1984),Comedy,Protocol,Comedy,3.0,1.0
7728,"Postman Always Rings Twice, The (1946)",Crime|Drama|Film-Noir|Thriller,"Postman Always Rings Twice, The",Crime Drama Film-Noir Thriller,3.6666666666666665,3.0
7730,Matinee (1993),Comedy|Drama,Matinee,Comedy Drama,3.0,1.0
7742,Baxter (1989),Drama|Horror,Baxter,Drama Horror,0.5,1.0
7743,Explorers (1985),Adventure|Children|Sci-Fi,Explorers,Adventure Children Sci-Fi,3.5,2.0
7745,"Scent of Green Papaya, The (Mùi du du xhan - L'odeur de la papaye verte) (1993)",Drama,"Scent of Green Papaya, The (Mùi du du xhan - L'odeur de la papaye verte)",Drama,4.0,1.0
7748,Pierrot le fou (1965),Crime|Drama,Pierrot le fou,Crime Drama,3.875,4.0
7749,Weekend (a.k.a. Le Week-end) (Week End) (1967),Drama,Weekend (a.k.a. Le Week-end) (Week End),Drama,4.0,1.0
7753,Tuesdays with Morrie (1999),Drama,Tuesdays with Morrie,Drama,3.5,2.0
7756,Alexander Nevsky (Aleksandr Nevskiy) (1938),Action|Drama|War,Alexander Nevsky (Aleksandr Nevskiy),Action Drama War,4.0,2.0
7757,Jason and the Argonauts (1963),Action|Adventure|Fantasy,Jason and the Argonauts,Action Adventure Fantasy,3.5,6.0
7762,"Tinker, Tailor, Soldier, Spy (1979)",Drama|Thriller,"Tinker, Tailor, Soldier, Spy",Drama Thriller,3.625,4.0
7766,Throne of Blood (Kumonosu jô) (1957),Action|Drama|Thriller|War,Throne of Blood (Kumonosu jô),Action Drama Thriller War,4.0,4.0
7767,"Best of Youth, The (La meglio gioventù) (2003)",Drama,"Best of Youth, The (La meglio gioventù)",Drama,4.75,2.0
7772,Undercurrent (1946),Film-Noir|Thriller,Undercurrent,Film-Noir Thriller,3.5,1.0
7773,"Bang, Bang, You're Dead (2002)",Drama,"Bang, Bang, You're Dead",Drama,4.0,2.0
7781,Twister (1990),Comedy,Twister,Comedy,1.5,1.0
7782,Sniper (1993),Action|Drama,Sniper,Action Drama,3.0,2.0
7786,Genghis Blues (1999),Documentary,Genghis Blues,Documentary,3.5,1.0
7789,"11'09""01 - September 11 (2002)",Drama,"11'09""01 - September 11",Drama,4.0,2.0
7792,"Parallax View, The (1974)",Thriller,"Parallax View, The",Thriller,0.0,0.0
7802,"Warriors, The (1979)",Action|Adventure|Crime|Thriller,"Warriors, The",Action Adventure Crime Thriller,3.9375,8.0
7810,Babylon 5: A Call to Arms (1999),Adventure|Sci-Fi,Babylon 5: A Call to Arms,Adventure Sci-Fi,3.3333333333333335,3.0
7811,Babylon 5: The River of Souls (1998),Drama|Sci-Fi,Babylon 5: The River of Souls,Drama Sci-Fi,4.0,1.0
7812,Babylon 5: Thirdspace (1998),Drama|Sci-Fi,Babylon 5: Thirdspace,Drama Sci-Fi,3.6666666666666665,3.0
7815,True Stories (1986),Comedy|Musical,True Stories,Comedy Musical,5.0,1.0
7820,"Virgin Spring, The (Jungfrukällan) (1960)",Crime|Drama,"Virgin Spring, The (Jungfrukällan)",Crime Drama,3.75,2.0
7822,Mogambo (1953),Adventure|Drama|Romance,Mogambo,Adventure Drama Romance,3.0,1.0
7826,"Secret Life of Walter Mitty, The (1947)",Comedy|Romance|Thriller,"Secret Life of Walter Mitty, The",Comedy Romance Thriller,3.5,1.0
7831,Another Thin Man (1939),Comedy|Crime|Drama|Mystery|Romance,Another Thin Man,Comedy Crime Drama Mystery Romance,3.5,1.0
7832,"Thin Man Goes Home, The (1945)",Comedy|Crime|Mystery,"Thin Man Goes Home, The",Comedy Crime Mystery,3.5,1.0
7833,Shadow of the Thin Man (1941),Comedy|Crime|Mystery,Shadow of the Thin Man,Comedy Crime Mystery,3.5,1.0
7834,After the Thin Man (1936),Comedy|Crime|Mystery|Romance,After the Thin Man,Comedy Crime Mystery Romance,2.8333333333333335,3.0
7835,Song of the Thin Man (1947),Comedy|Crime|Drama|Musical|Mystery|Romance,Song of the Thin Man,Comedy Crime Drama Musical Mystery Romance,3.5,1.0
7839,Love Crazy (1941),Comedy,Love Crazy,Comedy,3.5,1.0
7840,Gunga Din (1939),Adventure|Comedy|War,Gunga Din,Adventure Comedy War,3.1666666666666665,3.0
7841,Children of Dune (2003),Fantasy|Sci-Fi,Children of Dune,Fantasy Sci-Fi,3.75,2.0
7842,Dune (2000),Drama|Fantasy|Sci-Fi,Dune,Drama Fantasy Sci-Fi,4.375,4.0
7843,Lammbock (2001),Comedy,Lammbock,Comedy,4.5,1.0
7844,"Legend, The (Legend of Fong Sai-Yuk, The) (Fong Sai Yuk) (1993)",Action|Comedy,"Legend, The (Legend of Fong Sai-Yuk, The) (Fong Sai Yuk)",Action Comedy,3.5,2.0
7845,Tremors II: Aftershocks (1996),Comedy|Horror|Sci-Fi,Tremors II: Aftershocks,Comedy Horror Sci-Fi,2.7,5.0
7846,Tremors 3: Back to Perfection (2001),Comedy|Horror|Sci-Fi,Tremors 3: Back to Perfection,Comedy Horror Sci-Fi,3.0,3.0
7879,Notorious C.H.O. (2002),Comedy,Notorious C.H.O.,Comedy,3.5,1.0
7882,The Plague of the Zombies (1966),Horror,The Plague of the Zombies,Horror,3.0,1.0
7883,I Walked with a Zombie (1943),Drama|Horror,I Walked with a Zombie,Drama Horror,2.0,2.0
7884,Highway 61 (1991),Comedy,Highway 61,Comedy,3.25,2.0
7888,How to Succeed in Business Without Really Trying (1967),Comedy|Musical,How to Succeed in Business Without Really Trying,Comedy Musical,4.25,2.0
7889,Pat Garrett and Billy the Kid (1973),Western,Pat Garrett and Billy the Kid,Western,3.75,2.0
7891,"Last Man on Earth, The (Ultimo uomo della Terra, L') (1964)",Drama|Horror|Sci-Fi,"Last Man on Earth, The (Ultimo uomo della Terra, L')",Drama Horror Sci-Fi,3.0,1.0
7894,"Duck, You Sucker (1971)",Action|Western,"Duck, You Sucker",Action Western,3.5,4.0
7895,Bring Me the Head of Alfredo Garcia (1974),Crime|Drama|Thriller,Bring Me the Head of Alfredo Garcia,Crime Drama Thriller,3.5,2.0
7896,Ride the High Country (1962),Adventure|Drama|Western,Ride the High Country,Adventure Drama Western,3.5,1.0
7899,Master of the Flying Guillotine (Du bi quan wang da po xue di zi) (1975),Action,Master of the Flying Guillotine (Du bi quan wang da po xue di zi),Action,4.5,1.0
7900,Frankenstein Must Be Destroyed (1969),Drama|Horror|Sci-Fi,Frankenstein Must Be Destroyed,Drama Horror Sci-Fi,3.0,1.0
7916,Gidget (1959),Comedy,Gidget,Comedy,3.5,1.0
7920,Desperate Living (1977),Comedy|Crime,Desperate Living,Comedy Crime,3.5,1.0
7924,Stray Dog (Nora inu) (1949),Drama|Film-Noir|Thriller,Stray Dog (Nora inu),Drama Film-Noir Thriller,3.5,1.0
7925,"Hidden Fortress, The (Kakushi-toride no san-akunin) (1958)",Action|Adventure,"Hidden Fortress, The (Kakushi-toride no san-akunin)",Action Adventure,4.25,2.0
7926,High and Low (Tengoku to jigoku) (1963),Crime|Drama|Film-Noir|Thriller,High and Low (Tengoku to jigoku),Crime Drama Film-Noir Thriller,4.0,1.0
7930,"People Under the Stairs, The (1991)",Horror|Mystery|Thriller,"People Under the Stairs, The",Horror Mystery Thriller,3.75,2.0
7932,Dark Days (2000),Documentary,Dark Days,Documentary,3.6666666666666665,3.0
7934,Zelig (1983),Comedy,Zelig,Comedy,4.0,7.0
7936,Shame (Skammen) (1968),Drama|War,Shame (Skammen),Drama War,4.0,1.0
7937,"Silence, The (Tystnaden) (1963)",Drama,"Silence, The (Tystnaden)",Drama,3.5,2.0
7938,Winter Light (Nattvardsgästerna) (1963),Drama,Winter Light (Nattvardsgästerna),Drama,3.5,1.0
7939,Through a Glass Darkly (Såsom i en spegel) (1961),Drama,Through a Glass Darkly (Såsom i en spegel),Drama,4.5,1.0
7940,The Magician (1958),Drama,The Magician,Drama,4.5,1.0
7943,"Killers, The (1946)",Crime|Film-Noir,"Killers, The",Crime Film-Noir,4.0,1.0
7944,"Night of the Iguana, The (1964)",Drama|Thriller,"Night of the Iguana, The",Drama Thriller,3.0,1.0
7951,Nightbreed (1990),Fantasy|Horror,Nightbreed,Fantasy Horror,2.0,1.0
7976,Ken Park (2002),Drama,Ken Park,Drama,4.5,1.0
7979,Monterey Pop (1968),Documentary|Musical,Monterey Pop,Documentary Musical,3.5,1.0
7980,"Bridge Too Far, A (1977)",Action|Drama|War,"Bridge Too Far, A",Action Drama War,3.7857142857142856,7.0
7981,Infernal Affairs (Mou gaan dou) (2002),Crime|Drama|Thriller,Infernal Affairs (Mou gaan dou),Crime Drama Thriller,4.333333333333333,9.0
7982,"Tale of Two Sisters, A (Janghwa, Hongryeon) (2003)",Drama|Horror|Mystery|Thriller,"Tale of Two Sisters, A (Janghwa, Hongryeon)",Drama Horror Mystery Thriller,3.25,4.0
7983,Broadway Danny Rose (1984),Comedy,Broadway Danny Rose,Comedy,4.2,5.0
7984,From Beyond (1986),Horror|Sci-Fi,From Beyond,Horror Sci-Fi,4.0,1.0
7986,Robot Jox (1990),Sci-Fi,Robot Jox,Sci-Fi,1.0,1.0
7987,Dolls (1987),Horror,Dolls,Horror,2.5,1.0
7988,Space Truckers (1996),Comedy|Sci-Fi,Space Truckers,Comedy Sci-Fi,2.0,1.0
7991,Death Race 2000 (1975),Action|Sci-Fi,Death Race 2000,Action Sci-Fi,3.6666666666666665,3.0
7993,"Bucket Of Blood, A (1959)",Comedy|Horror,"Bucket Of Blood, A",Comedy Horror,2.5,1.0
8008,Brigadoon (1954),Fantasy|Musical|Romance,Brigadoon,Fantasy Musical Romance,4.0,3.0
8010,"Power of One, The (1992)",Drama,"Power of One, The",Drama,4.0,1.0
8011,"Weather Underground, The (2002)",Documentary,"Weather Underground, The",Documentary,4.0,4.0
8012,Kikujiro (Kikujirô no natsu) (1999),Comedy|Drama,Kikujiro (Kikujirô no natsu),Comedy Drama,3.6666666666666665,3.0
8014,"Spring, Summer, Fall, Winter... and Spring (Bom yeoreum gaeul gyeoul geurigo bom) (2003)",Drama,"Spring, Summer, Fall, Winter... and Spring (Bom yeoreum gaeul gyeoul geurigo bom)",Drama,4.25,10.0
8015,"Phantom Tollbooth, The (1970)",Adventure|Animation|Children|Fantasy,"Phantom Tollbooth, The",Adventure Animation Children Fantasy,3.5,1.0
8016,"Getaway, The (1972)",Action|Crime|Drama|Thriller,"Getaway, The",Action Crime Drama Thriller,4.0,2.0
8019,Dark Water (Honogurai mizu no soko kara) (2002),Drama|Horror|Mystery|Thriller,Dark Water (Honogurai mizu no soko kara),Drama Horror Mystery Thriller,4.0,1.0
8024,"Thing Called Love, The (1993)",Comedy|Drama|Romance,"Thing Called Love, The",Comedy Drama Romance,3.5,2.0
8025,The Thief (1997),Drama,The Thief,Drama,4.5,1.0
8033,How to Steal a Million (1966),Comedy|Crime|Romance,How to Steal a Million,Comedy Crime Romance,3.6666666666666665,3.0
8035,"Stendhal Syndrome, The (Sindrome di Stendhal, La) (1996)",Crime|Horror|Thriller,"Stendhal Syndrome, The (Sindrome di Stendhal, La)",Crime Horror Thriller,2.0,2.0
8042,Mean Streets (1973),Crime|Drama,Mean Streets,Crime Drama,4.0,7.0
8043,Jack the Bear (1993),Comedy|Drama,Jack the Bear,Comedy Drama,1.5,1.0
8044,I Am a Fugitive from a Chain Gang (1932),Crime|Drama|Film-Noir,I Am a Fugitive from a Chain Gang,Crime Drama Film-Noir,3.6666666666666665,3.0
8045,Hamburger Hill (1987),Action|Drama|War,Hamburger Hill,Action Drama War,2.0,1.0
8057,Sweet Bird of Youth (1962),Drama,Sweet Bird of Youth,Drama,3.0,1.0
8092,Frankenstein Unbound (1990),Drama|Horror|Sci-Fi,Frankenstein Unbound,Drama Horror Sci-Fi,3.0,1.0
8093,Shiri (Swiri) (1999),Action|Drama|Romance|Thriller,Shiri (Swiri),Action Drama Romance Thriller,3.5,1.0
8094,Bad Day at Black Rock (1955),Drama|Thriller|Western,Bad Day at Black Rock,Drama Thriller Western,3.5,1.0
8117,In China They Eat Dogs (I Kina spiser de hunde) (1999),Action|Comedy,In China They Eat Dogs (I Kina spiser de hunde),Action Comedy,4.0,1.0
8118,Delta Force 2 (Delta Force 2: The Colombian Connection) (1990),Action|Adventure|Thriller|War,Delta Force 2 (Delta Force 2: The Colombian Connection),Action Adventure Thriller War,4.0,1.0
8119,Crossroads (1986),Drama,Crossroads,Drama,3.0,3.0
8121,"Seducing Doctor Lewis (Grande séduction, La) (2003)",Comedy,"Seducing Doctor Lewis (Grande séduction, La)",Comedy,2.0,2.0
8125,Sunrise: A Song of Two Humans (1927),Drama|Romance,Sunrise: A Song of Two Humans,Drama Romance,4.0,1.0
8126,Shock Corridor (1963),Drama,Shock Corridor,Drama,3.5,1.0
8128,Au revoir les enfants (1987),Drama,Au revoir les enfants,Drama,4.1,5.0
8131,Pursuit of Happiness (2001),Comedy|Romance,Pursuit of Happiness,Comedy Romance,3.5,1.0
8132,Gladiator (1992),Action|Drama,Gladiator,Action Drama,4.333333333333333,9.0
8136,Indestructible Man (1956),Crime|Horror|Sci-Fi,Indestructible Man,Crime Horror Sci-Fi,0.5,1.0
8137,"Wasp Woman, The (1959)",Horror|Sci-Fi,"Wasp Woman, The",Horror Sci-Fi,0.5,1.0
8138,Attack of the Giant Leeches (1959),Horror|Sci-Fi,Attack of the Giant Leeches,Horror Sci-Fi,2.25,2.0
8142,Dead or Alive: Hanzaisha (1999),Action|Crime,Dead or Alive: Hanzaisha,Action Crime,4.25,2.0
8143,Lola Montès (1955),Drama,Lola Montès,Drama,3.5,1.0
8147,Charly (1968),Drama|Sci-Fi,Charly,Drama Sci-Fi,4.0,1.0
8153,Lust for Life (1956),Drama,Lust for Life,Drama,2.5,1.0
8154,"Dolce Vita, La (1960)",Drama,"Dolce Vita, La",Drama,3.75,6.0
8157,Jin Roh: The Wolf Brigade (Jin-Rô) (1998),Animation|Fantasy|Thriller,Jin Roh: The Wolf Brigade (Jin-Rô),Animation Fantasy Thriller,3.5,5.0
8158,Rush (1991),Crime|Drama,Rush,Crime Drama,4.0,1.0
8167,Captain Blood (1935),Action|Adventure|Romance,Captain Blood,Action Adventure Romance,4.0,2.0
8169,*batteries not included (1987),Children|Comedy|Fantasy|Sci-Fi,*batteries not included,Children Comedy Fantasy Sci-Fi,3.2857142857142856,7.0
8183,Educating Rita (1983),Comedy|Drama,Educating Rita,Comedy Drama,3.1666666666666665,3.0
8188,Sansho the Bailiff (Sanshô dayû) (1954),Drama,Sansho the Bailiff (Sanshô dayû),Drama,3.5,1.0
8189,Zazie dans le métro (1960),Comedy,Zazie dans le métro,Comedy,3.0,1.0
8190,"Americanization of Emily, The (1964)",Comedy|Drama|War,"Americanization of Emily, The",Comedy Drama War,4.0,1.0
8191,Anne of the Thousand Days (1969),Drama,Anne of the Thousand Days,Drama,4.0,1.0
8195,"Avventura, L' (Adventure, The) (1960)",Drama|Mystery|Romance,"Avventura, L' (Adventure, The)",Drama Mystery Romance,4.0,2.0
8196,Beyond the Valley of the Dolls (1970),Comedy|Horror,Beyond the Valley of the Dolls,Comedy Horror,3.5,1.0
8197,Hiroshima Mon Amour (1959),Drama|Romance|War,Hiroshima Mon Amour,Drama Romance War,4.0,1.0
8199,Ugetsu (Ugetsu monogatari) (1953),Drama|Thriller,Ugetsu (Ugetsu monogatari),Drama Thriller,2.5,2.0
8207,"Day of the Jackal, The (1973)",Crime|Thriller,"Day of the Jackal, The",Crime Thriller,4.083333333333333,6.0
8225,Night of the Living Dead (1990),Horror,Night of the Living Dead,Horror,4.0,1.0
8228,"Maltese Falcon, The (a.k.a. Dangerous Female) (1931)",Mystery,"Maltese Falcon, The (a.k.a. Dangerous Female)",Mystery,3.6176470588235294,17.0
8232,I Love You Again (1940),Comedy|Drama,I Love You Again,Comedy Drama,3.5,1.0
8235,Safety Last! (1923),Action|Comedy|Romance,Safety Last!,Action Comedy Romance,4.0,2.0
8236,While the City Sleeps (1956),Drama|Film-Noir,While the City Sleeps,Drama Film-Noir,0.5,1.0
8238,Little Murders (1971),Comedy|Crime,Little Murders,Comedy Crime,5.0,1.0
8239,Viridiana (1961),Comedy|Drama,Viridiana,Comedy Drama,4.0,1.0
8241,Masterminds (1997),Action|Comedy|Thriller,Masterminds,Action Comedy Thriller,4.0,1.0
8253,Lupin III: The Castle Of Cagliostro (Rupan sansei: Kariosutoro no shiro) (1979),Action|Adventure|Animation|Comedy|Crime|Mystery,Lupin III: The Castle Of Cagliostro (Rupan sansei: Kariosutoro no shiro),Action Adventure Animation Comedy Crime Mystery,3.4,5.0
8254,Arizona Dream (1993),Comedy|Drama|Fantasy|Romance,Arizona Dream,Comedy Drama Fantasy Romance,4.25,6.0
8261,3 Women (Three Women) (1977),Drama,3 Women (Three Women),Drama,4.166666666666667,3.0
8264,Grey Gardens (1975),Documentary,Grey Gardens,Documentary,3.5,1.0
8266,Purple Rain (1984),Drama|Musical,Purple Rain,Drama Musical,2.7,5.0
8268,Point of No Return (1993),Action|Thriller,Point of No Return,Action Thriller,4.25,2.0
8270,"Hairdresser's Husband, The (Le mari de la coiffeuse) (1990)",Comedy|Drama|Romance,"Hairdresser's Husband, The (Le mari de la coiffeuse)",Comedy Drama Romance,3.75,2.0
8275,College (1927),Comedy,College,Comedy,3.5,1.0
8290,Mitchell (1975),Action|Crime,Mitchell,Action Crime,0.75,2.0
8293,Used People (1992),Comedy|Drama,Used People,Comedy Drama,3.5,1.0
8302,"Front Page, The (1931)",Comedy|Drama|Romance,"Front Page, The",Comedy Drama Romance,3.5,1.0
8327,Dolls (2002),Drama|Romance,Dolls,Drama Romance,4.25,2.0
8331,"Man Who Came to Dinner, The (1942)",Comedy,"Man Who Came to Dinner, The",Comedy,4.0,1.0
8335,Make Way for Tomorrow (1937),Drama,Make Way for Tomorrow,Drama,3.5,1.0
8336,"Major and the Minor, The (1942)",Comedy|Romance,"Major and the Minor, The",Comedy Romance,3.5,1.0
8337,"Caine Mutiny, The (1954)",Drama|War,"Caine Mutiny, The",Drama War,4.0,2.0
8338,Black Narcissus (1947),Drama,Black Narcissus,Drama,4.0,1.0
8340,Escape from Alcatraz (1979),Drama|Thriller,Escape from Alcatraz,Drama Thriller,3.7857142857142856,7.0
8341,Oliver Twist (1948),Adventure|Crime|Drama,Oliver Twist,Adventure Crime Drama,3.8333333333333335,3.0
8360,Shrek 2 (2004),Adventure|Animation|Children|Comedy|Musical|Romance,Shrek 2,Adventure Animation Children Comedy Musical Romance,3.5760869565217392,92.0
8361,"Day After Tomorrow, The (2004)",Action|Adventure|Drama|Sci-Fi|Thriller,"Day After Tomorrow, The",Action Adventure Drama Sci-Fi Thriller,3.05,50.0
8362,Raising Helen (2004),Comedy|Drama|Romance,Raising Helen,Comedy Drama Romance,2.75,4.0
8363,Soul Plane (2004),Comedy,Soul Plane,Comedy,3.75,2.0
8364,Baadasssss! (How to Get the Man's Foot Outta Your Ass) (2003),Drama,Baadasssss! (How to Get the Man's Foot Outta Your Ass),Drama,3.375,4.0
8366,Saved! (2004),Comedy|Drama,Saved!,Comedy Drama,3.892857142857143,14.0
8368,Harry Potter and the Prisoner of Azkaban (2004),Adventure|Fantasy|IMAX,Harry Potter and the Prisoner of Azkaban,Adventure Fantasy IMAX,3.913978494623656,93.0
8369,Mindhunters (2004),Action|Crime|Horror|Mystery|Thriller,Mindhunters,Action Crime Horror Mystery Thriller,2.6666666666666665,3.0
8370,"Blind Swordsman: Zatoichi, The (Zatôichi) (2003)",Action|Comedy|Crime|Drama,"Blind Swordsman: Zatoichi, The (Zatôichi)",Action Comedy Crime Drama,3.9583333333333335,12.0
8371,"Chronicles of Riddick, The (2004)",Action|Sci-Fi|Thriller,"Chronicles of Riddick, The",Action Sci-Fi Thriller,3.3043478260869565,23.0
8372,Garfield: The Movie (2004),Animation|Children|Comedy,Garfield: The Movie,Animation Children Comedy,2.3,5.0
8373,"Stepford Wives, The (2004)",Comedy|Fantasy|Thriller,"Stepford Wives, The",Comedy Fantasy Thriller,2.25,12.0
8375,"Hunting of the President, The (2004)",Documentary,"Hunting of the President, The",Documentary,2.5,1.0
8376,Napoleon Dynamite (2004),Comedy,Napoleon Dynamite,Comedy,3.324324324324324,37.0
8378,"Doctor, The (1991)",Drama,"Doctor, The",Drama,4.0,1.0
8379,"Dresser, The (1983)",Drama,"Dresser, The",Drama,3.0,1.0
8380,Father Hood (1993),Comedy,Father Hood,Comedy,2.5,1.0
8382,Hello Again (1987),Comedy,Hello Again,Comedy,2.5,1.0
8383,Hope Springs (2003),Comedy|Romance,Hope Springs,Comedy Romance,1.0,1.0
8385,Lover Come Back (1961),Comedy|Romance,Lover Come Back,Comedy Romance,3.0,1.0
8387,Police Academy: Mission to Moscow (1994),Comedy|Crime,Police Academy: Mission to Moscow,Comedy Crime,0.8,5.0
8391,Big Wednesday (1978),Comedy|Drama,Big Wednesday,Comedy Drama,3.0,1.0
8402,Book of Love (1990),Comedy|Romance,Book of Love,Comedy Romance,2.0,1.0
8405,Hour of the Wolf (Vargtimmen) (1968),Drama|Horror,Hour of the Wolf (Vargtimmen),Drama Horror,4.5,2.0
8410,Suddenly (1954),Crime|Drama|Film-Noir,Suddenly,Crime Drama Film-Noir,3.5,1.0
8424,"Divorcee, The (1930)",Drama|Romance,"Divorcee, The",Drama Romance,4.0,1.0
8425,Meet the Applegates (1991),Comedy,Meet the Applegates,Comedy,2.0,1.0
8426,Robot Carnival (Roboto kânibauru) (1987),Animation|Comedy|Drama|Fantasy|Sci-Fi,Robot Carnival (Roboto kânibauru),Animation Comedy Drama Fantasy Sci-Fi,4.0,1.0
8427,Americathon (1979),Comedy|Sci-Fi,Americathon,Comedy Sci-Fi,1.5,1.0
8446,Sands of Iwo Jima (1949),Action|Drama|Romance|War,Sands of Iwo Jima,Action Drama Romance War,2.5,1.0
8447,This Island Earth (1955),Sci-Fi,This Island Earth,Sci-Fi,1.0,1.0
8450,Anthony Adverse (1936),Adventure|Romance,Anthony Adverse,Adventure Romance,3.0,1.0
8451,Blackboard Jungle (1955),Drama,Blackboard Jungle,Drama,3.25,2.0
8454,Luna Papa (1999),Comedy|Drama|Fantasy,Luna Papa,Comedy Drama Fantasy,3.5,1.0
8456,Investigation of a Citizen Above Suspicion (Indagine su un cittadino al di sopra di ogni sospetto) (1970),Crime|Drama|Thriller,Investigation of a Citizen Above Suspicion (Indagine su un cittadino al di sopra di ogni sospetto),Crime Drama Thriller,4.0,1.0
8458,To Each His Own (1946),Drama,To Each His Own,Drama,3.5,1.0
8459,"Heiress, The (1949)",Drama|Romance,"Heiress, The",Drama Romance,3.5,1.0
8461,Dragon Seed (1944),Drama|War,Dragon Seed,Drama War,3.5,1.0
8462,Executive Suite (1954),Drama,Executive Suite,Drama,3.0,1.0
8463,Johnny Belinda (1948),Drama,Johnny Belinda,Drama,4.0,1.0
8464,Super Size Me (2004),Comedy|Documentary|Drama,Super Size Me,Comedy Documentary Drama,3.51,50.0
8465,Johnny Eager (1942),Crime|Drama|Film-Noir|Romance,Johnny Eager,Crime Drama Film-Noir Romance,3.5,1.0
8477,"Jetée, La (1962)",Romance|Sci-Fi,"Jetée, La",Romance Sci-Fi,4.5,2.0
8481,Northwest Passage (1940),Action|Adventure|Drama|Romance|Thriller|Western,Northwest Passage,Action Adventure Drama Romance Thriller Western,3.0,1.0
8482,"Picture of Dorian Gray, The (1945)",Drama|Fantasy|Horror,"Picture of Dorian Gray, The",Drama Fantasy Horror,2.0,2.0
8484,"Human Condition I, The (Ningen no joken I) (1959)",Drama|War,"Human Condition I, The (Ningen no joken I)",Drama War,4.5,1.0
8487,Please Don't Eat the Daisies (1960),Children|Comedy|Musical,Please Don't Eat the Daisies,Children Comedy Musical,3.5,2.0
8491,White Heat (1949),Crime|Drama|Film-Noir,White Heat,Crime Drama Film-Noir,3.6666666666666665,3.0
8492,"Christmas Carol, A (Scrooge) (1951)",Drama|Fantasy,"Christmas Carol, A (Scrooge)",Drama Fantasy,3.25,2.0
8493,Memphis Belle (1990),Action|Drama|War,Memphis Belle,Action Drama War,3.0833333333333335,6.0
8494,"Cincinnati Kid, The (1965)",Drama,"Cincinnati Kid, The",Drama,0.5,1.0
8495,Animal Factory (2000),Crime|Drama,Animal Factory,Crime Drama,2.5,1.0
8500,Godzilla vs. Mechagodzilla (Gojira tai Mekagojira) (1974),Action|Horror|Sci-Fi,Godzilla vs. Mechagodzilla (Gojira tai Mekagojira),Action Horror Sci-Fi,2.5,1.0
8501,"Hitcher, The (1986)",Action|Thriller,"Hitcher, The",Action Thriller,3.625,4.0
8502,Show Boat (1951),Drama|Musical|Romance,Show Boat,Drama Musical Romance,3.0,1.0
8506,Fear X (2003),Mystery|Thriller,Fear X,Mystery Thriller,2.25,2.0
8507,Freaks (1932),Crime|Drama|Horror,Freaks,Crime Drama Horror,3.1666666666666665,9.0
8511,"Immigrant, The (1917)",Comedy,"Immigrant, The",Comedy,4.5,1.0
8512,Silent Movie (1976),Comedy,Silent Movie,Comedy,3.5,1.0
8518,Anna Christie (1930),Drama,Anna Christie,Drama,3.5,1.0
8521,Dr. Jekyll and Mr. Hyde (1931),Drama|Horror,Dr. Jekyll and Mr. Hyde,Drama Horror,2.0,2.0
8526,Around the World in 80 Days (2004),Adventure|Children|Comedy,Around the World in 80 Days,Adventure Children Comedy,2.5,3.0
8528,Dodgeball: A True Underdog Story (2004),Comedy,Dodgeball: A True Underdog Story,Comedy,3.551282051282051,39.0
8529,"Terminal, The (2004)",Comedy|Drama|Romance,"Terminal, The",Comedy Drama Romance,3.3191489361702127,47.0
8530,Dear Frankie (2004),Drama|Romance,Dear Frankie,Drama Romance,3.75,2.0
8531,White Chicks (2004),Action|Comedy|Crime,White Chicks,Action Comedy Crime,2.8333333333333335,6.0
8532,"Door in the Floor, The (2004)",Drama,"Door in the Floor, The",Drama,2.5,1.0
8533,"Notebook, The (2004)",Drama|Romance,"Notebook, The",Drama Romance,3.5657894736842106,38.0
8534,Two Brothers (Deux frères) (2004),Adventure|Children|Drama,Two Brothers (Deux frères),Adventure Children Drama,3.5,1.0
8535,De-Lovely (2004),Drama|Musical,De-Lovely,Drama Musical,4.0,1.0
8542,"Day at the Races, A (1937)",Comedy|Musical,"Day at the Races, A",Comedy Musical,4.0,3.0
8571,Bob & Carol & Ted & Alice (1969),Comedy|Drama,Bob & Carol & Ted & Alice,Comedy Drama,3.5,1.0
8574,"Claymation Christmas Celebration, A (1987)",Animation|Children|Comedy|Musical,"Claymation Christmas Celebration, A",Animation Children Comedy Musical,1.5,2.0
8575,"Happenstance (Battement d'ailes du papillon, Le) (2001)",Comedy|Drama,"Happenstance (Battement d'ailes du papillon, Le)",Comedy Drama,3.0,1.0
8577,Comandante (2003),Documentary,Comandante,Documentary,4.0,1.0
8578,Undead (2003),Action|Comedy|Horror|Sci-Fi,Undead,Action Comedy Horror Sci-Fi,3.25,2.0
8580,Into the Woods (1991),Adventure|Comedy|Fantasy|Musical,Into the Woods,Adventure Comedy Fantasy Musical,5.0,1.0
8581,Pirates of Silicon Valley (1999),Documentary|Drama,Pirates of Silicon Valley,Documentary Drama,4.0,4.0
8582,Manufacturing Consent: Noam Chomsky and the Media (1992),Documentary|War,Manufacturing Consent: Noam Chomsky and the Media,Documentary War,4.25,2.0
8587,Mayor of the Sunset Strip (2003),Documentary,Mayor of the Sunset Strip,Documentary,3.5,1.0
8588,Killing Me Softly (2002),Drama|Mystery|Romance|Thriller,Killing Me Softly,Drama Mystery Romance Thriller,4.0,1.0
8591,"Philadelphia Experiment, The (1984)",Adventure|Drama|Sci-Fi,"Philadelphia Experiment, The",Adventure Drama Sci-Fi,3.5,1.0
8593,Juice (1992),Action|Crime|Drama|Thriller,Juice,Action Crime Drama Thriller,4.0,1.0
8596,Revenge of the Pink Panther (1978),Comedy|Crime,Revenge of the Pink Panther,Comedy Crime,3.25,2.0
8600,Angels with Dirty Faces (1938),Crime|Drama|Film-Noir|Thriller,Angels with Dirty Faces,Crime Drama Film-Noir Thriller,3.75,2.0
8601,Zero de conduite (Zero for Conduct) (Zéro de conduite: Jeunes diables au collège) (1933),Comedy|Drama,Zero de conduite (Zero for Conduct) (Zéro de conduite: Jeunes diables au collège),Comedy Drama,4.0,1.0
8604,Taxi (1998),Action|Comedy,Taxi,Action Comedy,3.2,5.0
8605,Taxi 3 (2003),Action|Comedy,Taxi 3,Action Comedy,3.25,2.0
8607,Tokyo Godfathers (2003),Adventure|Animation|Drama,Tokyo Godfathers,Adventure Animation Drama,3.9,5.0
8609,Our Hospitality (1923),Comedy,Our Hospitality,Comedy,3.25,2.0
8610,All of Me (1984),Comedy|Fantasy,All of Me,Comedy Fantasy,2.5,2.0
8611,"Farmer's Daughter, The (1947)",Comedy,"Farmer's Daughter, The",Comedy,3.5,1.0
8614,Overboard (1987),Comedy|Romance,Overboard,Comedy Romance,3.0,6.0
8617,Butterfield 8 (1960),Drama,Butterfield 8,Drama,3.0,1.0
8620,"Exterminating Angel, The (Ángel exterminador, El) (1962)",Comedy|Drama|Fantasy|Mystery,"Exterminating Angel, The (Ángel exterminador, El)",Comedy Drama Fantasy Mystery,1.5,2.0
8622,Fahrenheit 9/11 (2004),Documentary,Fahrenheit 9/11,Documentary,3.4864864864864864,37.0
8623,Roxanne (1987),Comedy|Romance,Roxanne,Comedy Romance,3.272727272727273,11.0
8626,Dr. Terror's House of Horrors (1965),Horror|Sci-Fi,Dr. Terror's House of Horrors,Horror Sci-Fi,1.5,1.0
8632,Secret Society (2002),Comedy,Secret Society,Comedy,0.5,1.0
8633,"Last Starfighter, The (1984)",Action|Adventure|Comedy|Sci-Fi,"Last Starfighter, The",Action Adventure Comedy Sci-Fi,3.5714285714285716,7.0
8636,Spider-Man 2 (2004),Action|Adventure|Sci-Fi|IMAX,Spider-Man 2,Action Adventure Sci-Fi IMAX,3.8037974683544302,79.0
8638,Before Sunset (2004),Drama|Romance,Before Sunset,Drama Romance,3.7,15.0
8640,King Arthur (2004),Action|Adventure|Drama|War,King Arthur,Action Adventure Drama War,2.9615384615384617,13.0
8641,Anchorman: The Legend of Ron Burgundy (2004),Comedy,Anchorman: The Legend of Ron Burgundy,Comedy,3.7719298245614037,57.0
8643,"Cinderella Story, A (2004)",Comedy|Romance,"Cinderella Story, A",Comedy Romance,3.2777777777777777,9.0
8644,"I, Robot (2004)",Action|Adventure|Sci-Fi|Thriller,"I, Robot",Action Adventure Sci-Fi Thriller,3.4918032786885247,61.0
8645,"Maria Full of Grace (Maria, Llena eres de gracia) (2004)",Crime|Drama,"Maria Full of Grace (Maria, Llena eres de gracia)",Crime Drama,3.9375,8.0
8650,Long Day's Journey Into Night (1962),Drama,Long Day's Journey Into Night,Drama,3.5,1.0
8656,"Short Film About Killing, A (Krótki film o zabijaniu) (1988)",Crime|Drama,"Short Film About Killing, A (Krótki film o zabijaniu)",Crime Drama,3.75,2.0
8665,"Bourne Supremacy, The (2004)",Action|Crime|Thriller,"Bourne Supremacy, The",Action Crime Thriller,3.7866666666666666,75.0
8666,Catwoman (2004),Action|Crime|Fantasy,Catwoman,Action Crime Fantasy,1.3333333333333333,9.0
8667,A Home at the End of the World (2004),Drama|Romance,A Home at the End of the World,Drama Romance,3.5,1.0
8670,"Testament of Dr. Mabuse, The (Das Testament des Dr. Mabuse) (1933)",Crime|Horror|Mystery|Thriller,"Testament of Dr. Mabuse, The (Das Testament des Dr. Mabuse)",Crime Horror Mystery Thriller,4.0,1.0
8677,Flash Gordon Conquers the Universe (1940),Action|Sci-Fi,Flash Gordon Conquers the Universe,Action Sci-Fi,1.25,2.0
8684,"Man Escaped, A (Un  condamné à mort s'est échappé ou Le vent souffle où il veut) (1956)",Adventure|Drama,"Man Escaped, A (Un  condamné à mort s'est échappé ou Le vent souffle où il veut)",Adventure Drama,3.5,1.0
8685,"Miracle of Marcelino, The (Marcelino pan y vino) (1955)",Comedy|Drama,"Miracle of Marcelino, The (Marcelino pan y vino)",Comedy Drama,3.5,1.0
8690,Slaughterhouse-Five (1972),Comedy|Drama|Sci-Fi|War,Slaughterhouse-Five,Comedy Drama Sci-Fi War,4.0,1.0
8695,"Bachelor and the Bobby-Soxer, The (1947)",Comedy,"Bachelor and the Bobby-Soxer, The",Comedy,3.0,3.0
8711,Mr. Blandings Builds His Dream House (1948),Comedy,Mr. Blandings Builds His Dream House,Comedy,3.0,1.0
8712,My Favorite Wife (1940),Comedy|Romance,My Favorite Wife,Comedy Romance,3.0,1.0
8713,"New Adventures of Pippi Longstocking, The (1988)",Adventure|Children|Fantasy|Musical,"New Adventures of Pippi Longstocking, The",Adventure Children Fantasy Musical,3.0,1.0
8714,Night and Day (1946),Drama|Musical,Night and Day,Drama Musical,2.5,1.0
8718,"Snake Pit, The (1948)",Drama,"Snake Pit, The",Drama,3.5,2.0
8720,"Super, The (1991)",Comedy,"Super, The",Comedy,2.0,1.0
8724,"Leopard, The (Gattopardo, Il) (1963)",Drama|War,"Leopard, The (Gattopardo, Il)",Drama War,4.25,2.0
8727,"Day of the Locust, The (1975)",Drama,"Day of the Locust, The",Drama,2.0,1.0
8730,To End All Wars (2001),Action|Drama|War,To End All Wars,Action Drama War,4.0,2.0
8738,"Woman Is a Woman, A (femme est une femme, Une) (1961)",Comedy|Drama|Musical|Romance,"Woman Is a Woman, A (femme est une femme, Une)",Comedy Drama Musical Romance,5.0,1.0
8743,Biggles (1986),Adventure|Fantasy|Sci-Fi,Biggles,Adventure Fantasy Sci-Fi,3.0,2.0
8748,"Yesterday, Today and Tomorrow (Ieri, oggi, domani) (1963)",Comedy,"Yesterday, Today and Tomorrow (Ieri, oggi, domani)",Comedy,4.0,2.0
8753,Unprecedented: The 2000 Presidential Election (2002),Documentary,Unprecedented: The 2000 Presidential Election,Documentary,3.5,1.0
8754,"Prime of Miss Jean Brodie, The (1969)",Drama,"Prime of Miss Jean Brodie, The",Drama,4.0,1.0
8755,My Voyage to Italy (Il mio viaggio in Italia) (1999),Documentary,My Voyage to Italy (Il mio viaggio in Italia),Documentary,3.0,1.0
8765,This Gun for Hire (1942),Crime|Film-Noir|Thriller,This Gun for Hire,Crime Film-Noir Thriller,0.0,0.0
8771,Sherlock Holmes: Terror by Night (1946),Crime|Mystery|Thriller,Sherlock Holmes: Terror by Night,Crime Mystery Thriller,3.0,1.0
8772,"Spy Who Came in from the Cold, The (1965)",Drama|Thriller,"Spy Who Came in from the Cold, The",Drama Thriller,0.5,1.0
8773,Sherlock Holmes and the Secret Weapon (1942),Crime|Mystery|Thriller,Sherlock Holmes and the Secret Weapon,Crime Mystery Thriller,3.0,1.0
8774,Sherlock Holmes: The Woman in Green (1945),Mystery,Sherlock Holmes: The Woman in Green,Mystery,3.5,1.0
8778,Sherlock Holmes: Dressed to Kill (1946),Crime|Mystery,Sherlock Holmes: Dressed to Kill,Crime Mystery,3.75,2.0
8781,"Manchurian Candidate, The (2004)",Thriller,"Manchurian Candidate, The",Thriller,3.0416666666666665,12.0
8782,Thunderbirds (2004),Action|Adventure|Fantasy|Sci-Fi,Thunderbirds,Action Adventure Fantasy Sci-Fi,2.75,2.0
8783,"Village, The (2004)",Drama|Mystery|Thriller,"Village, The",Drama Mystery Thriller,3.1923076923076925,26.0
8784,Garden State (2004),Comedy|Drama|Romance,Garden State,Comedy Drama Romance,3.7083333333333335,48.0
8795,Musa the Warrior (Musa) (2001),Action|Adventure|Drama|War,Musa the Warrior (Musa),Action Adventure Drama War,4.5,1.0
8796,"Funny Thing Happened on the Way to the Forum, A (1966)",Comedy|Musical,"Funny Thing Happened on the Way to the Forum, A",Comedy Musical,3.1,5.0
8798,Collateral (2004),Action|Crime|Drama|Thriller,Collateral,Action Crime Drama Thriller,3.7613636363636362,44.0
8799,Little Black Book (2004),Comedy|Romance,Little Black Book,Comedy Romance,2.1666666666666665,3.0
8800,Code 46 (2003),Romance|Sci-Fi,Code 46,Romance Sci-Fi,4.5,1.0
8804,"Story of Women (Affaire de femmes, Une) (1988)",Drama,"Story of Women (Affaire de femmes, Une)",Drama,5.0,1.0
8807,Harold and Kumar Go to White Castle (2004),Adventure|Comedy,Harold and Kumar Go to White Castle,Adventure Comedy,3.4558823529411766,34.0
8808,"Princess Diaries 2: Royal Engagement, The (2004)",Comedy|Romance,"Princess Diaries 2: Royal Engagement, The",Comedy Romance,2.5,7.0
8809,Danny Deckchair (2003),Comedy|Romance,Danny Deckchair,Comedy Romance,3.25,2.0
8810,AVP: Alien vs. Predator (2004),Action|Horror|Sci-Fi|Thriller,AVP: Alien vs. Predator,Action Horror Sci-Fi Thriller,2.823529411764706,17.0
8813,We Don't Live Here Anymore (2004),Drama,We Don't Live Here Anymore,Drama,4.0,2.0
8814,Without a Paddle (2004),Comedy,Without a Paddle,Comedy,2.0,7.0
8815,Exorcist: The Beginning (2004),Horror|Thriller,Exorcist: The Beginning,Horror Thriller,2.5,3.0
8827,"Bill Cosby, Himself (1983)",Comedy|Documentary,"Bill Cosby, Himself",Comedy Documentary,4.0,5.0
8830,Anacondas: The Hunt for the Blood Orchid (2004),Adventure|Drama|Horror|Sci-Fi|Thriller,Anacondas: The Hunt for the Blood Orchid,Adventure Drama Horror Sci-Fi Thriller,1.75,2.0
8831,Suspect Zero (2004),Crime|Thriller,Suspect Zero,Crime Thriller,3.5,1.0
8832,Warriors of Heaven and Earth (Tian di ying xiong) (2003),Action|Adventure|Drama,Warriors of Heaven and Earth (Tian di ying xiong),Action Adventure Drama,3.25,2.0
8833,Vanity Fair (2004),Drama|Romance,Vanity Fair,Drama Romance,3.5,3.0
8835,Paparazzi (2004),Drama|Thriller,Paparazzi,Drama Thriller,2.3333333333333335,3.0
8836,Wicker Park (2004),Drama|Romance|Thriller,Wicker Park,Drama Romance Thriller,3.3333333333333335,3.0
8838,Alice Doesn't Live Here Anymore (1974),Drama|Romance,Alice Doesn't Live Here Anymore,Drama Romance,4.166666666666667,3.0
8840,Who's That Knocking at My Door? (1967),Drama,Who's That Knocking at My Door?,Drama,1.0,1.0
8844,Camera Buff (Amator) (1979),Drama,Camera Buff (Amator),Drama,3.0,1.0
8848,"Vitelloni, I (a.k.a. The Young and the Passionate) (1953)",Drama,"Vitelloni, I (a.k.a. The Young and the Passionate)",Drama,3.5,2.0
8860,Cellular (2004),Action|Crime|Drama|Mystery|Thriller,Cellular,Action Crime Drama Mystery Thriller,2.857142857142857,7.0
8861,Resident Evil: Apocalypse (2004),Action|Horror|Sci-Fi|Thriller,Resident Evil: Apocalypse,Action Horror Sci-Fi Thriller,2.9285714285714284,14.0
8864,Mr. 3000 (2004),Comedy|Drama,Mr. 3000,Comedy Drama,2.6666666666666665,3.0
8865,Sky Captain and the World of Tomorrow (2004),Action|Adventure|Sci-Fi,Sky Captain and the World of Tomorrow,Action Adventure Sci-Fi,2.638888888888889,18.0
8866,Wimbledon (2004),Comedy|Romance,Wimbledon,Comedy Romance,3.111111111111111,9.0
8869,First Daughter (2004),Comedy|Romance,First Daughter,Comedy Romance,3.3333333333333335,6.0
8870,"Forgotten, The (2004)",Drama|Mystery|Sci-Fi|Thriller,"Forgotten, The",Drama Mystery Sci-Fi Thriller,2.5,5.0
8873,"Motorcycle Diaries, The (Diarios de motocicleta) (2004)",Adventure|Drama,"Motorcycle Diaries, The (Diarios de motocicleta)",Adventure Drama,3.7962962962962963,27.0
8874,Shaun of the Dead (2004),Comedy|Horror,Shaun of the Dead,Comedy Horror,4.0064935064935066,77.0
8875,"Come Back, Little Sheba (1952)",Drama,"Come Back, Little Sheba",Drama,4.0,1.0
8879,Murder on the Orient Express (1974),Crime|Mystery|Thriller,Murder on the Orient Express,Crime Mystery Thriller,3.25,6.0
8880,Mask (1985),Drama,Mask,Drama,3.4285714285714284,7.0
8894,Orca: The Killer Whale (1977),Action|Drama|Horror|Thriller,Orca: The Killer Whale,Action Drama Horror Thriller,1.5,1.0
8905,1492: Conquest of Paradise (1992),Adventure|Drama,1492: Conquest of Paradise,Adventure Drama,2.5,1.0
8906,Cannibal Holocaust (1980),Horror,Cannibal Holocaust,Horror,2.6666666666666665,3.0
8907,Shark Tale (2004),Animation|Children|Comedy,Shark Tale,Animation Children Comedy,2.3461538461538463,13.0
8908,Ladder 49 (2004),Action|Drama|Thriller,Ladder 49,Action Drama Thriller,3.6666666666666665,6.0
8910,I Heart Huckabees (2004),Comedy,I Heart Huckabees,Comedy,3.4523809523809526,21.0
8911,Raise Your Voice (2004),Romance,Raise Your Voice,Romance,5.0,1.0
8912,Taxi (2004),Action|Comedy,Taxi,Action Comedy,1.75,2.0
8914,Primer (2004),Drama|Sci-Fi,Primer,Drama Sci-Fi,3.7941176470588234,17.0
8915,Stage Beauty (2004),Drama,Stage Beauty,Drama,3.5,1.0
8916,Shall We Dance? (2004),Comedy|Romance,Shall We Dance?,Comedy Romance,3.0,3.0
8917,Team America: World Police (2004),Action|Adventure|Animation|Comedy,Team America: World Police,Action Adventure Animation Comedy,3.46875,32.0
8918,Eulogy (2004),Comedy|Crime|Drama,Eulogy,Comedy Crime Drama,3.0,1.0
8919,P.S. (2004),Comedy|Drama|Fantasy|Romance,P.S.,Comedy Drama Fantasy Romance,4.25,2.0
8920,"Country Girl, The (1954)",Drama,"Country Girl, The",Drama,3.5,1.0
8921,"Rose Tattoo, The (1955)",Drama|Romance,"Rose Tattoo, The",Drama Romance,3.5,1.0
8928,"Fearless Vampire Killers, The (1967)",Comedy|Horror,"Fearless Vampire Killers, The",Comedy Horror,3.6666666666666665,3.0
8933,"Decline of the American Empire, The (Déclin de l'empire américain, Le) (1986)",Comedy|Drama,"Decline of the American Empire, The (Déclin de l'empire américain, Le)",Comedy Drama,4.0,1.0
8934,Bebe's Kids (1992),Animation|Children|Comedy,Bebe's Kids,Animation Children Comedy,1.0,1.0
8937,Friday Night Lights (2004),Action|Drama,Friday Night Lights,Action Drama,3.5625,8.0
8938,Tarnation (2003),Documentary,Tarnation,Documentary,4.0,1.0
8939,"Final Cut, The (2004)",Sci-Fi|Thriller,"Final Cut, The",Sci-Fi Thriller,3.6666666666666665,3.0
8943,Being Julia (2004),Comedy|Drama,Being Julia,Comedy Drama,1.75,2.0
8946,Surviving Christmas (2004),Comedy,Surviving Christmas,Comedy,2.75,2.0
8947,"Grudge, The (2004)",Horror|Mystery|Thriller,"Grudge, The",Horror Mystery Thriller,2.3,10.0
8948,Alfie (2004),Comedy|Drama|Romance,Alfie,Comedy Drama Romance,2.3333333333333335,3.0
8949,Sideways (2004),Comedy|Drama|Romance,Sideways,Comedy Drama Romance,3.7435897435897436,39.0
8950,The Machinist (2004),Drama|Mystery|Thriller,The Machinist,Drama Mystery Thriller,3.986842105263158,38.0
8951,Vera Drake (2004),Drama,Vera Drake,Drama,3.0,4.0
8952,Falling Angels (2003),Drama,Falling Angels,Drama,3.5,1.0
8954,Lightning in a Bottle (2004),Documentary,Lightning in a Bottle,Documentary,4.0,1.0
8955,Undertow (2004),Crime|Drama|Thriller,Undertow,Crime Drama Thriller,3.0,1.0
8957,Saw (2004),Horror|Mystery|Thriller,Saw,Horror Mystery Thriller,3.1818181818181817,33.0
8958,Ray (2004),Drama,Ray,Drama,3.6842105263157894,19.0
8959,Birth (2004),Drama|Mystery,Birth,Drama Mystery,2.5,3.0
8961,"Incredibles, The (2004)",Action|Adventure|Animation|Children|Comedy,"Incredibles, The",Action Adventure Animation Children Comedy,3.836,125.0
8964,Callas Forever (2002),Drama,Callas Forever,Drama,3.0,1.0
8965,"Polar Express, The (2004)",Adventure|Animation|Children|Fantasy|IMAX,"Polar Express, The",Adventure Animation Children Fantasy IMAX,3.1363636363636362,11.0
8966,Kinsey (2004),Drama,Kinsey,Drama,3.125,8.0
8967,Seed of Chucky (Child's Play 5) (2004),Comedy|Horror,Seed of Chucky (Child's Play 5),Comedy Horror,1.75,4.0
8968,After the Sunset (2004),Action|Adventure|Comedy|Crime|Thriller,After the Sunset,Action Adventure Comedy Crime Thriller,3.5833333333333335,6.0
8969,Bridget Jones: The Edge of Reason (2004),Comedy|Drama|Romance,Bridget Jones: The Edge of Reason,Comedy Drama Romance,3.025,20.0
8970,Finding Neverland (2004),Drama,Finding Neverland,Drama,3.609375,32.0
8972,National Treasure (2004),Action|Adventure|Drama|Mystery|Thriller,National Treasure,Action Adventure Drama Mystery Thriller,3.263157894736842,38.0
8973,Bad Education (La mala educación) (2004),Drama|Thriller,Bad Education (La mala educación),Drama Thriller,3.75,8.0
8974,"SpongeBob SquarePants Movie, The (2004)",Adventure|Animation|Children|Comedy,"SpongeBob SquarePants Movie, The",Adventure Animation Children Comedy,3.0,2.0
8977,Alexander (2004),Action|Adventure|Drama|War,Alexander,Action Adventure Drama War,2.2,10.0
8978,Christmas with the Kranks (2004),Children|Comedy,Christmas with the Kranks,Children Comedy,2.5,2.0
8979,Guerrilla: The Taking of Patty Hearst (2004),Documentary,Guerrilla: The Taking of Patty Hearst,Documentary,4.0,1.0
8981,Closer (2004),Drama|Romance,Closer,Drama Romance,3.71875,16.0
8982,I Am David (2003),Drama,I Am David,Drama,3.0,3.0
8983,House of Flying Daggers (Shi mian mai fu) (2004),Action|Drama|Romance,House of Flying Daggers (Shi mian mai fu),Action Drama Romance,3.52,25.0
8984,Ocean's Twelve (2004),Action|Comedy|Crime|Thriller,Ocean's Twelve,Action Comedy Crime Thriller,3.2906976744186047,43.0
8985,Blade: Trinity (2004),Action|Fantasy|Horror|Thriller,Blade: Trinity,Action Fantasy Horror Thriller,2.857142857142857,14.0
8987,Bush's Brain (2004),Documentary,Bush's Brain,Documentary,3.0,1.0
8989,Damn Yankees! (1958),Comedy|Musical,Damn Yankees!,Comedy Musical,3.5,1.0
8998,That's Entertainment (1974),Documentary,That's Entertainment,Documentary,4.0,1.0
9004,D.A.R.Y.L. (1985),Adventure|Children|Sci-Fi,D.A.R.Y.L.,Adventure Children Sci-Fi,2.0,1.0
9005,Fire in the Sky (1993),Drama|Mystery|Sci-Fi,Fire in the Sky,Drama Mystery Sci-Fi,2.0,2.0
9008,"Invisible Man Returns, The (1940)",Horror|Sci-Fi,"Invisible Man Returns, The",Horror Sci-Fi,2.5,1.0
9010,Love Me If You Dare (Jeux d'enfants) (2003),Drama|Romance,Love Me If You Dare (Jeux d'enfants),Drama Romance,4.1,5.0
9018,Control Room (2004),Documentary|War,Control Room,Documentary War,4.333333333333333,3.0
25746,"Hunchback of Notre Dame, The (1923)",Drama|Horror,"Hunchback of Notre Dame, The",Drama Horror,3.0,1.0
25750,Sherlock Jr. (1924),Comedy|Fantasy|Romance,Sherlock Jr.,Comedy Fantasy Romance,3.0,2.0
25752,"Freshman, The (1925)",Comedy,"Freshman, The",Comedy,4.0,1.0
25753,Greed (1924),Drama,Greed,Drama,4.0,1.0
25757,"Jazz Singer, The (1927)",Drama|Musical|Romance,"Jazz Singer, The",Drama Musical Romance,4.0,1.0
25769,"Steamboat Bill, Jr. (1928)",Comedy|Romance,"Steamboat Bill, Jr.",Comedy Romance,4.5,1.0
25771,"Andalusian Dog, An (Chien andalou, Un) (1929)",Fantasy,"Andalusian Dog, An (Chien andalou, Un)",Fantasy,4.5,4.0
25773,Little Caesar (1931),Crime|Drama,Little Caesar,Crime Drama,4.0,1.0
25782,Boudu Saved From Drowning (Boudu sauvé des eaux) (1932),Comedy,Boudu Saved From Drowning (Boudu sauvé des eaux),Comedy,0.5,1.0
25788,Scarface (1932),Crime|Drama,Scarface,Crime Drama,3.75,2.0
25795,Dinner at Eight (1933),Comedy|Drama|Romance,Dinner at Eight,Comedy Drama Romance,3.5,1.0
25797,Gold Diggers of 1933 (1933),Musical,Gold Diggers of 1933,Musical,3.5,1.0
25805,"Atalante, L' (1934)",Comedy|Drama|Romance,"Atalante, L'",Comedy Drama Romance,4.5,1.0
25825,Fury (1936),Drama|Film-Noir,Fury,Drama Film-Noir,3.375,4.0
25826,Libeled Lady (1936),Comedy|Romance,Libeled Lady,Comedy Romance,3.5,1.0
25827,Mr. Deeds Goes to Town (1936),Comedy|Romance,Mr. Deeds Goes to Town,Comedy Romance,3.5,2.0
25833,Camille (1936),Drama|Romance,Camille,Drama Romance,4.0,1.0
25834,Captains Courageous (1937),Adventure|Drama,Captains Courageous,Adventure Drama,4.0,1.0
25841,Stage Door (1937),Drama,Stage Door,Drama,4.166666666666667,3.0
25850,Holiday (1938),Comedy|Drama|Romance,Holiday,Comedy Drama Romance,3.0,3.0
25855,"Roaring Twenties, The (1939)",Crime|Drama|Thriller,"Roaring Twenties, The",Crime Drama Thriller,0.0,0.0
25856,Wuthering Heights (1939),Drama|Romance,Wuthering Heights,Drama Romance,3.25,2.0
25865,"Letter, The (1940)",Drama|Film-Noir,"Letter, The",Drama Film-Noir,4.0,1.0
25870,Here Comes Mr. Jordan (1941),Comedy|Fantasy|Romance,Here Comes Mr. Jordan,Comedy Fantasy Romance,3.5,1.0
25886,Random Harvest (1942),Drama|Romance,Random Harvest,Drama Romance,4.0,2.0
25887,Tales of Manhattan (1942),Comedy|Drama,Tales of Manhattan,Comedy Drama,5.0,1.0
25898,Day of Wrath (Vredens dag) (1943),Drama,Day of Wrath (Vredens dag),Drama,4.0,2.0
25905,"Miracle of Morgan's Creek, The (1944)",Comedy|Romance,"Miracle of Morgan's Creek, The",Comedy Romance,3.5,1.0
25906,Mr. Skeffington (1944),Drama|Romance,Mr. Skeffington,Drama Romance,5.0,1.0
25923,Great Expectations (1946),Drama,Great Expectations,Drama,3.5,1.0
25927,"Stranger, The (1946)",Drama|Film-Noir|Thriller,"Stranger, The",Drama Film-Noir Thriller,3.0,1.0
25937,Easter Parade (1948),Musical|Romance,Easter Parade,Musical Romance,3.3333333333333335,3.0
25940,"Lady from Shanghai, The (1947)",Drama|Film-Noir|Mystery,"Lady from Shanghai, The",Drama Film-Noir Mystery,3.5,1.0
25946,"Three Musketeers, The (1948)",Action|Adventure|Drama|Romance,"Three Musketeers, The",Action Adventure Drama Romance,3.5,1.0
25947,Unfaithfully Yours (1948),Comedy,Unfaithfully Yours,Comedy,5.0,1.0
25952,"Letter to Three Wives, A (1949)",Comedy|Drama,"Letter to Three Wives, A",Comedy Drama,4.0,1.0
25959,Annie Get Your Gun (1950),Comedy|Musical|Romance|Western,Annie Get Your Gun,Comedy Musical Romance Western,2.5,1.0
25962,King Solomon's Mines (1950),Action|Adventure|Romance,King Solomon's Mines,Action Adventure Romance,3.0,1.0
25963,"Young and the Damned, The (Olvidados, Los) (1950)",Crime|Drama,"Young and the Damned, The (Olvidados, Los)",Crime Drama,4.0,1.0
25996,"Star Is Born, A (1954)",Drama|Musical,"Star Is Born, A",Drama Musical,3.5,1.0
25999,The Wild One (1953),Drama,The Wild One,Drama,3.5,1.0
26002,Confidential Report (1955),Crime|Drama|Mystery|Thriller,Confidential Report,Crime Drama Mystery Thriller,3.5,1.0
26003,Night and Fog (Nuit et brouillard) (1955),Crime|Documentary|War,Night and Fog (Nuit et brouillard),Crime Documentary War,4.5,1.0
26038,Teacher's Pet (1958),Comedy|Romance,Teacher's Pet,Comedy Romance,4.0,1.0
26048,"Human Condition II, The (Ningen no joken II) (1959)",Drama|War,"Human Condition II, The (Ningen no joken II)",Drama War,4.5,1.0
26052,Pickpocket (1959),Crime|Drama,Pickpocket,Crime Drama,2.75,2.0
26059,When a Woman Ascends the Stairs (Onna ga kaidan wo agaru toki) (1960),Drama,When a Woman Ascends the Stairs (Onna ga kaidan wo agaru toki),Drama,4.5,1.0
26073,"Human Condition III, The (Ningen no joken III) (1961)",Drama|War,"Human Condition III, The (Ningen no joken III)",Drama War,5.0,1.0
26078,Advise and Consent (1962),Drama,Advise and Consent,Drama,5.0,1.0
26082,Harakiri (Seppuku) (1962),Drama,Harakiri (Seppuku),Drama,4.5,3.0
26084,"Music Man, The (1962)",Children|Comedy|Musical|Romance,"Music Man, The",Children Comedy Musical Romance,3.9,5.0
26085,Mutiny on the Bounty (1962),Adventure|Drama|Romance,Mutiny on the Bounty,Adventure Drama Romance,0.0,0.0
26095,"Carabineers, The (Carabiniers, Les) (1963)",Comedy|Drama|War,"Carabineers, The (Carabiniers, Les)",Comedy Drama War,0.5,1.0
26116,"Hush... Hush, Sweet Charlotte (1964)",Horror|Thriller,"Hush... Hush, Sweet Charlotte",Horror Thriller,4.5,2.0
26122,Onibaba (1964),Drama|Horror|War,Onibaba,Drama Horror War,4.5,1.0
26124,Robinson Crusoe on Mars (1964),Sci-Fi,Robinson Crusoe on Mars,Sci-Fi,2.0,1.0
26131,"Battle of Algiers, The (La battaglia di Algeri) (1966)",Drama|War,"Battle of Algiers, The (La battaglia di Algeri)",Drama War,4.3,5.0
26133,"Charlie Brown Christmas, A (1965)",Animation|Children|Comedy,"Charlie Brown Christmas, A",Animation Children Comedy,4.0,6.0
26142,Major Dundee (1965),Adventure|War|Western,Major Dundee,Adventure War Western,2.0,1.0
26147,"Thousand Clowns, A (1965)",Comedy|Drama|Romance,"Thousand Clowns, A",Comedy Drama Romance,5.0,1.0
26150,Andrei Rublev (Andrey Rublyov) (1969),Drama|War,Andrei Rublev (Andrey Rublyov),Drama War,4.5,1.0
26151,Au Hasard Balthazar (1966),Crime|Drama,Au Hasard Balthazar,Crime Drama,3.5,2.0
26152,Batman (1966),Action|Adventure|Comedy,Batman,Action Adventure Comedy,3.0,5.0
26158,Closely Watched Trains (Ostre sledované vlaky) (1966),Comedy|Drama|War,Closely Watched Trains (Ostre sledované vlaky),Comedy Drama War,4.0,1.0
26159,Tokyo Drifter (Tôkyô nagaremono) (1966),Action|Crime|Drama,Tokyo Drifter (Tôkyô nagaremono),Action Crime Drama,3.75,2.0
26169,Branded to Kill (Koroshi no rakuin) (1967),Action|Crime|Drama,Branded to Kill (Koroshi no rakuin),Action Crime Drama,5.0,1.0
26171,Play Time (a.k.a. Playtime) (1967),Comedy,Play Time (a.k.a. Playtime),Comedy,3.1666666666666665,3.0
26172,Point Blank (1967),Action|Crime|Drama|Thriller,Point Blank,Action Crime Drama Thriller,3.0,2.0
26176,Titicut Follies (1967),Documentary|Drama,Titicut Follies,Documentary Drama,2.5,1.0
26183,Asterix and Cleopatra (Astérix et Cléopâtre) (1968),Action|Adventure|Animation|Children|Comedy,Asterix and Cleopatra (Astérix et Cléopâtre),Action Adventure Animation Children Comedy,4.25,2.0
26184,"Diamond Arm, The (Brilliantovaya ruka) (1968)",Action|Adventure|Comedy|Crime|Thriller,"Diamond Arm, The (Brilliantovaya ruka)",Action Adventure Comedy Crime Thriller,3.5,2.0
26195,Sympathy for the Devil (1968),Documentary|Musical,Sympathy for the Devil,Documentary Musical,3.0,1.0
26198,"Yours, Mine and Ours (1968)",Children|Comedy,"Yours, Mine and Ours",Children Comedy,2.75,2.0
26225,"Claire's Knee (Genou de Claire, Le) (1970)",Comedy|Romance,"Claire's Knee (Genou de Claire, Le)",Comedy Romance,4.5,1.0
26231,Performance (1970),Crime|Drama|Thriller,Performance,Crime Drama Thriller,4.0,1.0
26236,"White Sun of the Desert, The (Beloe solntse pustyni) (1970)",Action|Adventure|Comedy|Drama|Romance|War,"White Sun of the Desert, The (Beloe solntse pustyni)",Action Adventure Comedy Drama Romance War,4.0,1.0
26237,Zabriskie Point (1970),Drama|Romance,Zabriskie Point,Drama Romance,4.0,1.0
26242,Duel (1971),Action|Mystery|Thriller,Duel,Action Mystery Thriller,3.2,5.0
26249,They Call Me Trinity (1971),Comedy|Western,They Call Me Trinity,Comedy Western,3.75,2.0
26258,"Topo, El (1970)",Fantasy|Western,"Topo, El",Fantasy Western,3.9,5.0
26265,Dr. Phibes Rises Again (1972),Adventure|Comedy|Horror|Romance,Dr. Phibes Rises Again,Adventure Comedy Horror Romance,4.5,1.0
26283,Charley Varrick (1973),Crime|Drama|Thriller,Charley Varrick,Crime Drama Thriller,3.0,1.0
26285,Dark Star (1974),Comedy|Sci-Fi|Thriller,Dark Star,Comedy Sci-Fi Thriller,2.5,1.0
26303,Sisters (1973),Horror|Thriller,Sisters,Horror Thriller,4.0,1.0
26308,Turkish Delight (Turks fruit) (1973),Drama|Romance,Turkish Delight (Turks fruit),Drama Romance,4.0,1.0
26313,California Split (1974),Comedy|Drama,California Split,Comedy Drama,4.0,1.0
26317,Emmanuelle (1974),Drama|Romance,Emmanuelle,Drama Romance,3.5,1.0
26322,Gone in 60 Seconds (1974),Action|Crime|Drama,Gone in 60 Seconds,Action Crime Drama,3.125,4.0
26326,"Holy Mountain, The (Montaña sagrada, La) (1973)",Drama,"Holy Mountain, The (Montaña sagrada, La)",Drama,4.5,2.0
26340,"Twelve Tasks of Asterix, The (Les douze travaux d'Astérix) (1976)",Action|Adventure|Animation|Children|Comedy|Fantasy,"Twelve Tasks of Asterix, The (Les douze travaux d'Astérix)",Action Adventure Animation Children Comedy Fantasy,3.6666666666666665,3.0
26344,French Connection II (1975),Action|Crime|Drama|Thriller,French Connection II,Action Crime Drama Thriller,3.0,1.0
26347,"Irony of Fate, or Enjoy Your Bath! (Ironiya sudby, ili S legkim parom!) (1975)",Comedy|Drama|Romance,"Irony of Fate, or Enjoy Your Bath! (Ironiya sudby, ili S legkim parom!)",Comedy Drama Romance,4.0,1.0
26350,"Passenger, The (Professione: reporter) (1975)",Drama,"Passenger, The (Professione: reporter)",Drama,5.0,1.0
26357,Trilogy of Terror (1975),Horror|Thriller,Trilogy of Terror,Horror Thriller,4.0,1.0
26359,1900 (Novecento) (1976),Drama|War,1900 (Novecento),Drama War,4.5,1.0
26365,Futureworld (1976),Sci-Fi|Thriller,Futureworld,Sci-Fi Thriller,2.5,1.0
26366,Harlan County U.S.A. (1976),Documentary,Harlan County U.S.A.,Documentary,5.0,1.0
26375,Silver Streak (1976),Action|Comedy|Crime,Silver Streak,Action Comedy Crime,3.6666666666666665,3.0
26386,High Anxiety (1977),Comedy|Thriller,High Anxiety,Comedy Thriller,3.5,1.0
26391,"New York, New York (1977)",Drama|Musical|Romance,"New York, New York",Drama Musical Romance,2.5,1.0
26394,"Turning Point, The (1977)",Drama|Romance,"Turning Point, The",Drama Romance,4.0,1.0
26399,Five Deadly Venoms (1978),Action,Five Deadly Venoms,Action,3.5,1.0
26401,Last Hurrah for Chivalry (Hao xia) (1979),Action|Drama,Last Hurrah for Chivalry (Hao xia),Action Drama,5.0,1.0
26409,"Clonus Horror, The (1979)",Horror|Sci-Fi,"Clonus Horror, The",Horror Sci-Fi,2.75,2.0
26413,Snake in the Eagle's Shadow (Se ying diu sau) (1978),Action|Comedy,Snake in the Eagle's Shadow (Se ying diu sau),Action Comedy,3.25,2.0
26422,Hair (1979),Comedy|Drama|Musical,Hair,Comedy Drama Musical,3.1666666666666665,3.0
26429,Love at First Bite (1979),Comedy|Horror|Romance,Love at First Bite,Comedy Horror Romance,4.0,1.0
26444,"Hitch Hikers Guide to the Galaxy, The (1981)",Adventure|Comedy|Sci-Fi,"Hitch Hikers Guide to the Galaxy, The",Adventure Comedy Sci-Fi,4.0,2.0
26453,Smiley's People (1982),Drama|Mystery,Smiley's People,Drama Mystery,4.0,1.0
26464,Blue Thunder (1983),Action|Crime|Drama,Blue Thunder,Action Crime Drama,3.0,1.0
26467,"Day After, The (1983)",Drama|Sci-Fi,"Day After, The",Drama Sci-Fi,3.0,1.0
26471,Eddie Murphy Delirious (1983),Comedy|Documentary,Eddie Murphy Delirious,Comedy Documentary,4.375,4.0
26472,"Norte, El (1984)",Adventure|Drama,"Norte, El",Adventure Drama,3.5,1.0
26492,Twilight Zone: The Movie (1983),Fantasy|Horror|Sci-Fi|Thriller,Twilight Zone: The Movie,Fantasy Horror Sci-Fi Thriller,3.0,3.0
26498,Boy Meets Girl (1984),Drama,Boy Meets Girl,Drama,3.0,1.0
26504,Cloak & Dagger (1984),Action|Adventure|Children|Crime|Mystery|Thriller,Cloak & Dagger,Action Adventure Children Crime Mystery Thriller,3.25,2.0
26510,"Ewok Adventure, The (a.k.a. Caravan of Courage: An Ewok Adventure) (1984)",Adventure|Children|Fantasy|Sci-Fi,"Ewok Adventure, The (a.k.a. Caravan of Courage: An Ewok Adventure)",Adventure Children Fantasy Sci-Fi,2.25,2.0
26523,"Silent Night, Deadly Night (1984)",Horror|Thriller,"Silent Night, Deadly Night",Horror Thriller,3.5,1.0
26524,"Times of Harvey Milk, The (1984)",Documentary,"Times of Harvey Milk, The",Documentary,4.5,2.0
26527,What Have I Done to Deserve This? (¿Qué he hecho yo para merecer esto!!) (1984),Comedy|Drama,What Have I Done to Deserve This? (¿Qué he hecho yo para merecer esto!!),Comedy Drama,4.0,1.0
26528,Anne of Green Gables (1985),Children|Drama,Anne of Green Gables,Children Drama,4.5,3.0
26539,Death of a Salesman (1985),Drama,Death of a Salesman,Drama,3.0,1.0
26542,Ewoks: The Battle for Endor (1985),Adventure|Children|Fantasy|Sci-Fi,Ewoks: The Battle for Endor,Adventure Children Fantasy Sci-Fi,3.0,2.0
26547,Police Story (Ging chaat goo si) (1985),Action|Comedy|Crime|Thriller,Police Story (Ging chaat goo si),Action Comedy Crime Thriller,4.25,2.0
26554,"Quiet Earth, The (1985)",Drama|Mystery|Sci-Fi,"Quiet Earth, The",Drama Mystery Sci-Fi,4.25,2.0
26555,Spies Like Us (1985),Comedy,Spies Like Us,Comedy,2.75,2.0
26562,White Nights (1985),Drama,White Nights,Drama,3.0,1.0
26564,'Round Midnight (1986),Drama|Musical,'Round Midnight,Drama Musical,3.5,2.0
26567,Club Paradise (1986),Comedy,Club Paradise,Comedy,2.0,1.0
26578,"Sacrifice, The (Offret - Sacraficatio) (1986)",Drama,"Sacrifice, The (Offret - Sacraficatio)",Drama,4.166666666666667,3.0
26585,"Better Tomorrow, A (Ying hung boon sik) (1986)",Crime|Drama|Thriller,"Better Tomorrow, A (Ying hung boon sik)",Crime Drama Thriller,3.8333333333333335,3.0
26587,"Decalogue, The (Dekalog) (1989)",Crime|Drama|Romance,"Decalogue, The (Dekalog)",Crime Drama Romance,5.0,1.0
26590,G.I. Joe: The Movie (1987),Action|Adventure|Animation|Children|Fantasy|Sci-Fi,G.I. Joe: The Movie,Action Adventure Animation Children Fantasy Sci-Fi,2.0,1.0
26593,Hell Comes to Frogtown (1988),Action|Comedy|Sci-Fi,Hell Comes to Frogtown,Action Comedy Sci-Fi,2.0,1.0
26599,"Law of Desire (Ley del deseo, La) (1987)",Comedy|Drama|Romance,"Law of Desire (Ley del deseo, La)",Comedy Drama Romance,4.0,1.0
26603,Prince of Darkness (1987),Fantasy|Horror|Sci-Fi|Thriller,Prince of Darkness,Fantasy Horror Sci-Fi Thriller,4.5,1.0
26606,"Chinese Ghost Story, A (Sinnui yauwan) (1987)",Action|Fantasy|Horror|Romance,"Chinese Ghost Story, A (Sinnui yauwan)",Action Fantasy Horror Romance,4.25,2.0
26612,"Better Tomorrow II, A (Ying hung boon sik II) (1987)",Crime|Drama|Thriller,"Better Tomorrow II, A (Ying hung boon sik II)",Crime Drama Thriller,4.0,2.0
26614,"Bourne Identity, The (1988)",Action|Adventure|Drama|Mystery|Thriller,"Bourne Identity, The",Action Adventure Drama Mystery Thriller,3.388888888888889,9.0
26622,Dominick and Eugene (1988),Drama,Dominick and Eugene,Drama,3.0,1.0
26629,Killer Klowns from Outer Space (1988),Comedy|Horror|Sci-Fi,Killer Klowns from Outer Space,Comedy Horror Sci-Fi,2.0,3.0
26630,Moonwalker (1988),Musical,Moonwalker,Musical,3.0,1.0
26631,Alice (Neco z Alenky) (1988),Animation|Fantasy|Mystery,Alice (Neco z Alenky),Animation Fantasy Mystery,3.75,2.0
26645,Life Is a Long Quiet River (La vie est un long fleuve tranquille) (1988),Comedy,Life Is a Long Quiet River (La vie est un long fleuve tranquille),Comedy,4.0,1.0
26649,Lonesome Dove (1989),Adventure|Drama|Western,Lonesome Dove,Adventure Drama Western,3.75,2.0
26662,Kiki's Delivery Service (Majo no takkyûbin) (1989),Adventure|Animation|Children|Drama|Fantasy,Kiki's Delivery Service (Majo no takkyûbin),Adventure Animation Children Drama Fantasy,4.0588235294117645,17.0
26676,Almost an Angel (1990),Comedy,Almost an Angel,Comedy,2.5,1.0
26680,Cry-Baby (1990),Comedy|Musical|Romance,Cry-Baby,Comedy Musical Romance,3.8,5.0
26681,Bullet in the Head (1990),Action|Drama|War,Bullet in the Head,Action Drama War,4.0,2.0
26686,Ghost Dad (1990),Comedy|Fantasy,Ghost Dad,Comedy Fantasy,1.5,3.0
26693,It (1990),Drama|Fantasy|Horror|Mystery|Thriller,It,Drama Fantasy Horror Mystery Thriller,4.0,1.0
26694,Ju Dou (1990),Drama,Ju Dou,Drama,3.5,1.0
26695,"Krays, The (1990)",Drama,"Krays, The",Drama,3.5,1.0
26696,Lionheart (1990),Action,Lionheart,Action,0.5,1.0
26700,Nuns on the Run (1990),Comedy|Crime,Nuns on the Run,Comedy Crime,2.25,2.0
26701,Patlabor: The Movie (Kidô keisatsu patorebâ: The Movie) (1989),Action|Animation|Crime|Drama|Film-Noir|Mystery|Sci-Fi|Thriller,Patlabor: The Movie (Kidô keisatsu patorebâ: The Movie),Action Animation Crime Drama Film-Noir Mystery Sci-Fi Thriller,3.0,1.0
26704,State of Grace (1990),Crime|Drama|Thriller,State of Grace,Crime Drama Thriller,4.0,2.0
26712,35 Up (1991),Documentary,35 Up,Documentary,4.0,3.0
26713,Days of Being Wild (A Fei jingjyuhn) (1990),Drama|Romance,Days of Being Wild (A Fei jingjyuhn),Drama Romance,4.5,1.0
26717,Begotten (1990),Drama|Horror,Begotten,Drama Horror,0.5,1.0
26726,Dutch (1991),Comedy,Dutch,Comedy,2.5,1.0
26729,Hearts of Darkness: A Filmmakers Apocalypse (1991),Documentary,Hearts of Darkness: A Filmmakers Apocalypse,Documentary,3.8,5.0
26732,Johnny Stecchino (1991),Comedy,Johnny Stecchino,Comedy,4.0,1.0
26736,Riki-Oh: The Story of Ricky (Lik Wong) (1991),Action|Crime|Thriller,Riki-Oh: The Story of Ricky (Lik Wong),Action Crime Thriller,4.5,1.0
26741,Mannequin 2: On the Move (1991),Comedy|Fantasy|Romance,Mannequin 2: On the Move,Comedy Fantasy Romance,1.5,1.0
26743,Only Yesterday (Omohide poro poro) (1991),Animation|Drama,Only Yesterday (Omohide poro poro),Animation Drama,2.5,1.0
26745,Other People's Money (1991),Comedy|Drama|Romance,Other People's Money,Comedy Drama Romance,2.5,1.0
26750,Quigley Down Under (1990),Adventure|Drama|Western,Quigley Down Under,Adventure Drama Western,3.25,2.0
26761,Prime Suspect 2 (1992),Crime|Drama|Mystery|Romance|Thriller,Prime Suspect 2,Crime Drama Mystery Romance Thriller,3.0,1.0
26764,Captain America (1990),Action|Fantasy|Sci-Fi|Thriller|War,Captain America,Action Fantasy Sci-Fi Thriller War,1.25,2.0
26765,City Hunter (Sing si lip yan) (1993),Action|Comedy|Romance,City Hunter (Sing si lip yan),Action Comedy Romance,2.75,2.0
26776,Porco Rosso (Crimson Pig) (Kurenai no buta) (1992),Adventure|Animation|Comedy|Fantasy|Romance,Porco Rosso (Crimson Pig) (Kurenai no buta),Adventure Animation Comedy Fantasy Romance,3.892857142857143,14.0
26777,"Stolen Children (Ladro di bambini, Il) (1992)",Drama,"Stolen Children (Ladro di bambini, Il)",Drama,4.0,1.0
26778,Ladybugs (1992),Comedy,Ladybugs,Comedy,3.0,3.0
26782,"Mambo Kings, The (1992)",Drama|Musical,"Mambo Kings, The",Drama Musical,2.0,1.0
26791,Shining Through (1992),Drama|Romance|Thriller|War,Shining Through,Drama Romance Thriller War,1.5,1.0
26792,Sidekicks (1992),Action|Adventure|Children|Comedy,Sidekicks,Action Adventure Children Comedy,1.5,2.0
26796,"Heart in Winter, A (Un coeur en hiver) (1992)",Drama|Romance,"Heart in Winter, A (Un coeur en hiver)",Drama Romance,3.5,1.0
26797,Visions of Light: The Art of Cinematography (1992),Documentary,Visions of Light: The Art of Cinematography,Documentary,3.0,1.0
26810,Bad Boy Bubby (1993),Drama,Bad Boy Bubby,Drama,4.833333333333333,3.0
26812,Barbarians at the Gate (1993),Drama,Barbarians at the Gate,Drama,2.75,2.0
26819,Fortress (1992),Action|Sci-Fi,Fortress,Action Sci-Fi,2.5,1.0
26828,Mr. Nanny (1993),Action|Children|Comedy,Mr. Nanny,Action Children Comedy,1.5,1.0
26838,"Snapper, The (1993)",Comedy|Drama,"Snapper, The",Comedy Drama,3.0,1.0
26840,Sonatine (Sonachine) (1993),Action|Comedy|Crime|Drama,Sonatine (Sonachine),Action Comedy Crime Drama,5.0,1.0
26849,"Stand, The (1994)",Adventure|Drama|Fantasy|Horror|Sci-Fi,"Stand, The",Adventure Drama Fantasy Horror Sci-Fi,5.0,1.0
26854,"Darkman II: Return of Durant, The (1995)",Action|Crime|Horror,"Darkman II: Return of Durant, The",Action Crime Horror,2.5,1.0
26861,Freaked (1993),Comedy|Sci-Fi,Freaked,Comedy Sci-Fi,3.5,1.0
26865,Fist of Legend (Jing wu ying xiong) (1994),Action|Drama,Fist of Legend (Jing wu ying xiong),Action Drama,3.375,4.0
26870,Major League II (1994),Comedy,Major League II,Comedy,2.6666666666666665,3.0
26871,My Father the Hero (1994),Comedy|Romance,My Father the Hero,Comedy Romance,2.25,2.0
26875,"Pure Formality, A (Pura formalità, Una) (1994)",Crime|Film-Noir|Mystery|Thriller,"Pure Formality, A (Pura formalità, Una)",Crime Film-Noir Mystery Thriller,4.0,1.0
26887,"Langoliers, The (1995)",Drama|Fantasy|Horror|Mystery|Sci-Fi|Thriller,"Langoliers, The",Drama Fantasy Horror Mystery Sci-Fi Thriller,3.0,1.0
26900,"Last Wedding, The (Kivenpyörittäjän kylä) (1995)",Comedy|Drama,"Last Wedding, The (Kivenpyörittäjän kylä)",Comedy Drama,3.0,1.0
26901,Last of the Dogmen (1995),Adventure|Western,Last of the Dogmen,Adventure Western,2.5,1.0
26903,Whisper of the Heart (Mimi wo sumaseba) (1995),Animation|Drama|Romance,Whisper of the Heart (Mimi wo sumaseba),Animation Drama Romance,3.8,5.0
26913,Street Fighter II: The Animated Movie (Sutorîto Faitâ II gekijô-ban) (1994),Action|Animation,Street Fighter II: The Animated Movie (Sutorîto Faitâ II gekijô-ban),Action Animation,1.5,1.0
26928,"Summer's Tale, A (Conte d'été) (1996)",Comedy|Drama|Romance,"Summer's Tale, A (Conte d'été)",Comedy Drama Romance,5.0,1.0
26940,"Late Shift, The (1996)",Comedy,"Late Shift, The",Comedy,2.5,1.0
26947,Pusher (1996),Crime|Thriller,Pusher,Crime Thriller,2.5,1.0
26958,Emma (1996),Romance,Emma,Romance,3.5,1.0
26965,"Boxer, The (1997)",Drama|Thriller,"Boxer, The",Drama Thriller,3.5,2.0
26974,Gummo (1997),Drama,Gummo,Drama,3.1666666666666665,3.0
26985,Nirvana (1997),Action|Sci-Fi,Nirvana,Action Sci-Fi,4.5,1.0
26999,"Lion King II: Simba's Pride, The (1998)",Adventure|Animation|Children|Musical|Romance,"Lion King II: Simba's Pride, The",Adventure Animation Children Musical Romance,3.0,2.0
27002,From the Earth to the Moon (1998),Action|Documentary|Drama|Thriller,From the Earth to the Moon,Action Documentary Drama Thriller,3.5,1.0
27003,Beowulf (1999),Action|Horror|Sci-Fi,Beowulf,Action Horror Sci-Fi,3.0,1.0
27006,RKO 281 (1999),Drama,RKO 281,Drama,3.5,1.0
27008,From Dusk Till Dawn 2: Texas Blood Money (1999) ,Comedy|Crime|Horror,From Dusk Till Dawn 2: Texas Blood Money,Comedy Crime Horror,1.0,1.0
27020,Gia (1998),Drama|Romance,Gia,Drama Romance,3.4,5.0
27022,Thursday (1998),Action|Crime|Thriller,Thursday,Action Crime Thriller,4.0,1.0
27032,Who Am I? (Wo shi shei) (1998),Action|Adventure|Comedy|Sci-Fi|Thriller,Who Am I? (Wo shi shei),Action Adventure Comedy Sci-Fi Thriller,3.5,2.0
27036,Merlin (1998),Action|Adventure|Drama|Fantasy|Romance,Merlin,Action Adventure Drama Fantasy Romance,3.0,1.0
27074,Brave New World (1998),Sci-Fi,Brave New World,Sci-Fi,1.5,1.0
27075,Addams Family Reunion (1998),Children|Comedy|Fantasy,Addams Family Reunion,Children Comedy Fantasy,3.0,1.0
27105,Purgatory (1999),Fantasy|Western,Purgatory,Fantasy Western,2.5,1.0
27124,Bleeder (1999),Drama|Thriller,Bleeder,Drama Thriller,2.0,1.0
27134,Dark Portals: The Chronicles of Vidocq  (Vidocq) (2001),Action|Crime|Fantasy,Dark Portals: The Chronicles of Vidocq  (Vidocq),Action Crime Fantasy,4.0,1.0
27140,Candyman 3: Day of the Dead (1999),Horror,Candyman 3: Day of the Dead,Horror,3.0,1.0
27155,"Batman/Superman Movie, The (1998)",Action|Adventure|Animation|Children|Fantasy|Sci-Fi,"Batman/Superman Movie, The",Action Adventure Animation Children Fantasy Sci-Fi,2.0,1.0
27156,"Neon Genesis Evangelion: The End of Evangelion (Shin seiki Evangelion Gekijô-ban: Air/Magokoro wo, kimi ni) (1997)",Action|Animation|Drama|Fantasy|Sci-Fi,"Neon Genesis Evangelion: The End of Evangelion (Shin seiki Evangelion Gekijô-ban: Air/Magokoro wo, kimi ni)",Action Animation Drama Fantasy Sci-Fi,4.3,5.0
27176,Style Wars (1983),Documentary,Style Wars,Documentary,4.5,1.0
27178,In July (Im Juli) (2000),Comedy|Romance,In July (Im Juli),Comedy Romance,4.0,1.0
27186,Kirikou and the Sorceress (Kirikou et la sorcière) (1998),Adventure|Animation|Children|Fantasy,Kirikou and the Sorceress (Kirikou et la sorcière),Adventure Animation Children Fantasy,4.0,2.0
27193,Taxi 2 (2000),Action|Comedy,Taxi 2,Action Comedy,3.875,4.0
27246,If These Walls Could Talk 2 (2000),Drama|Romance,If These Walls Could Talk 2,Drama Romance,4.0,1.0
27251,"10th Kingdom, The (2000)",Adventure|Comedy|Fantasy,"10th Kingdom, The",Adventure Comedy Fantasy,2.75,2.0
27255,"Wind Will Carry Us, The (Bad ma ra khahad bord) (1999)",Drama,"Wind Will Carry Us, The (Bad ma ra khahad bord)",Drama,3.5,1.0
27266,2046 (2004),Drama|Fantasy|Romance|Sci-Fi,2046,Drama Fantasy Romance Sci-Fi,4.071428571428571,7.0
27306,Bartleby (2001),Comedy|Drama,Bartleby,Comedy Drama,1.5,1.0
27311,Batman Beyond: Return of the Joker (2000),Action|Animation|Crime|Sci-Fi|Thriller,Batman Beyond: Return of the Joker,Action Animation Crime Sci-Fi Thriller,3.5,3.0
27317,Audition (Ôdishon) (1999),Drama|Horror|Mystery|Romance|Thriller,Audition (Ôdishon),Drama Horror Mystery Romance Thriller,3.75,6.0
27320,"Nine Lives of Tomas Katz, The (2000)",Comedy|Drama|Fantasy,"Nine Lives of Tomas Katz, The",Comedy Drama Fantasy,5.0,1.0
27328,Monday (2000),Action|Comedy|Crime|Fantasy|Thriller,Monday,Action Comedy Crime Fantasy Thriller,4.5,1.0
27329,Paradise Lost 2: Revelations (2000),Documentary,Paradise Lost 2: Revelations,Documentary,4.0,1.0
27368,Asterix & Obelix: Mission Cleopatra (Astérix & Obélix: Mission Cléopâtre) (2002),Adventure|Comedy|Fantasy,Asterix & Obelix: Mission Cleopatra (Astérix & Obélix: Mission Cléopâtre),Adventure Comedy Fantasy,4.0,3.0
27369,Daria: Is It Fall Yet? (2000),Animation|Comedy,Daria: Is It Fall Yet?,Animation Comedy,4.0,1.0
27370,Late Night Shopping (2001),Comedy,Late Night Shopping,Comedy,4.5,1.0
27373,61* (2001),Drama,61*,Drama,5.0,1.0
27397,Joint Security Area (Gongdong gyeongbi guyeok JSA) (2000),Crime|Drama|Mystery|Thriller|War,Joint Security Area (Gongdong gyeongbi guyeok JSA),Crime Drama Mystery Thriller War,4.25,4.0
27408,Ripley's Game (2002),Drama|Thriller,Ripley's Game,Drama Thriller,3.3333333333333335,3.0
27416,Jalla! Jalla! (2000),Comedy|Drama|Romance,Jalla! Jalla!,Comedy Drama Romance,3.75,2.0
27420,Teknolust (2002),Comedy|Drama|Romance|Sci-Fi,Teknolust,Comedy Drama Romance Sci-Fi,2.0,1.0
27426,"Accidental Spy, The (Dak miu mai shing) (2001)",Action|Comedy|Thriller,"Accidental Spy, The (Dak miu mai shing)",Action Comedy Thriller,2.5,1.0
27434,Darkness (2002),Horror|Mystery,Darkness,Horror Mystery,1.5,3.0
27441,Blood: The Last Vampire (2000),Action|Animation|Horror,Blood: The Last Vampire,Action Animation Horror,3.25,2.0
27450,Blueberry (2004),Adventure|Western,Blueberry,Adventure Western,2.5,1.0
27473,American Psycho II: All American Girl (2002),Comedy|Crime|Horror|Mystery|Thriller,American Psycho II: All American Girl,Comedy Crime Horror Mystery Thriller,2.5,1.0
27478,Ali G Indahouse (2002),Comedy,Ali G Indahouse,Comedy,3.0,3.0
27480,Dead or Alive 2: Tôbôsha (2000),Action|Crime|Thriller,Dead or Alive 2: Tôbôsha,Action Crime Thriller,4.5,1.0
27482,Cube 2: Hypercube (2002),Horror|Mystery|Sci-Fi,Cube 2: Hypercube,Horror Mystery Sci-Fi,3.75,2.0
27491,Pulse (Kairo) (2001),Horror|Mystery|Thriller,Pulse (Kairo),Horror Mystery Thriller,3.0,1.0
27513,Dog Days (Hundstage) (2001),Drama,Dog Days (Hundstage),Drama,3.0,1.0
27523,My Sassy Girl (Yeopgijeogin geunyeo) (2001),Comedy|Romance,My Sassy Girl (Yeopgijeogin geunyeo),Comedy Romance,5.0,1.0
27537,Nothing (2003),Comedy|Fantasy|Mystery|Sci-Fi,Nothing,Comedy Fantasy Mystery Sci-Fi,3.5,1.0
27539,Undertaking Betty (Plots with a View) (2002),Comedy|Romance,Undertaking Betty (Plots with a View),Comedy Romance,2.5,1.0
27549,Dead or Alive: Final (2002),Comedy|Crime|Drama|Sci-Fi|Thriller,Dead or Alive: Final,Comedy Crime Drama Sci-Fi Thriller,1.5,1.0
27555,Fubar (2002),Comedy,Fubar,Comedy,3.75,2.0
27563,"Happiness of the Katakuris, The (Katakuri-ke no kôfuku) (2001)",Comedy|Horror|Musical,"Happiness of the Katakuris, The (Katakuri-ke no kôfuku)",Comedy Horror Musical,4.333333333333333,3.0
27584,Dead End (2003),Comedy|Horror|Mystery|Thriller,Dead End,Comedy Horror Mystery Thriller,3.5,2.0
27592,Sympathy for Mr. Vengeance (Boksuneun naui geot) (2002),Crime|Drama,Sympathy for Mr. Vengeance (Boksuneun naui geot),Crime Drama,3.8,5.0
27595,Jesus Christ Vampire Hunter (2001),Action|Comedy|Horror|Musical,Jesus Christ Vampire Hunter,Action Comedy Horror Musical,0.5,1.0
27604,Suicide Club (Jisatsu saakuru) (2001),Horror|Mystery|Thriller,Suicide Club (Jisatsu saakuru),Horror Mystery Thriller,3.125,4.0
27611,Battlestar Galactica (2003),Drama|Sci-Fi|War,Battlestar Galactica,Drama Sci-Fi War,3.8157894736842106,19.0
27618,"Sound of Thunder, A (2005)",Action|Adventure|Drama|Sci-Fi|Thriller,"Sound of Thunder, A",Action Adventure Drama Sci-Fi Thriller,2.75,2.0
27619,"Lion King 1½, The (2004)",Adventure|Animation|Children|Comedy,"Lion King 1½, The",Adventure Animation Children Comedy,4.5,2.0
27627,Oasis (2002),Drama|Romance,Oasis,Drama Romance,4.5,1.0
27644,Remember Me (Ricordati di me) (2003),Comedy|Drama|Romance,Remember Me (Ricordati di me),Comedy Drama Romance,3.5,1.0
27660,"Animatrix, The (2003)",Action|Animation|Drama|Sci-Fi,"Animatrix, The",Action Animation Drama Sci-Fi,3.7,20.0
27664,"Brown Bunny, The (2003)",Drama,"Brown Bunny, The",Drama,3.25,2.0
27667,Ju-on: The Curse (2000),Horror,Ju-on: The Curse,Horror,3.0,1.0
27674,11:14 (2003),Comedy|Crime|Drama|Mystery|Thriller,11:14,Comedy Crime Drama Mystery Thriller,3.75,4.0
27683,Tremors 4: The Legend Begins (2004),Action|Comedy|Horror|Sci-Fi|Thriller|Western,Tremors 4: The Legend Begins,Action Comedy Horror Sci-Fi Thriller Western,2.0,1.0
27685,Bring It On Again (2004),Comedy,Bring It On Again,Comedy,1.75,2.0
27689,"Crimson Rivers 2: Angels of the Apocalypse (Rivières pourpres II - Les anges de l'apocalypse, Les) (2004)",Action|Crime|Thriller,"Crimson Rivers 2: Angels of the Apocalypse (Rivières pourpres II - Les anges de l'apocalypse, Les)",Action Crime Thriller,2.5,1.0
27692,And Starring Pancho Villa as Himself (2003),Action|Comedy|Drama|War,And Starring Pancho Villa as Himself,Action Comedy Drama War,3.5,1.0
27695,Nicotina (2003),Action|Comedy|Drama,Nicotina,Action Comedy Drama,3.0,1.0
27704,Battle Royale 2: Requiem (Batoru rowaiaru II: Chinkonka) (2003),Action|Drama|Thriller|War,Battle Royale 2: Requiem (Batoru rowaiaru II: Chinkonka),Action Drama Thriller War,5.0,1.0
27705,In Hell (2003),Action|Drama|Thriller,In Hell,Action Drama Thriller,1.5,1.0
27706,Lemony Snicket's A Series of Unfortunate Events (2004),Adventure|Children|Comedy|Fantasy,Lemony Snicket's A Series of Unfortunate Events,Adventure Children Comedy Fantasy,3.16,25.0
27708,Helen of Troy (2003),Action|Adventure|Drama|Romance,Helen of Troy,Action Adventure Drama Romance,4.0,1.0
27716,"Green Butchers, The (Grønne slagtere, De) (2003)",Comedy|Crime|Drama|Romance,"Green Butchers, The (Grønne slagtere, De)",Comedy Crime Drama Romance,4.5,1.0
27721,"Very Long Engagement, A (Un long dimanche de fiançailles) (2004)",Drama|Mystery|Romance|War,"Very Long Engagement, A (Un long dimanche de fiançailles)",Drama Mystery Romance War,3.6666666666666665,6.0
27722,Last Life in the Universe (Ruang rak noi nid mahasan) (2003),Drama|Romance,Last Life in the Universe (Ruang rak noi nid mahasan),Drama Romance,4.166666666666667,3.0
27728,Ghost in the Shell 2: Innocence (a.k.a. Innocence) (Inosensu) (2004),Action|Animation|Drama|Sci-Fi|Thriller,Ghost in the Shell 2: Innocence (a.k.a. Innocence) (Inosensu),Action Animation Drama Sci-Fi Thriller,2.1666666666666665,3.0
27731,"Cat Returns, The (Neko no ongaeshi) (2002)",Adventure|Animation|Children|Fantasy,"Cat Returns, The (Neko no ongaeshi)",Adventure Animation Children Fantasy,3.75,8.0
27741,"Twilight Samurai, The (Tasogare Seibei) (2002)",Drama|Romance,"Twilight Samurai, The (Tasogare Seibei)",Drama Romance,3.8333333333333335,6.0
27744,"Facing Windows (Finestra di fronte, La) (2003)",Drama|Romance,"Facing Windows (Finestra di fronte, La)",Drama Romance,4.5,1.0
27746,Ginger Snaps: Unleashed (2004),Horror|Thriller,Ginger Snaps: Unleashed,Horror Thriller,3.0,1.0
27751,'Salem's Lot (2004),Drama|Horror|Mystery|Thriller,'Salem's Lot,Drama Horror Mystery Thriller,5.0,1.0
27762,Comic Book: The Movie (2004),Comedy,Comic Book: The Movie,Comedy,2.5,1.0
27768,Intimate Strangers (Confidences trop intimes) (2004),Drama,Intimate Strangers (Confidences trop intimes),Drama,3.75,2.0
27769,Down to the Bone (2004),Drama,Down to the Bone,Drama,3.0,1.0
27772,Ju-on: The Grudge (2002),Horror,Ju-on: The Grudge,Horror,2.5833333333333335,6.0
27773,Old Boy (2003),Mystery|Thriller,Old Boy,Mystery Thriller,4.089743589743589,39.0
27776,Red Lights (Feux rouges) (2004),Drama,Red Lights (Feux rouges),Drama,4.5,1.0
27778,Ginger Snaps Back: The Beginning (2004),Fantasy|Horror,Ginger Snaps Back: The Beginning,Fantasy Horror,3.0,1.0
27784,One Missed Call (Chakushin ari) (2003),Horror|Mystery,One Missed Call (Chakushin ari),Horror Mystery,1.5,1.0
27788,"Jacket, The (2005)",Drama|Mystery|Sci-Fi|Thriller,"Jacket, The",Drama Mystery Sci-Fi Thriller,3.0,8.0
27790,Millions (2004),Children|Comedy|Crime|Drama|Fantasy,Millions,Children Comedy Crime Drama Fantasy,3.5,4.0
27793,Starship Troopers 2: Hero of the Federation (2004),Action|Horror|Sci-Fi|War,Starship Troopers 2: Hero of the Federation,Action Horror Sci-Fi War,1.5,2.0
27801,Ong-Bak: The Thai Warrior (Ong Bak) (2003),Action|Thriller,Ong-Bak: The Thai Warrior (Ong Bak),Action Thriller,4.0,12.0
27802,Infernal Affairs 2 (Mou gaan dou II) (2003),Action|Crime|Drama|Thriller,Infernal Affairs 2 (Mou gaan dou II),Action Crime Drama Thriller,3.0,1.0
27803,"Sea Inside, The (Mar adentro) (2004)",Drama,"Sea Inside, The (Mar adentro)",Drama,4.0,8.0
27808,Spanglish (2004),Comedy|Drama|Romance,Spanglish,Comedy Drama Romance,3.3636363636363638,11.0
27815,"Chorus, The (Choristes, Les) (2004)",Drama,"Chorus, The (Choristes, Les)",Drama,3.909090909090909,11.0
27816,Saints and Soldiers (2003),Action|Adventure|Drama|War,Saints and Soldiers,Action Adventure Drama War,2.5,1.0
27820,"Story of the Weeping Camel, The (Geschichte vom weinenden Kamel, Die) (2003)",Documentary|Drama,"Story of the Weeping Camel, The (Geschichte vom weinenden Kamel, Die)",Documentary Drama,4.0,2.0
27821,"Interpreter, The (2005)",Drama|Thriller,"Interpreter, The",Drama Thriller,3.25,6.0
27822,Open Water (2003),Drama|Thriller,Open Water,Drama Thriller,2.7,5.0
27826,Touch of Pink (2004),Comedy|Drama|Romance,Touch of Pink,Comedy Drama Romance,4.0,1.0
27829,Slasher (2004),Documentary,Slasher,Documentary,3.5,1.0
27830,"Bobby Jones, Stroke of Genius (2004)",Drama,"Bobby Jones, Stroke of Genius",Drama,2.5,1.0
27831,Layer Cake (2004),Crime|Drama|Thriller,Layer Cake,Crime Drama Thriller,3.8157894736842106,19.0
27834,"Return, The (Vozvrashcheniye) (2003)",Drama,"Return, The (Vozvrashcheniye)",Drama,4.333333333333333,3.0
27837,Flight of the Phoenix (2004),Action|Adventure,Flight of the Phoenix,Action Adventure,2.875,4.0
27838,Mean Creek (2004),Drama|Thriller,Mean Creek,Drama Thriller,3.75,2.0
27839,"Ring Two, The (2005)",Drama|Horror|Mystery|Thriller,"Ring Two, The",Drama Horror Mystery Thriller,2.3,5.0
27846,"Corporation, The (2003)",Documentary,"Corporation, The",Documentary,3.9,10.0
27850,"Yes Men, The (2003)",Documentary,"Yes Men, The",Documentary,3.75,2.0
27865,Azumi (2003),Action|Adventure|Drama|Thriller,Azumi,Action Adventure Drama Thriller,2.75,2.0
27866,In My Father's Den (2004),Drama,In My Father's Den,Drama,3.5,1.0
27869,Tae Guk Gi: The Brotherhood of War (Taegukgi hwinalrimyeo) (2004),Action|Drama|War,Tae Guk Gi: The Brotherhood of War (Taegukgi hwinalrimyeo),Action Drama War,4.5,1.0
27873,Metallica: Some Kind of Monster (2004),Documentary,Metallica: Some Kind of Monster,Documentary,3.1666666666666665,3.0
27878,Born into Brothels (2004),Documentary,Born into Brothels,Documentary,3.875,4.0
27879,DiG! (2004),Documentary,DiG!,Documentary,4.125,4.0
27882,Riding Giants (2004),Documentary,Riding Giants,Documentary,4.0,4.0
27899,What the #$*! Do We Know!? (a.k.a. What the Bleep Do We Know!?) (2004),Comedy|Documentary|Drama,What the #$*! Do We Know!? (a.k.a. What the Bleep Do We Know!?),Comedy Documentary Drama,2.75,2.0
27904,"Scanner Darkly, A (2006)",Animation|Drama|Mystery|Sci-Fi|Thriller,"Scanner Darkly, A",Animation Drama Mystery Sci-Fi Thriller,3.6136363636363638,22.0
27905,Casshern (2004),Action|Drama|Fantasy|Sci-Fi,Casshern,Action Drama Fantasy Sci-Fi,3.5,1.0
27912,Outfoxed: Rupert Murdoch's War on Journalism (2004),Documentary,Outfoxed: Rupert Murdoch's War on Journalism,Documentary,3.3,5.0
30707,Million Dollar Baby (2004),Drama,Million Dollar Baby,Drama,3.8461538461538463,52.0
30745,Gozu (Gokudô kyôfu dai-gekijô: Gozu) (2003),Comedy|Crime|Drama|Horror|Mystery,Gozu (Gokudô kyôfu dai-gekijô: Gozu),Comedy Crime Drama Horror Mystery,4.75,2.0
30749,Hotel Rwanda (2004),Drama|War,Hotel Rwanda,Drama War,3.7916666666666665,48.0
30793,Charlie and the Chocolate Factory (2005),Adventure|Children|Comedy|Fantasy|IMAX,Charlie and the Chocolate Factory,Adventure Children Comedy Fantasy IMAX,3.0,61.0
30803,3-Iron (Bin-jip) (2004),Drama|Romance,3-Iron (Bin-jip),Drama Romance,4.5,3.0
30810,"Life Aquatic with Steve Zissou, The (2004)",Adventure|Comedy|Fantasy,"Life Aquatic with Steve Zissou, The",Adventure Comedy Fantasy,3.4864864864864864,37.0
30812,"Aviator, The (2004)",Drama,"Aviator, The",Drama,3.5285714285714285,35.0
30816,"Phantom of the Opera, The (2004)",Drama|Musical|Romance,"Phantom of the Opera, The",Drama Musical Romance,3.1666666666666665,12.0
30818,Beyond the Sea (2004),Drama|Musical,Beyond the Sea,Drama Musical,2.0,1.0
30820,"Woodsman, The (2004)",Drama,"Woodsman, The",Drama,3.8333333333333335,3.0
30822,In Good Company (2004),Comedy|Drama,In Good Company,Comedy Drama,3.4545454545454546,11.0
30825,Meet the Fockers (2004),Comedy,Meet the Fockers,Comedy,3.106060606060606,33.0
30846,"Assassination of Richard Nixon, The (2004)",Crime|Drama|Thriller,"Assassination of Richard Nixon, The",Crime Drama Thriller,3.5,2.0
30848,"Love Song for Bobby Long, A (2004)",Drama,"Love Song for Bobby Long, A",Drama,3.1666666666666665,3.0
30850,"Merchant of Venice, The (2004)",Drama,"Merchant of Venice, The",Drama,3.75,4.0
30883,Fat Albert (2004),Comedy|Fantasy,Fat Albert,Comedy Fantasy,1.5,2.0
30890,"Keys to the House, The (Chiavi di casa, Le) (2004)",Drama,"Keys to the House, The (Chiavi di casa, Le)",Drama,3.0,1.0
30892,In the Realms of the Unreal (2004),Animation|Documentary,In the Realms of the Unreal,Animation Documentary,0.0,0.0
30894,White Noise (2005),Drama|Horror|Mystery|Sci-Fi|Thriller,White Noise,Drama Horror Mystery Sci-Fi Thriller,2.5,8.0
30898,"Upside of Anger, The (2005)",Comedy|Drama|Romance,"Upside of Anger, The",Comedy Drama Romance,3.1666666666666665,3.0
30994,Little Miss Marker (1980),Comedy|Drama,Little Miss Marker,Comedy Drama,4.0,1.0
31000,Sweet Liberty (1986),Comedy,Sweet Liberty,Comedy,2.5,1.0
31030,I Remember Mama (1948),Children|Drama,I Remember Mama,Children Drama,4.0,1.0
31038,Smooth Talk (1985),Drama|Romance,Smooth Talk,Drama Romance,4.0,1.0
31049,Out Cold (1989),Comedy|Thriller,Out Cold,Comedy Thriller,2.5,1.0
31083,Man Trouble (1992),Comedy|Romance,Man Trouble,Comedy Romance,2.0,1.0
31086,Battles Without Honor & Humanity (Jingi naki tatakai) (1973),Crime|Drama,Battles Without Honor & Humanity (Jingi naki tatakai),Crime Drama,3.5,1.0
31101,Stander (2003),Action|Crime|Drama,Stander,Action Crime Drama,3.5,2.0
31114,Imaginary Heroes (2004),Comedy|Drama,Imaginary Heroes,Comedy Drama,3.0,2.0
31116,Sergeant York (1941),Drama|War,Sergeant York,Drama War,3.8333333333333335,3.0
31123,Ruby & Quentin (Tais-toi!) (2003),Comedy|Crime,Ruby & Quentin (Tais-toi!),Comedy Crime,2.5,1.0
31150,Wizards (1977),Animation|Fantasy|Sci-Fi|War,Wizards,Animation Fantasy Sci-Fi War,2.0,1.0
31162,"Life and Death of Peter Sellers, The (2004)",Comedy|Drama,"Life and Death of Peter Sellers, The",Comedy Drama,3.0,1.0
31184,Appleseed (Appurushîdo) (2004),Action|Animation|Fantasy|Sci-Fi,Appleseed (Appurushîdo),Action Animation Fantasy Sci-Fi,3.8333333333333335,3.0
31193,"Many Adventures of Winnie the Pooh, The (1977)",Animation|Children|Musical,"Many Adventures of Winnie the Pooh, The",Animation Children Musical,3.5,1.0
31221,Elektra (2005),Action|Adventure|Crime|Drama,Elektra,Action Adventure Crime Drama,2.05,10.0
31223,Racing Stripes (2005),Children|Comedy,Racing Stripes,Children Comedy,2.0,1.0
31225,Coach Carter (2005),Drama,Coach Carter,Drama,3.0714285714285716,7.0
31260,Boys Town (1938),Drama,Boys Town,Drama,3.5,1.0
31297,Gold Diggers of 1935 (1935),Comedy|Musical,Gold Diggers of 1935,Comedy Musical,3.5,1.0
31309,Rocco and His Brothers (Rocco e i suoi fratelli) (1960),Crime|Drama,Rocco and His Brothers (Rocco e i suoi fratelli),Crime Drama,3.5,1.0
31364,Memories of Murder (Salinui chueok) (2003),Crime|Drama|Mystery|Thriller,Memories of Murder (Salinui chueok),Crime Drama Mystery Thriller,4.7,5.0
31367,"Chase, The (1994)",Action|Adventure|Comedy|Crime|Romance|Thriller,"Chase, The",Action Adventure Comedy Crime Romance Thriller,2.0,1.0
31410,"Downfall (Untergang, Der) (2004)",Drama|War,"Downfall (Untergang, Der)",Drama War,3.875,20.0
31420,Assault on Precinct 13 (2005),Action|Crime|Drama|Thriller,Assault on Precinct 13,Action Crime Drama Thriller,3.1875,8.0
31422,Are We There Yet? (2005),Children|Comedy,Are We There Yet?,Children Comedy,0.5,1.0
31424,Alone in the Dark (2005),Action|Horror|Sci-Fi|Thriller,Alone in the Dark,Action Horror Sci-Fi Thriller,0.5,1.0
31427,Hide and Seek (2005),Horror|Mystery|Thriller,Hide and Seek,Horror Mystery Thriller,2.3333333333333335,6.0
31431,Boogeyman (2005),Drama|Horror|Mystery|Thriller,Boogeyman,Drama Horror Mystery Thriller,2.0,2.0
31433,"Wedding Date, The (2005)",Comedy|Romance,"Wedding Date, The",Comedy Romance,3.1363636363636362,11.0
31435,Rory O'Shea Was Here (Inside I'm Dancing) (2004),Drama,Rory O'Shea Was Here (Inside I'm Dancing),Drama,4.5,1.0
31437,Nobody Knows (Dare mo shiranai) (2004),Drama,Nobody Knows (Dare mo shiranai),Drama,4.25,2.0
31445,Employee of the Month (2004),Comedy|Drama,Employee of the Month,Comedy Drama,2.25,2.0
31522,"Marriage of Maria Braun, The (Ehe der Maria Braun, Die) (1979)",Drama,"Marriage of Maria Braun, The (Ehe der Maria Braun, Die)",Drama,5.0,1.0
31545,"Trou, Le (Hole, The) (Night Watch, The) (1960)",Crime|Film-Noir,"Trou, Le (Hole, The) (Night Watch, The)",Crime Film-Noir,4.0,1.0
31553,Double Dragon (1994),Action|Adventure|Sci-Fi,Double Dragon,Action Adventure Sci-Fi,1.0,1.0
31590,Hands Off the Loot (Touchez pas au grisbi) (1954),Crime|Drama|Thriller,Hands Off the Loot (Touchez pas au grisbi),Crime Drama Thriller,3.0,1.0
31610,Purple Butterfly (Zi hudie) (2003),Drama,Purple Butterfly (Zi hudie),Drama,4.0,1.0
31617,El Cid (1961),Action|Adventure|Drama|Romance|War,El Cid,Action Adventure Drama Romance War,3.0,1.0
31658,Howl's Moving Castle (Hauru no ugoku shiro) (2004),Adventure|Animation|Fantasy|Romance,Howl's Moving Castle (Hauru no ugoku shiro),Adventure Animation Fantasy Romance,4.075,40.0
31660,Steamboy (Suchîmubôi) (2004),Action|Animation|Drama|Sci-Fi,Steamboy (Suchîmubôi),Action Animation Drama Sci-Fi,3.0,2.0
31664,Gorgeous (Boh lee chun) (1999),Action|Comedy|Romance,Gorgeous (Boh lee chun),Action Comedy Romance,3.5,1.0
31685,Hitch (2005),Comedy|Romance,Hitch,Comedy Romance,3.1666666666666665,45.0
31692,Uncle Nino (2003),Comedy,Uncle Nino,Comedy,0.5,1.0
31694,Bride & Prejudice (2004),Comedy|Musical|Romance,Bride & Prejudice,Comedy Musical Romance,3.25,2.0
31696,Constantine (2005),Action|Fantasy|Horror|Thriller,Constantine,Action Fantasy Horror Thriller,3.4714285714285715,35.0
31698,Son of the Mask (2005),Adventure|Children|Comedy|Fantasy,Son of the Mask,Adventure Children Comedy Fantasy,1.0,1.0
31700,Because of Winn-Dixie (2005),Children|Comedy|Drama,Because of Winn-Dixie,Children Comedy Drama,3.1666666666666665,3.0
31702,Turtles Can Fly (Lakposhtha hâm parvaz mikonand) (2004),Drama|War,Turtles Can Fly (Lakposhtha hâm parvaz mikonand),Drama War,4.0,1.0
31737,Bunny Lake Is Missing (1965),Mystery|Thriller,Bunny Lake Is Missing,Mystery Thriller,3.5,1.0
31804,Night Watch (Nochnoy dozor) (2004),Action|Fantasy|Horror|Mystery|Sci-Fi|Thriller,Night Watch (Nochnoy dozor),Action Fantasy Horror Mystery Sci-Fi Thriller,3.25,4.0
31851,Sons of the Desert (1933),Comedy,Sons of the Desert,Comedy,3.0,1.0
31867,Man of the House (2005),Action|Comedy,Man of the House,Action Comedy,3.0,1.0
31878,Kung Fu Hustle (Gong fu) (2004),Action|Comedy,Kung Fu Hustle (Gong fu),Action Comedy,3.5789473684210527,19.0
31903,Zelary (2003),Drama|Romance,Zelary,Drama Romance,4.0,1.0
31909,Dr. Giggles (1992),Comedy|Horror,Dr. Giggles,Comedy Horror,4.0,1.0
31921,"Seven-Per-Cent Solution, The (1976)",Adventure|Comedy|Crime|Drama|Mystery|Thriller,"Seven-Per-Cent Solution, The",Adventure Comedy Crime Drama Mystery Thriller,2.5,1.0
31923,"Three Musketeers, The (1973)",Action|Adventure|Comedy,"Three Musketeers, The",Action Adventure Comedy,4.0,3.0
31925,Royal Flash (1975),Adventure|Comedy|Romance,Royal Flash,Adventure Comedy Romance,4.0,1.0
31952,Control (Kontroll) (2003),Comedy|Crime|Drama|Mystery,Control (Kontroll),Comedy Crime Drama Mystery,3.5,1.0
31973,Germany Year Zero (Germania anno zero) (Deutschland im Jahre Null) (1948),Drama|War,Germany Year Zero (Germania anno zero) (Deutschland im Jahre Null),Drama War,3.5,1.0
32009,Tyler Perry's Diary of a Mad Black Woman (2005),Comedy|Drama|Romance,Tyler Perry's Diary of a Mad Black Woman,Comedy Drama Romance,2.6666666666666665,3.0
32011,Cursed (2005),Horror|Thriller,Cursed,Horror Thriller,2.1666666666666665,6.0
32017,"Pacifier, The (2005)",Action|Comedy,"Pacifier, The",Action Comedy,2.7142857142857144,7.0
32019,Be Cool (2005),Comedy|Crime|Musical,Be Cool,Comedy Crime Musical,2.4375,8.0
32022,Gunner Palace (2004),Documentary|War,Gunner Palace,Documentary War,3.6666666666666665,3.0
32029,Hostage (2005),Action|Crime|Drama|Thriller,Hostage,Action Crime Drama Thriller,3.05,10.0
32031,Robots (2005),Adventure|Animation|Children|Comedy|Fantasy|Sci-Fi|IMAX,Robots,Adventure Animation Children Comedy Fantasy Sci-Fi IMAX,3.026315789473684,19.0
32058,Class Action (1991),Drama,Class Action,Drama,2.0,1.0
32060,"Cat and the Canary, The (1927)",Horror|Mystery,"Cat and the Canary, The",Horror Mystery,3.0,1.0
32116,"Oh, God! You Devil (1984)",Comedy,"Oh, God! You Devil",Comedy,2.5,1.0
32139,"Agony and the Ecstasy, The (1965)",Drama,"Agony and the Ecstasy, The",Drama,4.0,1.0
32160,Twentieth Century (1934),Comedy,Twentieth Century,Comedy,0.0,0.0
32179,Elevator to the Gallows (a.k.a. Frantic) (Ascenseur pour l'échafaud) (1958),Crime|Drama|Thriller,Elevator to the Gallows (a.k.a. Frantic) (Ascenseur pour l'échafaud),Crime Drama Thriller,4.0,1.0
32213,Cube Zero (2004),Horror|Mystery|Sci-Fi|Thriller,Cube Zero,Horror Mystery Sci-Fi Thriller,2.6666666666666665,3.0
32234,Julia (1977),Drama,Julia,Drama,4.0,1.0
32243,Stealing Rembrandt (Rembrandt) (2003),Action|Comedy|Crime,Stealing Rembrandt (Rembrandt),Action Comedy Crime,3.5,1.0
32289,Ice Princess (2005),Children|Comedy|Drama,Ice Princess,Children Comedy Drama,3.375,4.0
32291,Melinda and Melinda (2004),Comedy|Drama,Melinda and Melinda,Comedy Drama,3.1,5.0
32294,Milk and Honey (2003),Drama,Milk and Honey,Drama,3.5,1.0
32296,Miss Congeniality 2: Armed and Fabulous (2005),Adventure|Comedy|Crime,Miss Congeniality 2: Armed and Fabulous,Adventure Comedy Crime,2.25,8.0
32298,Guess Who (2005),Comedy|Romance,Guess Who,Comedy Romance,2.3333333333333335,3.0
32300,D.E.B.S. (2004),Action|Comedy,D.E.B.S.,Action Comedy,2.8333333333333335,3.0
32302,"League of Ordinary Gentlemen, A (2004)",Documentary,"League of Ordinary Gentlemen, A",Documentary,4.0,1.0
32314,Incident at Loch Ness (2004),Adventure|Comedy|Documentary,Incident at Loch Ness,Adventure Comedy Documentary,3.5,1.0
32371,Call Northside 777 (1948),Crime|Drama|Film-Noir,Call Northside 777,Crime Drama Film-Noir,0.0,0.0
32387,"Sword of Doom, The (Dai-bosatsu tôge) (1966)",Action|Drama,"Sword of Doom, The (Dai-bosatsu tôge)",Action Drama,4.25,2.0
32392,800 Bullets (800 Balas) (2002),Comedy|Crime|Drama|Western,800 Bullets (800 Balas),Comedy Crime Drama Western,2.5,1.0
32440,If Looks Could Kill (1991),Action|Comedy,If Looks Could Kill,Action Comedy,2.0,1.0
32442,Greedy (1994),Comedy,Greedy,Comedy,2.5,1.0
32456,"Pom Poko (a.k.a. Raccoon War, The) (Heisei tanuki gassen pompoko) (1994)",Animation|Comedy|Drama|Fantasy,"Pom Poko (a.k.a. Raccoon War, The) (Heisei tanuki gassen pompoko)",Animation Comedy Drama Fantasy,4.25,2.0
32460,Knockin' on Heaven's Door (1997),Action|Comedy|Crime|Drama,Knockin' on Heaven's Door,Action Comedy Crime Drama,4.25,4.0
32469,We're No Angels (1955),Comedy|Crime|Drama,We're No Angels,Comedy Crime Drama,4.5,1.0
32511,"Touch of Zen, A (Xia nu) (1971)",Action|Adventure,"Touch of Zen, A (Xia nu)",Action Adventure,4.5,1.0
32515,Walker (1987),Adventure|Drama|War|Western,Walker,Adventure Drama War Western,2.5,1.0
32554,Memories (Memorîzu) (1995),Animation|Fantasy|Sci-Fi|Thriller,Memories (Memorîzu),Animation Fantasy Sci-Fi Thriller,3.8333333333333335,3.0
32582,"Wild Parrots of Telegraph Hill, The (2003)",Documentary,"Wild Parrots of Telegraph Hill, The",Documentary,4.75,2.0
32584,"Ballad of Jack and Rose, The (2005)",Drama,"Ballad of Jack and Rose, The",Drama,3.125,4.0
32587,Sin City (2005),Action|Crime|Film-Noir|Mystery|Thriller,Sin City,Action Crime Film-Noir Mystery Thriller,3.857142857142857,84.0
32589,Beauty Shop (2005),Comedy,Beauty Shop,Comedy,2.0,1.0
32596,Sahara (2005),Action|Adventure|Comedy,Sahara,Action Adventure Comedy,3.0714285714285716,7.0
32598,Fever Pitch (2005),Comedy|Romance,Fever Pitch,Comedy Romance,2.9375,8.0
32600,Eros (2004),Drama,Eros,Drama,3.5,1.0
32620,Not on the Lips (Pas sur la bouche) (2003),Comedy|Musical|Romance,Not on the Lips (Pas sur la bouche),Comedy Musical Romance,3.5,1.0
32632,Electra Glide in Blue (1973),Action|Crime,Electra Glide in Blue,Action Crime,3.5,1.0
32649,"Special Day, A (Giornata particolare, Una) (1977)",Drama|War,"Special Day, A (Giornata particolare, Una)",Drama War,4.0,1.0
32657,"Man Who Planted Trees, The (Homme qui plantait des arbres, L') (1987)",Animation|Drama,"Man Who Planted Trees, The (Homme qui plantait des arbres, L')",Animation Drama,4.25,4.0
32659,Tanguy (2001),Comedy,Tanguy,Comedy,2.5,1.0
32666,National Lampoon's Lady Killers (National Lampoon's Gold Diggers) (2003),Comedy,National Lampoon's Lady Killers (National Lampoon's Gold Diggers),Comedy,1.0,1.0
32728,"Little Girl Who Lives Down the Lane, The (1976)",Drama|Mystery|Thriller,"Little Girl Who Lives Down the Lane, The",Drama Mystery Thriller,4.0,1.0
32743,Ringu 0: Bâsudei (2000),Drama|Horror|Thriller,Ringu 0: Bâsudei,Drama Horror Thriller,3.0,1.0
32770,Brothers (Brødre) (2004),Drama,Brothers (Brødre),Drama,4.25,2.0
32799,Maidens in Uniform (Mädchen in Uniform) (1931),Drama|Romance,Maidens in Uniform (Mädchen in Uniform),Drama Romance,3.5,1.0
32862,With Six You Get Eggroll (1968),Comedy|Romance,With Six You Get Eggroll,Comedy Romance,4.0,1.0
32875,Holiday (Jour de fête) (1949),Comedy,Holiday (Jour de fête),Comedy,3.0,1.0
32892,Ivan's Childhood (a.k.a. My Name is Ivan) (Ivanovo detstvo) (1962),Drama|War,Ivan's Childhood (a.k.a. My Name is Ivan) (Ivanovo detstvo),Drama War,2.75,2.0
32898,"Trip to the Moon, A (Voyage dans la lune, Le) (1902)",Action|Adventure|Fantasy|Sci-Fi,"Trip to the Moon, A (Voyage dans la lune, Le)",Action Adventure Fantasy Sci-Fi,3.5,5.0
32906,"Ascent, The (Voskhozhdeniye) (1977)",Drama|War,"Ascent, The (Voskhozhdeniye)",Drama War,3.5,1.0
32914,Carrie (2002),Drama|Horror|Thriller,Carrie,Drama Horror Thriller,3.0,1.0
32917,Boccaccio '70 (1962),Comedy|Fantasy|Romance,Boccaccio '70,Comedy Fantasy Romance,4.0,1.0
33004,"Hitchhiker's Guide to the Galaxy, The (2005)",Adventure|Comedy|Sci-Fi,"Hitchhiker's Guide to the Galaxy, The",Adventure Comedy Sci-Fi,3.4204545454545454,44.0
33085,"Amityville Horror, The (2005)",Horror|Thriller,"Amityville Horror, The",Horror Thriller,2.25,6.0
33090,Mutant Aliens (2001),Animation|Comedy|Sci-Fi,Mutant Aliens,Animation Comedy Sci-Fi,4.0,2.0
33124,Before the Fall (NaPolA - Elite für den Führer) (2004),Drama|War,Before the Fall (NaPolA - Elite für den Führer),Drama War,3.5,1.0
33126,"Frisco Kid, The (1979)",Comedy|Western,"Frisco Kid, The",Comedy Western,2.5,1.0
33132,State Property 2 (2005),Action|Crime|Drama,State Property 2,Action Crime Drama,1.5,1.0
33138,Palindromes (2004),Adventure|Comedy|Drama,Palindromes,Adventure Comedy Drama,5.0,1.0
33145,"Lot Like Love, A (2005)",Comedy|Drama|Romance,"Lot Like Love, A",Comedy Drama Romance,3.0,6.0
33148,King's Ransom (2005),Comedy|Crime,King's Ransom,Comedy Crime,2.5,1.0
33154,Enron: The Smartest Guys in the Room (2005),Documentary,Enron: The Smartest Guys in the Room,Documentary,4.0,6.0
33158,xXx: State of the Union (2005),Action|Crime|Thriller,xXx: State of the Union,Action Crime Thriller,2.0,5.0
33162,Kingdom of Heaven (2005),Action|Drama|Romance|War,Kingdom of Heaven,Action Drama Romance War,3.5,17.0
33164,House of Wax (2005),Horror|Thriller,House of Wax,Horror Thriller,1.8333333333333333,6.0
33166,Crash (2004),Crime|Drama,Crash,Crime Drama,3.89,50.0
33171,Mysterious Skin (2004),Drama|Mystery,Mysterious Skin,Drama Mystery,2.0,2.0
33188,Mischief (1985),Comedy|Romance,Mischief,Comedy Romance,2.5,1.0
33201,Between Your Legs (Entre las piernas) (1999),Drama|Mystery|Romance|Thriller,Between Your Legs (Entre las piernas),Drama Mystery Romance Thriller,4.5,1.0
33237,San Francisco (1936),Drama|Musical|Romance,San Francisco,Drama Musical Romance,4.0,1.0
33294,Vampire Hunter D (1985),Animation|Fantasy|Horror,Vampire Hunter D,Animation Fantasy Horror,2.5,1.0
33310,"Common Thread, A (a.k.a. Sequins) (Brodeuses) (2004)",Drama|Romance,"Common Thread, A (a.k.a. Sequins) (Brodeuses)",Drama Romance,4.5,1.0
33312,"Cocoanuts, The (1929)",Comedy|Musical,"Cocoanuts, The",Comedy Musical,3.5,1.0
33421,Dear Wendy (2005),Drama,Dear Wendy,Drama,3.6666666666666665,3.0
33435,Los Angeles Plays Itself (2003),Documentary,Los Angeles Plays Itself,Documentary,3.5,1.0
33437,Unleashed (Danny the Dog) (2005),Action|Crime|Drama|Thriller,Unleashed (Danny the Dog),Action Crime Drama Thriller,3.4444444444444446,9.0
33493,Star Wars: Episode III - Revenge of the Sith (2005),Action|Adventure|Sci-Fi,Star Wars: Episode III - Revenge of the Sith,Action Adventure Sci-Fi,3.4294871794871793,78.0
33495,Kicking & Screaming (2005),Comedy,Kicking & Screaming,Comedy,2.642857142857143,7.0
33499,Monster-in-Law (2005),Comedy|Romance,Monster-in-Law,Comedy Romance,2.5,4.0
33558,"Snow Walker, The (2003)",Adventure|Drama,"Snow Walker, The",Adventure Drama,3.0,1.0
33564,Divorce - Italian Style (Divorzio all'italiana) (1961),Comedy,Divorce - Italian Style (Divorzio all'italiana),Comedy,4.5,2.0
33615,Madagascar (2005),Adventure|Animation|Children|Comedy,Madagascar,Adventure Animation Children Comedy,3.375,40.0
33629,Airborne (1993),Adventure|Comedy,Airborne,Adventure Comedy,2.5,1.0
33639,Mad Hot Ballroom (2005),Children|Documentary,Mad Hot Ballroom,Children Documentary,3.3333333333333335,3.0
33644,Dominion: Prequel to the Exorcist (2005),Horror|Thriller,Dominion: Prequel to the Exorcist,Horror Thriller,2.5,1.0
33646,"Longest Yard, The (2005)",Comedy|Drama,"Longest Yard, The",Comedy Drama,3.111111111111111,9.0
33649,Saving Face (2004),Comedy|Drama|Romance,Saving Face,Comedy Drama Romance,5.0,1.0
33660,Cinderella Man (2005),Drama|Romance,Cinderella Man,Drama Romance,4.088235294117647,17.0
33669,"Sisterhood of the Traveling Pants, The (2005)",Adventure|Comedy|Drama,"Sisterhood of the Traveling Pants, The",Adventure Comedy Drama,3.0714285714285716,7.0
33672,Lords of Dogtown (2005),Action|Comedy|Drama,Lords of Dogtown,Action Comedy Drama,3.0,7.0
33677,Rock School (2005),Documentary,Rock School,Documentary,3.5,3.0
33679,Mr. & Mrs. Smith (2005),Action|Adventure|Comedy|Romance,Mr. & Mrs. Smith,Action Adventure Comedy Romance,3.2796610169491527,59.0
33681,"Adventures of Sharkboy and Lavagirl 3-D, The (2005)",Action|Adventure|Children|Fantasy,"Adventures of Sharkboy and Lavagirl 3-D, The",Action Adventure Children Fantasy,1.75,2.0
33683,High Tension (Haute tension) (Switchblade Romance) (2003),Horror|Thriller,High Tension (Haute tension) (Switchblade Romance),Horror Thriller,3.75,2.0
33725,It's All Gone Pete Tong (2004),Comedy|Drama|Musical,It's All Gone Pete Tong,Comedy Drama Musical,3.1666666666666665,3.0
33779,Eddie Izzard: Dress to Kill (1999),Comedy,Eddie Izzard: Dress to Kill,Comedy,4.5,2.0
33781,Quo Vadis (1951),Drama|Romance,Quo Vadis,Drama Romance,3.0,2.0
33794,Batman Begins (2005),Action|Crime|IMAX,Batman Begins,Action Crime IMAX,3.8620689655172415,116.0
33801,Godzilla: Final Wars (Gojira: Fainaru uôzu) (2004),Action|Adventure|Fantasy|Sci-Fi,Godzilla: Final Wars (Gojira: Fainaru uôzu),Action Adventure Fantasy Sci-Fi,3.0,1.0
33815,"Perfect Man, The (2005)",Comedy|Drama|Romance,"Perfect Man, The",Comedy Drama Romance,3.0,2.0
33826,Saint Ralph (2004),Comedy|Drama,Saint Ralph,Comedy Drama,2.5,1.0
33830,Herbie: Fully Loaded (2005),Adventure|Comedy|Romance,Herbie: Fully Loaded,Adventure Comedy Romance,3.1666666666666665,3.0
33834,Land of the Dead (2005),Action|Horror|Thriller,Land of the Dead,Action Horror Thriller,3.125,4.0
33836,Bewitched (2005),Comedy|Fantasy|Romance,Bewitched,Comedy Fantasy Romance,2.269230769230769,13.0
33838,Rize (2005),Documentary,Rize,Documentary,3.5,1.0
33880,Me and You and Everyone We Know (2005),Comedy|Drama,Me and You and Everyone We Know,Comedy Drama,3.75,4.0
33893,"Perfect Crime, The (Crimen Ferpecto) (Ferpect Crime) (2004)",Comedy|Crime|Thriller,"Perfect Crime, The (Crimen Ferpecto) (Ferpect Crime)",Comedy Crime Thriller,4.5,1.0
33896,3 Extremes (Three... Extremes) (Saam gaang yi) (2004),Horror,3 Extremes (Three... Extremes) (Saam gaang yi),Horror,3.3333333333333335,3.0
33903,"Edukators, The (Die Fetten Jahre sind vorbei) (2004)",Comedy|Crime|Drama|Romance,"Edukators, The (Die Fetten Jahre sind vorbei)",Comedy Crime Drama Romance,4.0,5.0
33966,Cop and ½ (1993),Comedy,Cop and ½,Comedy,1.5,1.0
34018,At the Circus (1939),Comedy|Musical,At the Circus,Comedy Musical,3.0,1.0
34048,War of the Worlds (2005),Action|Adventure|Sci-Fi|Thriller,War of the Worlds,Action Adventure Sci-Fi Thriller,3.15,50.0
34072,"March of the Penguins (Marche de l'empereur, La) (2005)",Documentary,"March of the Penguins (Marche de l'empereur, La)",Documentary,3.5555555555555554,18.0
34129,Rebound (2005),Comedy,Rebound,Comedy,3.0,1.0
34143,Dark Water (2005),Drama|Horror|Thriller,Dark Water,Drama Horror Thriller,2.0,3.0
34148,"Beat That My Heart Skipped, The (battre mon coeur s'est arrêté, De) (2005)",Drama,"Beat That My Heart Skipped, The (battre mon coeur s'est arrêté, De)",Drama,3.0,2.0
34150,Fantastic Four (2005),Action|Adventure|Sci-Fi,Fantastic Four,Action Adventure Sci-Fi,2.763888888888889,36.0
34153,Murderball (2005),Documentary,Murderball,Documentary,3.8333333333333335,3.0
34162,Wedding Crashers (2005),Comedy|Romance,Wedding Crashers,Comedy Romance,3.5086206896551726,58.0
34164,Happy Endings (2005),Comedy|Drama,Happy Endings,Comedy Drama,3.5,1.0
34271,Hustle & Flow (2005),Crime|Drama,Hustle & Flow,Crime Drama,3.75,4.0
34292,Hardware (1990),Action|Horror|Sci-Fi,Hardware,Action Horror Sci-Fi,1.5,1.0
34312,"Calcium Kid, The (2004)",Comedy,"Calcium Kid, The",Comedy,5.0,1.0
34319,"Island, The (2005)",Action|Sci-Fi|Thriller,"Island, The",Action Sci-Fi Thriller,3.3548387096774195,31.0
34321,Bad News Bears (2005),Children|Comedy,Bad News Bears,Children Comedy,3.0,3.0
34323,"Devil's Rejects, The (2005)",Action|Crime|Horror,"Devil's Rejects, The",Action Crime Horror,3.7142857142857144,7.0
34326,Last Days (2005),Drama,Last Days,Drama,3.0,2.0
34330,November (2004),Drama|Mystery,November,Drama Mystery,3.0,1.0
34332,Sky High (2005),Action|Adventure|Children|Comedy,Sky High,Action Adventure Children Comedy,2.9166666666666665,6.0
34334,Stealth (2005),Action|Adventure|Sci-Fi|Thriller,Stealth,Action Adventure Sci-Fi Thriller,2.5,5.0
34336,Must Love Dogs (2005),Comedy|Romance,Must Love Dogs,Comedy Romance,2.0,4.0
34338,"Aristocrats, The (2005)",Comedy|Documentary,"Aristocrats, The",Comedy Documentary,3.35,10.0
34359,Georgy Girl (1966),Comedy,Georgy Girl,Comedy,4.0,1.0
34397,"Order, The (2001)",Action|Adventure|Drama|Thriller,"Order, The",Action Adventure Drama Thriller,3.0,1.0
34405,Serenity (2005),Action|Adventure|Sci-Fi,Serenity,Action Adventure Sci-Fi,3.94,50.0
34437,Broken Flowers (2005),Comedy|Drama,Broken Flowers,Comedy Drama,3.4761904761904763,21.0
34450,Miracles - Mr. Canton and Lady Rose (1989),Action|Comedy|Crime|Drama,Miracles - Mr. Canton and Lady Rose,Action Comedy Crime Drama,4.5,1.0
34482,"Browning Version, The (1951)",Drama,"Browning Version, The",Drama,0.0,0.0
34520,"Dukes of Hazzard, The (2005)",Action|Adventure|Comedy,"Dukes of Hazzard, The",Action Adventure Comedy,2.0833333333333335,12.0
34523,The Chumscrubber (2005),Comedy|Drama,The Chumscrubber,Comedy Drama,2.0,3.0
34528,Junebug (2005),Comedy|Drama,Junebug,Comedy Drama,3.6666666666666665,3.0
34530,Deuce Bigalow: European Gigolo (2005),Comedy,Deuce Bigalow: European Gigolo,Comedy,2.8333333333333335,3.0
34532,"Skeleton Key, The (2005)",Drama|Horror|Mystery|Thriller,"Skeleton Key, The",Drama Horror Mystery Thriller,3.0,4.0
34534,Four Brothers (2005),Action|Crime|Drama,Four Brothers,Action Crime Drama,3.5714285714285716,7.0
34536,The Great Raid (2005),Action|Drama|War,The Great Raid,Action Drama War,3.1666666666666665,3.0
34540,Pretty Persuasion (2005),Comedy|Drama,Pretty Persuasion,Comedy Drama,3.0,1.0
34542,Grizzly Man (2005),Documentary,Grizzly Man,Documentary,3.7,5.0
34800,Private Resort (1985),Comedy,Private Resort,Comedy,1.5,1.0
34811,Pusher II: With Blood on My Hands (2004),Action|Crime|Drama|Thriller,Pusher II: With Blood on My Hands,Action Crime Drama Thriller,2.5,1.0
35015,Duma (2005),Adventure|Drama,Duma,Adventure Drama,3.5,1.0
35347,Animal Farm (1954),Animation|Drama,Animal Farm,Animation Drama,1.0,1.0
35807,"Teahouse of the August Moon, The (1956)",Comedy,"Teahouse of the August Moon, The",Comedy,4.0,1.0
35836,"40-Year-Old Virgin, The (2005)",Comedy|Romance,"40-Year-Old Virgin, The",Comedy Romance,3.5472972972972974,74.0
35957,Red Eye (2005),Horror|Thriller,Red Eye,Horror Thriller,3.388888888888889,9.0
36276,Hidden (a.k.a. Cache) (Caché) (2005),Drama|Mystery|Thriller,Hidden (a.k.a. Cache) (Caché),Drama Mystery Thriller,2.5,2.0
36289,Asterix & Obelix vs. Caesar (Astérix et Obélix contre César) (1999),Adventure|Children|Comedy|Fantasy,Asterix & Obelix vs. Caesar (Astérix et Obélix contre César),Adventure Children Comedy Fantasy,4.0,1.0
36363,Kin-Dza-Dza! (1986),Comedy|Drama|Sci-Fi,Kin-Dza-Dza!,Comedy Drama Sci-Fi,3.75,2.0
36397,Valiant (2005),Adventure|Animation|Children|Comedy|Fantasy|War,Valiant,Adventure Animation Children Comedy Fantasy War,1.5,1.0
36401,"Brothers Grimm, The (2005)",Comedy|Fantasy|Horror|Thriller,"Brothers Grimm, The",Comedy Fantasy Horror Thriller,2.625,20.0
36477,"Baxter, The (2005)",Comedy|Drama|Romance,"Baxter, The",Comedy Drama Romance,4.0,1.0
36509,"Cave, The (2005)",Action|Adventure|Horror|Mystery|Sci-Fi|Thriller,"Cave, The",Action Adventure Horror Mystery Sci-Fi Thriller,2.6666666666666665,3.0
36517,"Constant Gardener, The (2005)",Drama|Thriller,"Constant Gardener, The",Drama Thriller,3.4615384615384617,13.0
36519,Transporter 2 (2005),Action|Crime|Thriller,Transporter 2,Action Crime Thriller,3.21875,16.0
36525,Just Like Heaven (2005),Comedy|Fantasy|Romance,Just Like Heaven,Comedy Fantasy Romance,2.6875,8.0
36527,Proof (2005),Drama,Proof,Drama,3.5714285714285716,7.0
36529,Lord of War (2005),Action|Crime|Drama|Thriller|War,Lord of War,Action Crime Drama Thriller War,3.7142857142857144,35.0
36533,Cry_Wolf (a.k.a. Cry Wolf) (2005),Drama|Horror|Mystery|Thriller,Cry_Wolf (a.k.a. Cry Wolf),Drama Horror Mystery Thriller,2.25,2.0
36535,Everything Is Illuminated (2005),Comedy|Drama,Everything Is Illuminated,Comedy Drama,3.7777777777777777,9.0
36537,Thumbsucker (2005),Comedy|Drama,Thumbsucker,Comedy Drama,3.3333333333333335,3.0
36708,Family Guy Presents Stewie Griffin: The Untold Story (2005),Adventure|Animation|Comedy,Family Guy Presents Stewie Griffin: The Untold Story,Adventure Animation Comedy,3.7083333333333335,12.0
36850,Police Story 2 (Ging chaat goo si juk jaap) (1988),Action|Comedy|Crime|Thriller,Police Story 2 (Ging chaat goo si juk jaap),Action Comedy Crime Thriller,3.75,2.0
36931,New Police Story (Xin jing cha gu shi) (2004),Action|Crime|Drama,New Police Story (Xin jing cha gu shi),Action Crime Drama,3.5,1.0
37211,Go West (1940),Comedy|Musical|Western,Go West,Comedy Musical Western,3.0,1.0
37240,Why We Fight (2005),Documentary,Why We Fight,Documentary,3.5,4.0
37380,Doom (2005),Action|Horror|Sci-Fi,Doom,Action Horror Sci-Fi,2.15,10.0
37382,Domino (2005),Crime|Drama|Thriller,Domino,Crime Drama Thriller,2.875,8.0
37384,Waiting... (2005),Comedy,Waiting...,Comedy,3.269230769230769,13.0
37386,Aeon Flux (2005),Action|Sci-Fi,Aeon Flux,Action Sci-Fi,2.761904761904762,21.0
37444,Frankenstein 90 (1984),Comedy|Horror|Romance,Frankenstein 90,Comedy Horror Romance,4.0,1.0
37475,"Unfinished Life, An (2005)",Drama,"Unfinished Life, An",Drama,3.0,1.0
37477,"Man, The (2005)",Action|Comedy|Crime,"Man, The",Action Comedy Crime,2.5,1.0
37495,Survive Style 5+ (2004),Fantasy|Mystery|Romance|Thriller,Survive Style 5+,Fantasy Mystery Romance Thriller,3.5,1.0
37545,Woyzeck (1979),Drama,Woyzeck,Drama,3.25,2.0
37720,"Exorcism of Emily Rose, The (2005)",Crime|Drama|Horror|Thriller,"Exorcism of Emily Rose, The",Crime Drama Horror Thriller,2.9166666666666665,6.0
37727,Flightplan (2005),Action|Drama|Thriller,Flightplan,Action Drama Thriller,2.8636363636363638,11.0
37729,Corpse Bride (2005),Animation|Comedy|Fantasy|Musical|Romance,Corpse Bride,Animation Comedy Fantasy Musical Romance,3.534090909090909,44.0
37731,Green Street Hooligans (a.k.a. Hooligans) (2005),Crime|Drama,Green Street Hooligans (a.k.a. Hooligans),Crime Drama,3.7222222222222223,9.0
37733,"History of Violence, A (2005)",Action|Crime|Drama|Thriller,"History of Violence, A",Action Crime Drama Thriller,3.5,27.0
37736,Oliver Twist (2005),Drama,Oliver Twist,Drama,3.5,3.0
37739,"Greatest Game Ever Played, The (2005)",Drama,"Greatest Game Ever Played, The",Drama,3.3,5.0
37741,Capote (2005),Crime|Drama,Capote,Crime Drama,3.869565217391304,23.0
37830,Final Fantasy VII: Advent Children (2004),Action|Adventure|Animation|Fantasy|Sci-Fi,Final Fantasy VII: Advent Children,Action Adventure Animation Fantasy Sci-Fi,3.55,10.0
37844,Roll Bounce (2005),Comedy|Drama|Romance,Roll Bounce,Comedy Drama Romance,2.0,1.0
37853,Into the Blue (2005),Action|Adventure|Crime|Thriller,Into the Blue,Action Adventure Crime Thriller,2.5,2.0
37857,MirrorMask (2005),Adventure|Children|Drama|Fantasy,MirrorMask,Adventure Children Drama Fantasy,3.611111111111111,9.0
38038,Wallace & Gromit in The Curse of the Were-Rabbit (2005),Adventure|Animation|Children|Comedy,Wallace & Gromit in The Curse of the Were-Rabbit,Adventure Animation Children Comedy,3.6333333333333333,30.0
38061,Kiss Kiss Bang Bang (2005),Comedy|Crime|Mystery|Thriller,Kiss Kiss Bang Bang,Comedy Crime Mystery Thriller,4.071428571428571,35.0
38095,"Bittersweet Life, A (Dalkomhan insaeng) (2005)",Action|Crime|Drama,"Bittersweet Life, A (Dalkomhan insaeng)",Action Crime Drama,4.166666666666667,3.0
38159,"Short Film About Love, A (Krótki film o milosci) (1988)",Drama|Romance,"Short Film About Love, A (Krótki film o milosci)",Drama Romance,4.5,1.0
38164,"All This, and Heaven Too (1940)",Drama|Romance,"All This, and Heaven Too",Drama Romance,4.0,1.0
38198,Darwin's Nightmare (2004),Documentary,Darwin's Nightmare,Documentary,4.0,1.0
38294,Beowulf & Grendel (2005),Action|Adventure|Drama|Fantasy,Beowulf & Grendel,Action Adventure Drama Fantasy,2.5,1.0
38304,No Direction Home: Bob Dylan (2005),Documentary,No Direction Home: Bob Dylan,Documentary,4.625,4.0
38388,Goal! The Dream Begins (Goal!) (2005),Drama,Goal! The Dream Begins (Goal!),Drama,4.25,2.0
38583,"Wraith, The (1986)",Action|Horror|Sci-Fi|Thriller,"Wraith, The",Action Horror Sci-Fi Thriller,2.5,1.0
38798,In Her Shoes (2005),Comedy|Drama,In Her Shoes,Comedy Drama,3.125,4.0
38886,"Squid and the Whale, The (2005)",Comedy|Drama,"Squid and the Whale, The",Comedy Drama,3.4444444444444446,9.0
38992,Two for the Money (2005),Drama,Two for the Money,Drama,3.5,1.0
39183,Brokeback Mountain (2005),Drama|Romance,Brokeback Mountain,Drama Romance,3.5588235294117645,34.0
39231,Elizabethtown (2005),Comedy|Drama|Romance,Elizabethtown,Comedy Drama Romance,3.5,4.0
39234,North Country (2005),Drama,North Country,Drama,3.5,4.0
39292,"Good Night, and Good Luck. (2005)",Crime|Drama,"Good Night, and Good Luck.",Crime Drama,3.775,20.0
39307,Dreamer: Inspired by a True Story (2005),Children|Drama,Dreamer: Inspired by a True Story,Children Drama,2.5,1.0
39381,"Proposition, The (2005)",Crime|Drama|Western,"Proposition, The",Crime Drama Western,3.5625,8.0
39400,"Fog, The (2005)",Action|Horror|Mystery|Thriller,"Fog, The",Action Horror Mystery Thriller,2.1,5.0
39414,Shopgirl (2005),Comedy|Drama|Romance,Shopgirl,Comedy Drama Romance,3.0,7.0
39427,Stay (2005),Thriller,Stay,Thriller,3.0,4.0
39435,"Legend of Zorro, The (2005)",Action|Adventure|Drama|Western,"Legend of Zorro, The",Action Adventure Drama Western,2.9,5.0
39444,"Weather Man, The (2005)",Comedy|Drama,"Weather Man, The",Comedy Drama,3.388888888888889,9.0
39446,Saw II (2005),Horror|Thriller,Saw II,Horror Thriller,2.8076923076923075,13.0
39449,Prime (2005),Comedy|Drama|Romance,Prime,Comedy Drama Romance,2.6,5.0
39516,Don't Move (Non ti muovere) (2004),Drama,Don't Move (Non ti muovere),Drama,4.5,1.0
39715,American Pie Presents: Band Camp (American Pie 4: Band Camp) (2005),Comedy,American Pie Presents: Band Camp (American Pie 4: Band Camp),Comedy,2.142857142857143,7.0
39801,"Great Yokai War, The (Yôkai daisensô) (2005)",Adventure|Comedy|Fantasy|Horror,"Great Yokai War, The (Yôkai daisensô)",Adventure Comedy Fantasy Horror,2.75,2.0
39869,Manderlay (2005),Drama,Manderlay,Drama,4.125,4.0
40148,Revolver (2005),Crime|Drama|Thriller,Revolver,Crime Drama Thriller,3.357142857142857,7.0
40278,Jarhead (2005),Action|Drama|War,Jarhead,Action Drama War,3.676470588235294,17.0
40339,Chicken Little (2005),Action|Adventure|Animation|Children|Comedy|Sci-Fi,Chicken Little,Action Adventure Animation Children Comedy Sci-Fi,2.2857142857142856,7.0
40412,Dead Man's Shoes (2004),Crime|Thriller,Dead Man's Shoes,Crime Thriller,4.75,2.0
40414,Joyeux Noël (Merry Christmas) (2005),Drama|War,Joyeux Noël (Merry Christmas),Drama War,3.7,5.0
40478,Night of the Lepus (1972),Horror|Sci-Fi|Thriller,Night of the Lepus,Horror Sci-Fi Thriller,2.5,1.0
40491,"Match Factory Girl, The (Tulitikkutehtaan tyttö) (1990)",Comedy|Drama,"Match Factory Girl, The (Tulitikkutehtaan tyttö)",Comedy Drama,5.0,1.0
40578,Sword of the Beast (Kedamono no ken) (1965),Action|Drama,Sword of the Beast (Kedamono no ken),Action Drama,3.0,1.0
40581,Just Friends (2005),Comedy|Romance,Just Friends,Comedy Romance,2.9166666666666665,6.0
40583,Syriana (2005),Drama|Thriller,Syriana,Drama Thriller,3.53125,16.0
40597,One-Way Ticket to Mombasa (Menolippu Mombasaan) (2002),Comedy|Drama,One-Way Ticket to Mombasa (Menolippu Mombasaan),Comedy Drama,2.0,1.0
40614,Derailed (2005),Drama|Thriller,Derailed,Drama Thriller,3.25,4.0
40617,Creep (2004),Horror|Thriller,Creep,Horror Thriller,3.0,1.0
40629,Pride & Prejudice (2005),Drama|Romance,Pride & Prejudice,Drama Romance,3.5555555555555554,27.0
40697,Babylon 5,Sci-Fi,Babylon 5,Sci-Fi,2.25,2.0
40723,Wolf Creek (2005),Crime|Horror|Thriller,Wolf Creek,Crime Horror Thriller,3.25,4.0
40732,"Descent, The (2005)",Adventure|Drama|Horror|Thriller,"Descent, The",Adventure Drama Horror Thriller,3.5454545454545454,11.0
40815,Harry Potter and the Goblet of Fire (2005),Adventure|Fantasy|Thriller|IMAX,Harry Potter and the Goblet of Fire,Adventure Fantasy Thriller IMAX,3.816901408450704,71.0
40819,Walk the Line (2005),Drama|Musical|Romance,Walk the Line,Drama Musical Romance,3.7564102564102564,39.0
40826,Rent (2005),Drama|Musical|Romance,Rent,Drama Musical Romance,3.15,10.0
40851,Zathura (2005),Action|Adventure|Children|Fantasy,Zathura,Action Adventure Children Fantasy,3.375,4.0
40870,C.R.A.Z.Y. (2005),Drama,C.R.A.Z.Y.,Drama,3.5,2.0
40946,Sarah Silverman: Jesus Is Magic (2005),Comedy|Musical,Sarah Silverman: Jesus Is Magic,Comedy Musical,2.0,2.0
40955,Breakfast on Pluto (2005),Comedy|Drama,Breakfast on Pluto,Comedy Drama,3.875,4.0
40959,"Ice Harvest, The (2005)",Action|Comedy|Crime|Thriller,"Ice Harvest, The",Action Comedy Crime Thriller,3.6666666666666665,3.0
40962,"Yours, Mine and Ours (2005)",Comedy|Romance,"Yours, Mine and Ours",Comedy Romance,3.3333333333333335,3.0
40966,"Libertine, The (2004)",Drama,"Libertine, The",Drama,3.5,1.0
41014,"Bird with the Crystal Plumage, The (Uccello dalle piume di cristallo, L') (1970)",Crime|Horror|Mystery|Thriller,"Bird with the Crystal Plumage, The (Uccello dalle piume di cristallo, L')",Crime Horror Mystery Thriller,4.0,1.0
41285,Match Point (2005),Crime|Drama|Romance,Match Point,Crime Drama Romance,3.4411764705882355,17.0
41527,Paradise Now (2005),Crime|Drama|Thriller|War,Paradise Now,Crime Drama Thriller War,4.0,2.0
41566,"Chronicles of Narnia: The Lion, the Witch and the Wardrobe, The (2005)",Adventure|Children|Fantasy,"Chronicles of Narnia: The Lion, the Witch and the Wardrobe, The",Adventure Children Fantasy,3.443548387096774,62.0
41569,King Kong (2005),Action|Adventure|Drama|Fantasy|Thriller,King Kong,Action Adventure Drama Fantasy Thriller,3.4,40.0
41571,Memoirs of a Geisha (2005),Drama|Romance,Memoirs of a Geisha,Drama Romance,3.5833333333333335,12.0
41573,"Family Stone, The (2005)",Comedy|Drama|Romance,"Family Stone, The",Comedy Drama Romance,2.875,8.0
41617,Havoc (2005),Crime|Drama|Romance,Havoc,Crime Drama Romance,2.75,2.0
41627,Samurai Rebellion (Jôi-uchi: Hairyô tsuma shimatsu) (1967),Action|Drama,Samurai Rebellion (Jôi-uchi: Hairyô tsuma shimatsu),Action Drama,3.5,1.0
41712,"Room for Romeo Brass, A (1999)",Comedy|Drama,"Room for Romeo Brass, A",Comedy Drama,4.0,1.0
41716,"Matador, The (2005)",Comedy|Drama|Thriller,"Matador, The",Comedy Drama Thriller,3.2142857142857144,7.0
41724,Wal-Mart: The High Cost of Low Price (2005),Documentary,Wal-Mart: The High Cost of Low Price,Documentary,4.5,1.0
41769,Mozart and the Whale (2005),Comedy|Drama|Romance,Mozart and the Whale,Comedy Drama Romance,2.5,1.0
41828,Don't Look Now: We're Being Shot At (La grande vadrouille) (1966),Comedy|War,Don't Look Now: We're Being Shot At (La grande vadrouille),Comedy War,4.5,1.0
41863,"Three Burials of Melquiades Estrada, The (2006)",Adventure|Crime|Drama,"Three Burials of Melquiades Estrada, The",Adventure Crime Drama,4.0,5.0
41997,Munich (2005),Action|Crime|Drama|Thriller,Munich,Action Crime Drama Thriller,3.8095238095238093,21.0
42002,"Producers, The (2005)",Comedy|Musical,"Producers, The",Comedy Musical,3.388888888888889,9.0
42004,Transamerica (2005),Adventure|Comedy|Drama,Transamerica,Adventure Comedy Drama,3.5,6.0
42007,Rumor Has It... (2005),Comedy|Drama|Romance,Rumor Has It...,Comedy Drama Romance,2.8333333333333335,3.0
42009,Cheaper by the Dozen 2 (2005),Adventure|Comedy,Cheaper by the Dozen 2,Adventure Comedy,1.875,4.0
42011,Fun with Dick and Jane (2005),Comedy|Crime,Fun with Dick and Jane,Comedy Crime,2.1818181818181817,11.0
42013,"Ringer, The (2005)",Comedy,"Ringer, The",Comedy,2.75,4.0
42015,Casanova (2005),Action|Adventure|Comedy|Drama|Romance,Casanova,Action Adventure Comedy Drama Romance,3.0,3.0
42018,Mrs. Henderson Presents (2005),Comedy|Drama,Mrs. Henderson Presents,Comedy Drama,2.0,2.0
42176,"Ear, The (Ucho) (1970)",Drama|Thriller,"Ear, The (Ucho)",Drama Thriller,4.0,1.0
42191,Luxo Jr. (1986),Animation|Children,Luxo Jr.,Animation Children,3.75,2.0
42285,"Dentist, The (1996)",Horror|Thriller,"Dentist, The",Horror Thriller,3.0,1.0
42418,"New World, The (2005)",Adventure|Drama|Romance,"New World, The",Adventure Drama Romance,3.2,5.0
42422,Voices of a Distant Star (Hoshi no koe) (2003),Animation|Drama|Romance|Sci-Fi,Voices of a Distant Star (Hoshi no koe),Animation Drama Romance Sci-Fi,4.5,1.0
42556,7 Faces of Dr. Lao (1964),Fantasy|Mystery|Western,7 Faces of Dr. Lao,Fantasy Mystery Western,5.0,1.0
42559,Samurai Assassin (Samurai) (1965),Action|Adventure|Drama,Samurai Assassin (Samurai),Action Adventure Drama,3.0,1.0
42602,"Boys of Baraka, The (2005)",Documentary,"Boys of Baraka, The",Documentary,3.5,1.0
42632,Lady Vengeance (Sympathy for Lady Vengeance) (Chinjeolhan geumjassi) (2005),Crime|Drama|Mystery|Thriller,Lady Vengeance (Sympathy for Lady Vengeance) (Chinjeolhan geumjassi),Crime Drama Mystery Thriller,4.0,5.0
42638,Grand Theft Parsons (2003),Comedy|Drama,Grand Theft Parsons,Comedy Drama,2.5,1.0
42718,District 13 (Banlieue 13) (2004),Action|Crime|Sci-Fi,District 13 (Banlieue 13),Action Crime Sci-Fi,3.8,5.0
42723,Hostel (2005),Horror,Hostel,Horror,2.8636363636363638,11.0
42725,Grandma's Boy (2006),Comedy,Grandma's Boy,Comedy,2.5714285714285716,7.0
42728,Tristan & Isolde (2006),Drama|Romance,Tristan & Isolde,Drama Romance,3.6,5.0
42730,Glory Road (2006),Drama,Glory Road,Drama,3.75,2.0
42732,Last Holiday (2006),Comedy,Last Holiday,Comedy,3.5,3.0
42734,Hoodwinked! (2005),Animation|Children|Comedy,Hoodwinked!,Animation Children Comedy,3.25,4.0
42738,Underworld: Evolution (2006),Action|Fantasy|Horror,Underworld: Evolution,Action Fantasy Horror,3.09375,16.0
42740,Looking for Comedy in the Muslim World (2005),Comedy,Looking for Comedy in the Muslim World,Comedy,3.5,1.0
42761,Casper Meets Wendy (1998),Adventure|Children|Comedy|Fantasy,Casper Meets Wendy,Adventure Children Comedy Fantasy,4.5,1.0
42943,Revolution (1985),Adventure|Drama|War,Revolution,Adventure Drama War,2.5,1.0
42946,Project A ('A' gai waak) (1983),Action|Comedy,Project A ('A' gai waak),Action Comedy,4.0,2.0
43289,"Bird People in China, The (Chûgoku no chôjin) (1998)",Adventure|Comedy|Drama|Fantasy,"Bird People in China, The (Chûgoku no chôjin)",Adventure Comedy Drama Fantasy,4.0,1.0
43333,Water (2005),Drama|Romance,Water,Drama Romance,3.5,1.0
43376,Sophie Scholl: The Final Days (Sophie Scholl - Die letzten Tage) (2005),Drama|War,Sophie Scholl: The Final Days (Sophie Scholl - Die letzten Tage),Drama War,4.625,4.0
43396,"World's Fastest Indian, The (2005)",Drama,"World's Fastest Indian, The",Drama,3.7857142857142856,7.0
43419,Bandidas (2006),Action|Comedy|Crime|Western,Bandidas,Action Comedy Crime Western,1.0,1.0
43460,Tristram Shandy: A Cock and Bull Story (2005),Comedy|Drama,Tristram Shandy: A Cock and Bull Story,Comedy Drama,3.3333333333333335,3.0
43549,Helter Skelter (2004),Action|Crime|Drama|Horror,Helter Skelter,Action Crime Drama Horror,3.5,1.0
43556,Annapolis (2006),Drama,Annapolis,Drama,2.75,2.0
43558,Big Momma's House 2 (2006),Action|Comedy|Crime,Big Momma's House 2,Action Comedy Crime,2.0,1.0
43560,Nanny McPhee (2005),Children|Comedy|Fantasy,Nanny McPhee,Children Comedy Fantasy,3.1666666666666665,6.0
43677,"Tuskegee Airmen, The (1995)",Drama|War,"Tuskegee Airmen, The",Drama War,2.0,1.0
43679,Final Destination 3 (2006),Horror|Mystery|Thriller,Final Destination 3,Horror Mystery Thriller,2.8333333333333335,9.0
43684,Something New (2006),Comedy|Drama|Romance,Something New,Comedy Drama Romance,4.5,1.0
43708,Block Party (a.k.a. Dave Chappelle's Block Party) (2005),Comedy|Documentary,Block Party (a.k.a. Dave Chappelle's Block Party),Comedy Documentary,3.1666666666666665,3.0
43744,Imagine Me & You (2005),Comedy|Drama|Romance,Imagine Me & You,Comedy Drama Romance,3.5,1.0
43836,"Pink Panther, The (2006)",Adventure|Comedy|Crime,"Pink Panther, The",Adventure Comedy Crime,2.857142857142857,7.0
43869,Curious George (2006),Adventure|Animation|Children|Comedy,Curious George,Adventure Animation Children Comedy,3.5,2.0
43871,Firewall (2006),Crime|Drama|Thriller,Firewall,Crime Drama Thriller,2.75,8.0
43904,When a Stranger Calls (2006),Horror|Thriller,When a Stranger Calls,Horror Thriller,1.3,5.0
43908,London (2005),Drama,London,Drama,3.0,1.0
43912,Freedomland (2006),Crime|Drama,Freedomland,Crime Drama,2.0,1.0
43914,Winter Passing (2005),Drama,Winter Passing,Drama,4.0,1.0
43917,Eight Below (2006),Action|Adventure|Drama|Romance,Eight Below,Action Adventure Drama Romance,3.0,4.0
43919,Date Movie (2006),Comedy|Romance,Date Movie,Comedy Romance,0.8333333333333334,3.0
43921,Running Scared (2006),Action|Crime|Thriller,Running Scared,Action Crime Thriller,3.3,5.0
43928,Ultraviolet (2006),Action|Fantasy|Sci-Fi|Thriller,Ultraviolet,Action Fantasy Sci-Fi Thriller,1.9230769230769231,13.0
43930,Just My Luck (2006),Comedy|Romance,Just My Luck,Comedy Romance,3.0,1.0
43932,Pulse (2006),Action|Drama|Fantasy|Horror|Mystery|Sci-Fi|Thriller,Pulse,Action Drama Fantasy Horror Mystery Sci-Fi Thriller,1.75,2.0
43936,16 Blocks (2006),Crime|Thriller,16 Blocks,Crime Thriller,3.0,9.0
44004,Failure to Launch (2006),Comedy|Romance,Failure to Launch,Comedy Romance,3.25,6.0
44020,Ultimate Avengers (2006),Action|Animation|Children|Sci-Fi,Ultimate Avengers,Action Animation Children Sci-Fi,2.75,2.0
44022,Ice Age 2: The Meltdown (2006),Adventure|Animation|Children|Comedy,Ice Age 2: The Meltdown,Adventure Animation Children Comedy,3.217391304347826,23.0
44189,Ask the Dust (2006),Drama|Romance,Ask the Dust,Drama Romance,4.0,1.0
44191,V for Vendetta (2006),Action|Sci-Fi|Thriller|IMAX,V for Vendetta,Action Sci-Fi Thriller IMAX,3.885,100.0
44193,She's the Man (2006),Comedy|Romance,She's the Man,Comedy Romance,3.75,6.0
44195,Thank You for Smoking (2006),Comedy|Drama,Thank You for Smoking,Comedy Drama,4.027777777777778,36.0
44197,Find Me Guilty (2006),Comedy|Crime|Drama,Find Me Guilty,Comedy Crime Drama,3.0,1.0
44199,Inside Man (2006),Crime|Drama|Thriller,Inside Man,Crime Drama Thriller,3.8,40.0
44204,Tsotsi (2005),Crime|Drama,Tsotsi,Crime Drama,3.25,4.0
44225,Aquamarine (2006),Children|Comedy|Fantasy,Aquamarine,Children Comedy Fantasy,2.0,2.0
44238,Leprechaun 2 (1994),Comedy|Fantasy|Horror,Leprechaun 2,Comedy Fantasy Horror,2.5,1.0
44241,Leprechaun 3 (1995),Comedy|Fantasy|Horror,Leprechaun 3,Comedy Fantasy Horror,2.0,1.0
44243,Leprechaun 4: In Space (1997),Comedy|Fantasy|Horror|Sci-Fi,Leprechaun 4: In Space,Comedy Fantasy Horror Sci-Fi,0.5,1.0
44301,Lights in the Dusk (Laitakaupungin valot) (2006),Crime|Drama,Lights in the Dusk (Laitakaupungin valot),Crime Drama,3.5,1.0
44397,"Hills Have Eyes, The (2006)",Drama|Horror|Thriller,"Hills Have Eyes, The",Drama Horror Thriller,3.0833333333333335,6.0
44399,"Shaggy Dog, The (2006)",Adventure|Children|Comedy|Fantasy,"Shaggy Dog, The",Adventure Children Comedy Fantasy,1.25,2.0
44511,Unknown White Male (2005),Documentary,Unknown White Male,Documentary,3.5,1.0
44555,"Lives of Others, The (Das leben der Anderen) (2006)",Drama|Romance|Thriller,"Lives of Others, The (Das leben der Anderen)",Drama Romance Thriller,4.117647058823529,34.0
44597,Youth of the Beast (Yaju no seishun) (1963),Action|Crime|Mystery,Youth of the Beast (Yaju no seishun),Action Crime Mystery,4.0,1.0
44613,Take the Lead (2006),Drama,Take the Lead,Drama,3.75,2.0
44633,"Devil and Daniel Johnston, The (2005)",Documentary,"Devil and Daniel Johnston, The",Documentary,4.5,1.0
44657,Mouchette (1967),Drama,Mouchette,Drama,3.0,1.0
44665,Lucky Number Slevin (2006),Crime|Drama|Mystery,Lucky Number Slevin,Crime Drama Mystery,3.8552631578947367,38.0
44694,Volver (2006),Comedy|Drama,Volver,Comedy Drama,3.8125,8.0
44709,Akeelah and the Bee (2006),Drama,Akeelah and the Bee,Drama,3.8,5.0
44719,Brainstorm (2001),Drama,Brainstorm,Drama,2.5,1.0
44731,Stay Alive (2006),Horror|Sci-Fi|Thriller,Stay Alive,Horror Sci-Fi Thriller,1.3333333333333333,3.0
44759,Basic Instinct 2 (2006),Crime|Drama|Mystery|Thriller,Basic Instinct 2,Crime Drama Mystery Thriller,2.1666666666666665,3.0
44761,Brick (2005),Crime|Drama|Film-Noir|Mystery,Brick,Crime Drama Film-Noir Mystery,3.875,12.0
44773,"Dead Hate the Living!, The (2000)",Comedy|Horror,"Dead Hate the Living!, The",Comedy Horror,3.0,1.0
44777,Evil Aliens (2005),Comedy|Horror|Sci-Fi,Evil Aliens,Comedy Horror Sci-Fi,4.5,1.0
44788,This Film Is Not Yet Rated (2006),Documentary,This Film Is Not Yet Rated,Documentary,3.5,6.0
44828,Slither (2006),Comedy|Horror|Sci-Fi,Slither,Comedy Horror Sci-Fi,3.0,5.0
44840,"Benchwarmers, The (2006)",Comedy,"Benchwarmers, The",Comedy,2.772727272727273,11.0
44849,Renaissance (2006),Action|Animation|Film-Noir|Sci-Fi|Thriller,Renaissance,Action Animation Film-Noir Sci-Fi Thriller,2.5,1.0
44851,Go for Zucker! (Alles auf Zucker!) (2004),Comedy,Go for Zucker! (Alles auf Zucker!),Comedy,5.0,1.0
44864,Friends with Money (2006),Comedy|Drama|Romance,Friends with Money,Comedy Drama Romance,3.25,4.0
44889,Reefer Madness: The Movie Musical (2005),Comedy|Drama|Musical,Reefer Madness: The Movie Musical,Comedy Drama Musical,4.75,2.0
44929,Candy (2006),Drama|Romance,Candy,Drama Romance,4.25,2.0
44931,Secrets of a Soul (Geheimnisse einer Seele) (1926),Drama,Secrets of a Soul (Geheimnisse einer Seele),Drama,4.5,1.0
44937,"Child, The (L'enfant) (2005)",Crime|Drama,"Child, The (L'enfant)",Crime Drama,4.0,1.0
44943,9/11 (2002),Documentary,9/11,Documentary,5.0,1.0
44972,Scary Movie 4 (2006),Comedy|Horror,Scary Movie 4,Comedy Horror,2.25,12.0
44974,Hard Candy (2005),Drama|Thriller,Hard Candy,Drama Thriller,3.5,12.0
45028,"Prairie Home Companion, A (2006)",Comedy|Drama|Musical,"Prairie Home Companion, A",Comedy Drama Musical,3.6666666666666665,6.0
45062,"Sentinel, The (2006)",Crime|Drama|Thriller,"Sentinel, The",Crime Drama Thriller,2.75,2.0
45074,"Wild, The (2006)",Adventure|Animation|Children|Comedy|Fantasy,"Wild, The",Adventure Animation Children Comedy Fantasy,2.5,1.0
45081,Silent Hill (2006),Fantasy|Horror|Thriller,Silent Hill,Fantasy Horror Thriller,2.9583333333333335,12.0
45106,American Dreamz (2006),Comedy|Drama,American Dreamz,Comedy Drama,3.0,1.0
45175,Kinky Boots (2005),Comedy|Drama,Kinky Boots,Comedy Drama,3.75,4.0
45183,"Protector, The (a.k.a. Warrior King) (Tom yum goong) (2005)",Action|Comedy|Crime|Thriller,"Protector, The (a.k.a. Warrior King) (Tom yum goong)",Action Comedy Crime Thriller,3.0,1.0
45186,Mission: Impossible III (2006),Action|Adventure|Thriller,Mission: Impossible III,Action Adventure Thriller,3.5892857142857144,28.0
45208,RV (2006),Adventure|Children|Comedy,RV,Adventure Children Comedy,2.0,3.0
45210,United 93 (2006),Crime|Drama,United 93,Crime Drama,4.142857142857143,7.0
45221,Stick It (2006),Comedy,Stick It,Comedy,2.5833333333333335,6.0
45361,"American Haunting, An (2005)",Drama|Horror|Mystery|Thriller,"American Haunting, An",Drama Horror Mystery Thriller,1.5,2.0
45382,Down in the Valley (2005),Drama|Romance,Down in the Valley,Drama Romance,3.25,2.0
45431,Over the Hedge (2006),Adventure|Animation|Children|Comedy,Over the Hedge,Adventure Animation Children Comedy,3.4285714285714284,14.0
45440,Art School Confidential (2006),Comedy|Drama,Art School Confidential,Comedy Drama,3.3333333333333335,6.0
45442,Poseidon (2006),Action|Adventure|Thriller|IMAX,Poseidon,Action Adventure Thriller IMAX,2.875,4.0
45447,"Da Vinci Code, The (2006)",Drama|Mystery|Thriller,"Da Vinci Code, The",Drama Mystery Thriller,3.122448979591837,49.0
45499,X-Men: The Last Stand (2006),Action|Sci-Fi|Thriller,X-Men: The Last Stand,Action Sci-Fi Thriller,3.355769230769231,52.0
45501,"Break-Up, The (2006)",Comedy|Drama|Romance,"Break-Up, The",Comedy Drama Romance,2.590909090909091,11.0
45503,Peaceful Warrior (2006),Drama,Peaceful Warrior,Drama,5.0,1.0
45517,Cars (2006),Animation|Children|Comedy,Cars,Animation Children Comedy,3.3780487804878048,41.0
45635,"Notorious Bettie Page, The (2005)",Drama,"Notorious Bettie Page, The",Drama,3.0,2.0
45648,Game 6 (2005),Comedy|Drama,Game 6,Comedy Drama,2.5,1.0
45658,On a Clear Day (2005),Drama,On a Clear Day,Drama,2.0,1.0
45662,"Omen, The (2006)",Horror|Thriller,"Omen, The",Horror Thriller,2.3,5.0
45666,Nacho Libre (2006),Comedy,Nacho Libre,Comedy,2.4642857142857144,14.0
45668,"Lake House, The (2006)",Drama|Fantasy|Romance,"Lake House, The",Drama Fantasy Romance,3.1,10.0
45672,Click (2006),Adventure|Comedy|Drama|Fantasy|Romance,Click,Adventure Comedy Drama Fantasy Romance,2.9782608695652173,23.0
45720,"Devil Wears Prada, The (2006)",Comedy|Drama,"Devil Wears Prada, The",Comedy Drama,3.5588235294117645,34.0
45722,Pirates of the Caribbean: Dead Man's Chest (2006),Action|Adventure|Fantasy,Pirates of the Caribbean: Dead Man's Chest,Action Adventure Fantasy,3.5069444444444446,72.0
45726,"You, Me and Dupree (2006)",Comedy,"You, Me and Dupree",Comedy,2.1666666666666665,6.0
45728,Clerks II (2006),Comedy,Clerks II,Comedy,3.8846153846153846,13.0
45730,Lady in the Water (2006),Drama|Fantasy|Mystery,Lady in the Water,Drama Fantasy Mystery,2.8333333333333335,9.0
45732,My Super Ex-Girlfriend (2006),Comedy|Fantasy|Romance,My Super Ex-Girlfriend,Comedy Fantasy Romance,1.5833333333333333,6.0
45880,Marie Antoinette (2006),Drama|Romance,Marie Antoinette,Drama Romance,3.1923076923076925,13.0
45928,Who Killed the Electric Car? (2006),Documentary,Who Killed the Electric Car?,Documentary,3.7,5.0
45950,"Inconvenient Truth, An (2006)",Documentary,"Inconvenient Truth, An",Documentary,3.576923076923077,13.0
45969,Career Opportunities (1991),Comedy|Romance,Career Opportunities,Comedy Romance,2.5,1.0
46062,High School Musical (2006),Children|Comedy|Drama|Musical|Romance,High School Musical,Children Comedy Drama Musical Romance,2.0,3.0
46105,I Am a Sex Addict (2005),Comedy|Documentary|Romance,I Am a Sex Addict,Comedy Documentary Romance,4.5,1.0
46231,Stoned (2005),Drama,Stoned,Drama,2.0,1.0
46322,Jet Li's Fearless (Huo Yuan Jia) (2006),Action|Drama,Jet Li's Fearless (Huo Yuan Jia),Action Drama,3.125,8.0
46335,"Fast and the Furious: Tokyo Drift, The (Fast and the Furious 3, The) (2006)",Action|Crime|Drama|Thriller,"Fast and the Furious: Tokyo Drift, The (Fast and the Furious 3, The)",Action Crime Drama Thriller,2.090909090909091,11.0
46337,Garfield: A Tail of Two Kitties (2006),Animation|Children|Comedy,Garfield: A Tail of Two Kitties,Animation Children Comedy,2.25,2.0
46347,Metal: A Headbanger's Journey (2005),Documentary,Metal: A Headbanger's Journey,Documentary,4.0,2.0
46367,"Public Eye, The (1992)",Crime|Thriller,"Public Eye, The",Crime Thriller,2.0,1.0
46530,Superman Returns (2006),Action|Adventure|Sci-Fi|IMAX,Superman Returns,Action Adventure Sci-Fi IMAX,3.08,25.0
46559,"Road to Guantanamo, The (2006)",Drama|War,"Road to Guantanamo, The",Drama War,3.5,1.0
46572,Edmond (2005),Drama|Thriller,Edmond,Drama Thriller,3.5,3.0
46574,"OH in Ohio, The (2006)",Comedy,"OH in Ohio, The",Comedy,2.5,1.0
46578,Little Miss Sunshine (2006),Adventure|Comedy|Drama,Little Miss Sunshine,Adventure Comedy Drama,3.883116883116883,77.0
46664,"Fallen Idol, The (1948)",Drama|Mystery|Thriller,"Fallen Idol, The",Drama Mystery Thriller,2.5,1.0
46723,Babel (2006),Drama|Thriller,Babel,Drama Thriller,3.5,31.0
46772,Strangers with Candy (2005),Comedy,Strangers with Candy,Comedy,2.5,1.0
46850,Wordplay (2006),Documentary,Wordplay,Documentary,4.0,3.0
46855,Army of Shadows (L'armée des ombres) (1969),Action|Drama|Thriller|War,Army of Shadows (L'armée des ombres),Action Drama Thriller War,4.5,1.0
46862,Orchestra Rehearsal (Prova d'orchestra) (1978),Drama,Orchestra Rehearsal (Prova d'orchestra),Drama,3.5,1.0
46865,Little Man (2006),Comedy,Little Man,Comedy,1.0,1.0
46948,Monster House (2006),Animation|Children|Fantasy|Mystery,Monster House,Animation Children Fantasy Mystery,3.111111111111111,9.0
46965,Snakes on a Plane (2006),Action|Comedy|Horror|Thriller,Snakes on a Plane,Action Comedy Horror Thriller,2.642857142857143,14.0
46967,Scoop (2006),Comedy|Fantasy|Mystery,Scoop,Comedy Fantasy Mystery,3.375,4.0
46970,Talladega Nights: The Ballad of Ricky Bobby (2006),Action|Comedy,Talladega Nights: The Ballad of Ricky Bobby,Action Comedy,3.25,28.0
46972,Night at the Museum (2006),Action|Comedy|Fantasy|IMAX,Night at the Museum,Action Comedy Fantasy IMAX,3.239130434782609,23.0
46974,World Trade Center (2006),Drama,World Trade Center,Drama,2.6666666666666665,6.0
46976,Stranger than Fiction (2006),Comedy|Drama|Fantasy|Romance,Stranger than Fiction,Comedy Drama Fantasy Romance,3.6931818181818183,44.0
47044,Miami Vice (2006),Action|Crime|Drama|Thriller,Miami Vice,Action Crime Drama Thriller,2.75,10.0
47099,"Pursuit of Happyness, The (2006)",Drama,"Pursuit of Happyness, The",Drama,3.7934782608695654,46.0
47122,John Tucker Must Die (2006),Comedy|Romance,John Tucker Must Die,Comedy Romance,2.7222222222222223,9.0
47124,"Ant Bully, The (2006)",Adventure|Animation|Children|Comedy|Fantasy|IMAX,"Ant Bully, The",Adventure Animation Children Comedy Fantasy IMAX,3.25,2.0
47200,Crank (2006),Action|Thriller,Crank,Action Thriller,3.4285714285714284,14.0
47202,"Secret Life of Words, The (2005)",Drama|Romance,"Secret Life of Words, The",Drama Romance,4.0,1.0
47254,Chaos (2005),Action|Crime|Drama|Thriller,Chaos,Action Crime Drama Thriller,3.5,1.0
47261,"Night Listener, The (2006)",Fantasy|Mystery|Thriller,"Night Listener, The",Fantasy Mystery Thriller,2.8333333333333335,3.0
47382,Step Up (2006),Drama|Romance,Step Up,Drama Romance,3.5,4.0
47384,Zoom (2006),Adventure|Comedy|Drama|Fantasy,Zoom,Adventure Comedy Drama Fantasy,2.5,1.0
47404,Mind Game (2004),Adventure|Animation|Comedy|Fantasy|Romance|Sci-Fi,Mind Game,Adventure Animation Comedy Fantasy Romance Sci-Fi,4.25,2.0
47423,Half Nelson (2006),Drama,Half Nelson,Drama,4.0,5.0
47446,"Moustache, La (2005)",Drama|Mystery|Thriller,"Moustache, La",Drama Mystery Thriller,3.5,1.0
47465,Tideland (2005),Drama|Fantasy|Thriller,Tideland,Drama Fantasy Thriller,3.0,3.0
47491,Adam's Apples (Adams æbler) (2005),Comedy|Drama,Adam's Apples (Adams æbler),Comedy Drama,4.166666666666667,3.0
47516,Material Girls (2006),Children|Comedy|Drama,Material Girls,Children Comedy Drama,2.0,1.0
47518,Accepted (2006),Comedy,Accepted,Comedy,2.9285714285714284,14.0
47538,Crime Busters (1977),Action|Adventure|Comedy|Crime,Crime Busters,Action Adventure Comedy Crime,2.5,1.0
47566,Born to Kill (1947),Crime|Drama|Film-Noir,Born to Kill,Crime Drama Film-Noir,4.0,1.0
47610,"Illusionist, The (2006)",Drama|Fantasy|Mystery|Romance,"Illusionist, The",Drama Fantasy Mystery Romance,3.7790697674418605,43.0
47629,The Queen (2006),Drama,The Queen,Drama,3.730769230769231,13.0
47640,Beerfest (2006),Comedy,Beerfest,Comedy,3.5,6.0
47644,Invincible (2006),Drama,Invincible,Drama,3.0,7.0
47646,Idlewild (2006),Crime|Drama|Musical,Idlewild,Crime Drama Musical,4.0,1.0
47721,"Red Balloon, The (Ballon rouge, Le) (1956)",Children|Fantasy,"Red Balloon, The (Ballon rouge, Le)",Children Fantasy,3.5,1.0
47725,Angel-A (2005),Comedy|Drama|Fantasy|Romance,Angel-A,Comedy Drama Fantasy Romance,3.5,3.0
47736,"Chump at Oxford, A (1940)",Comedy,"Chump at Oxford, A",Comedy,5.0,1.0
47774,"Icicle Thief, The (Ladri di saponette) (1989)",Comedy|Fantasy,"Icicle Thief, The (Ladri di saponette)",Comedy Fantasy,3.0,1.0
47793,"Puffy Chair, The (2006)",Drama|Romance,"Puffy Chair, The",Drama Romance,2.5,1.0
47810,"Wicker Man, The (2006)",Horror|Mystery|Thriller,"Wicker Man, The",Horror Mystery Thriller,1.0,4.0
47894,"Wind That Shakes the Barley, The (2006)",Drama|War,"Wind That Shakes the Barley, The",Drama War,3.75,4.0
47937,Severance (2006),Comedy|Horror|Thriller,Severance,Comedy Horror Thriller,3.0,1.0
47950,Hollywoodland (2006),Crime|Drama|Mystery|Thriller,Hollywoodland,Crime Drama Mystery Thriller,3.2,5.0
47952,"Covenant, The (2006)",Action|Horror|Thriller,"Covenant, The",Action Horror Thriller,3.0,1.0
47970,"Last Kiss, The (2006)",Comedy|Drama,"Last Kiss, The",Comedy Drama,3.8333333333333335,3.0
47978,SherryBaby (2006),Drama,SherryBaby,Drama,2.5,1.0
47997,Idiocracy (2006),Adventure|Comedy|Sci-Fi|Thriller,Idiocracy,Adventure Comedy Sci-Fi Thriller,3.7222222222222223,18.0
47999,Jesus Camp (2006),Documentary|Drama,Jesus Camp,Documentary Drama,4.071428571428571,7.0
48001,"Bow, The (Hwal) (2005)",Drama|Romance,"Bow, The (Hwal)",Drama Romance,4.0,1.0
48032,"Tiger and the Snow, The (La tigre e la neve) (2005)",Comedy|Drama|Romance|War,"Tiger and the Snow, The (La tigre e la neve)",Comedy Drama Romance War,4.0,1.0
48043,"Fountain, The (2006)",Drama|Fantasy|Romance,"Fountain, The",Drama Fantasy Romance,3.5,14.0
48045,Fear City: A Family-Style Comedy (La cité de la peur) (1994),Comedy,Fear City: A Family-Style Comedy (La cité de la peur),Comedy,4.0,1.0
48082,"Science of Sleep, The (La science des rêves) (2006)",Comedy|Drama|Fantasy|Romance,"Science of Sleep, The (La science des rêves)",Comedy Drama Fantasy Romance,3.8636363636363638,11.0
48142,"Black Dahlia, The (2006)",Crime|Drama|Mystery|Thriller,"Black Dahlia, The",Crime Drama Mystery Thriller,3.25,6.0
48150,"Woods, The (2006)",Horror,"Woods, The",Horror,3.0,1.0
48161,Gridiron Gang (2006),Drama,Gridiron Gang,Drama,3.0,2.0
48214,Land of Plenty (Angst and Alienation in America) (2004),Drama,Land of Plenty (Angst and Alienation in America),Drama,3.5,1.0
48262,"Bridge, The (2006)",Documentary,"Bridge, The",Documentary,4.0,1.0
48304,Apocalypto (2006),Adventure|Drama|Thriller,Apocalypto,Adventure Drama Thriller,3.6052631578947367,19.0
48319,Flyboys (2006),Action|Adventure|Drama|War,Flyboys,Action Adventure Drama War,2.0,1.0
48322,Jackass Number Two (2006),Comedy|Documentary,Jackass Number Two,Comedy Documentary,3.5714285714285716,7.0
48326,All the King's Men (2006),Drama,All the King's Men,Drama,3.0,3.0
48342,Conversations with Other Women (2005),Comedy|Drama|Romance,Conversations with Other Women,Comedy Drama Romance,4.0,2.0
48385,Borat: Cultural Learnings of America for Make Benefit Glorious Nation of Kazakhstan (2006),Comedy,Borat: Cultural Learnings of America for Make Benefit Glorious Nation of Kazakhstan,Comedy,3.3461538461538463,65.0
48394,"Pan's Labyrinth (Laberinto del fauno, El) (2006)",Drama|Fantasy|Thriller,"Pan's Labyrinth (Laberinto del fauno, El)",Drama Fantasy Thriller,3.814814814814815,81.0
48412,"Guardian, The (2006)",Action|Adventure|Drama,"Guardian, The",Action Adventure Drama,3.0,4.0
48414,Open Season (2006),Adventure|Animation|Children|Comedy|IMAX,Open Season,Adventure Animation Children Comedy IMAX,3.0,2.0
48416,School for Scoundrels (2006),Comedy|Crime,School for Scoundrels,Comedy Crime,2.5,1.0
48516,"Departed, The (2006)",Crime|Drama|Thriller,"Departed, The",Crime Drama Thriller,4.252336448598131,107.0
48518,"Texas Chainsaw Massacre: The Beginning, The (2006)",Horror|Thriller,"Texas Chainsaw Massacre: The Beginning, The",Horror Thriller,2.5,2.0
48520,Employee of the Month (2006),Comedy,Employee of the Month,Comedy,2.8333333333333335,6.0
48560,Running With Scissors (2006),Comedy|Drama,Running With Scissors,Comedy Drama,2.5,1.0
48593,Man of the Year (2006),Comedy|Thriller,Man of the Year,Comedy Thriller,2.5,3.0
48596,"Marine, The (2006)",Action|Drama|Thriller,"Marine, The",Action Drama Thriller,2.75,2.0
48598,Infamous (2006),Drama,Infamous,Drama,3.75,2.0
48638,Fellini's Casanova (Il Casanova di Federico Fellini) (1976),Drama|Romance,Fellini's Casanova (Il Casanova di Federico Fellini),Drama Romance,3.5,2.0
48649,Chapayev (1934),Drama|War,Chapayev,Drama War,4.5,1.0
48678,Feast (2005),Action|Comedy|Horror|Thriller,Feast,Action Comedy Horror Thriller,2.75,2.0
48696,Little Children (2006),Drama|Romance,Little Children,Drama Romance,3.875,4.0
48698,Deliver Us from Evil (2006),Documentary,Deliver Us from Evil,Documentary,4.5,2.0
48738,"Last King of Scotland, The (2006)",Drama|Thriller,"Last King of Scotland, The",Drama Thriller,3.975,20.0
48741,"U.S. vs. John Lennon, The (2006)",Documentary,"U.S. vs. John Lennon, The",Documentary,4.0,1.0
48744,Shortbus (2006),Comedy|Drama|Romance,Shortbus,Comedy Drama Romance,4.0,3.0
48774,Children of Men (2006),Action|Adventure|Drama|Sci-Fi|Thriller,Children of Men,Action Adventure Drama Sci-Fi Thriller,3.9453125,64.0
48780,"Prestige, The (2006)",Drama|Mystery|Sci-Fi|Thriller,"Prestige, The",Drama Mystery Sci-Fi Thriller,4.0055555555555555,90.0
48783,Flags of Our Fathers (2006),Drama|War,Flags of Our Fathers,Drama War,3.4545454545454546,11.0
48872,13 Tzameti (2005),Film-Noir|Thriller,13 Tzameti,Film-Noir Thriller,4.5,1.0
48877,Saw III (2006),Crime|Horror|Thriller,Saw III,Crime Horror Thriller,3.0454545454545454,11.0
48879,Catch a Fire (2006),Drama|Thriller,Catch a Fire,Drama Thriller,3.25,2.0
48883,Death of a President (2006),Crime|Drama|Mystery|Thriller,Death of a President,Crime Drama Mystery Thriller,3.25,2.0
48982,Flushed Away (2006),Animation|Comedy,Flushed Away,Animation Comedy,3.5,7.0
48997,Perfume: The Story of a Murderer (2006),Crime|Drama|Thriller,Perfume: The Story of a Murderer,Crime Drama Thriller,3.25,8.0
49013,"Santa Clause 3: The Escape Clause, The (2006)",Comedy|Fantasy,"Santa Clause 3: The Escape Clause, The",Comedy Fantasy,2.75,2.0
49110,Mom and Dad Save the World (1992),Comedy|Sci-Fi,Mom and Dad Save the World,Comedy Sci-Fi,2.0,1.0
49130,"Good Year, A (2006)",Comedy|Drama|Romance,"Good Year, A",Comedy Drama Romance,3.6666666666666665,3.0
49132,Shut Up & Sing (2006),Documentary,Shut Up & Sing,Documentary,3.0,3.0
49220,For Your Consideration (2006),Comedy,For Your Consideration,Comedy,2.375,4.0
49263,Fuck (2005),Comedy|Documentary,Fuck,Comedy Documentary,3.0,1.0
49265,Shooting Dogs (a.k.a. Beyond the Gates) (2005),Documentary|Drama|War,Shooting Dogs (a.k.a. Beyond the Gates),Documentary Drama War,4.0,1.0
49272,Casino Royale (2006),Action|Adventure|Thriller,Casino Royale,Action Adventure Thriller,3.9444444444444446,81.0
49274,Happy Feet (2006),Adventure|Animation|Children|Comedy|IMAX,Happy Feet,Adventure Animation Children Comedy IMAX,2.6818181818181817,11.0
49276,Let's Go to Prison (2006),Comedy,Let's Go to Prison,Comedy,1.3333333333333333,3.0
49278,Déjà Vu (Deja Vu) (2006),Action|Sci-Fi|Thriller,Déjà Vu (Deja Vu),Action Sci-Fi Thriller,3.3,20.0
49280,Bobby (2006),Drama,Bobby,Drama,3.8333333333333335,3.0
49284,10 Items or Less (2006),Comedy|Drama|Romance,10 Items or Less,Comedy Drama Romance,2.6666666666666665,3.0
49286,"Holiday, The (2006)",Comedy|Romance,"Holiday, The",Comedy Romance,3.2083333333333335,24.0
49314,Harsh Times (2006),Action|Crime|Drama,Harsh Times,Action Crime Drama,3.0,1.0
49347,Fast Food Nation (2006),Drama,Fast Food Nation,Drama,3.8333333333333335,3.0
49389,The Great Train Robbery (1903),Crime|Western,The Great Train Robbery,Crime Western,2.5,2.0
49396,Tenacious D in The Pick of Destiny (2006),Adventure|Comedy|Musical,Tenacious D in The Pick of Destiny,Adventure Comedy Musical,3.4444444444444446,9.0
49524,"Nativity Story, The (2006)",Drama,"Nativity Story, The",Drama,3.5,2.0
49530,Blood Diamond (2006),Action|Adventure|Crime|Drama|Thriller|War,Blood Diamond,Action Adventure Crime Drama Thriller War,3.7641509433962264,53.0
49647,Charlotte's Web (2006),Children|Comedy|Drama|Fantasy,Charlotte's Web,Children Comedy Drama Fantasy,3.3333333333333335,3.0
49649,Eragon (2006),Action|Adventure|Fantasy,Eragon,Action Adventure Fantasy,2.3333333333333335,12.0
49651,Rocky Balboa (2006),Action|Drama,Rocky Balboa,Action Drama,3.3214285714285716,14.0
49666,Fur: An Imaginary Portrait of Diane Arbus (2006),Drama|Fantasy|Romance,Fur: An Imaginary Portrait of Diane Arbus,Drama Fantasy Romance,3.0,1.0
49688,"Dam Busters, The (1955)",Action|Drama|War,"Dam Busters, The",Action Drama War,4.0,1.0
49735,Another Gay Movie (2006),Comedy,Another Gay Movie,Comedy,3.5,1.0
49772,"Painted Veil, The (2006)",Drama|Romance,"Painted Veil, The",Drama Romance,4.0,4.0
49793,We Are Marshall (2006),Drama,We Are Marshall,Drama,3.75,2.0
49822,"Good Shepherd, The (2006)",Drama|Thriller,"Good Shepherd, The",Drama Thriller,3.142857142857143,7.0
49824,Dreamgirls (2006),Drama|Musical,Dreamgirls,Drama Musical,3.1,5.0
49910,Freedom Writers (2007),Drama,Freedom Writers,Drama,3.75,4.0
49917,When the Levees Broke: A Requiem in Four Acts (2006),Documentary,When the Levees Broke: A Requiem in Four Acts,Documentary,4.0,1.0
49932,Inland Empire (2006),Drama|Mystery|Thriller,Inland Empire,Drama Mystery Thriller,3.6666666666666665,6.0
49957,"History Boys, The (2006)",Comedy|Drama,"History Boys, The",Comedy Drama,3.0,2.0
49961,Notes on a Scandal (2006),Drama,Notes on a Scandal,Drama,3.75,4.0
50003,DOA: Dead or Alive (2006),Action|Adventure,DOA: Dead or Alive,Action Adventure,2.0,2.0
50005,Curse of the Golden Flower (Man cheng jin dai huang jin jia) (2006),Action|Drama,Curse of the Golden Flower (Man cheng jin dai huang jin jia),Action Drama,2.5,3.0
50064,"Good German, The (2006)",Drama|Mystery|Thriller,"Good German, The",Drama Mystery Thriller,3.0,1.0
50068,Letters from Iwo Jima (2006),Drama|War,Letters from Iwo Jima,Drama War,3.7058823529411766,17.0
50147,Black Christmas (2006),Action|Horror|Thriller,Black Christmas,Action Horror Thriller,2.0,1.0
50158,Stomp the Yard (2007),Drama|Musical,Stomp the Yard,Drama Musical,2.5,2.0
50160,Miss Potter (2006),Drama,Miss Potter,Drama,3.75,2.0
50189,American Pie Presents The Naked Mile (American Pie 5: The Naked Mile) (2006),Comedy|Romance,American Pie Presents The Naked Mile (American Pie 5: The Naked Mile),Comedy Romance,1.1666666666666667,3.0
50274,Venus (2006),Drama|Romance,Venus,Drama Romance,3.5,2.0
50354,The Return of Don Camillo (1953),Comedy,The Return of Don Camillo,Comedy,3.0,1.0
50356,The Little World of Don Camillo (1952),Comedy,The Little World of Don Camillo,Comedy,3.0,1.0
50440,Primeval (2007),Horror|Thriller,Primeval,Horror Thriller,2.0,1.0
50442,Alpha Dog (2007),Crime|Drama,Alpha Dog,Crime Drama,3.125,8.0
50445,"Hitcher, The (2007)",Action|Horror|Thriller,"Hitcher, The",Action Horror Thriller,2.5,2.0
50514,After the Wedding (Efter brylluppet) (2006),Drama,After the Wedding (Efter brylluppet),Drama,3.5,1.0
50601,Bridge to Terabithia (2007),Adventure|Children|Fantasy,Bridge to Terabithia,Adventure Children Fantasy,2.7777777777777777,9.0
50610,Beer League (2006),Comedy,Beer League,Comedy,4.0,1.0
50613,Dead Meat (2004),Horror,Dead Meat,Horror,4.5,1.0
50658,49 Up (2005),Documentary,49 Up,Documentary,4.0,2.0
50685,Waitress (2007),Comedy|Drama|Romance,Waitress,Comedy Drama Romance,3.8333333333333335,6.0
50740,Seven Up! (1964),Documentary,Seven Up!,Documentary,3.8333333333333335,3.0
50792,Catch and Release (2006),Comedy|Drama|Romance,Catch and Release,Comedy Drama Romance,2.25,2.0
50794,Smokin' Aces (2006),Action|Crime|Drama|Thriller,Smokin' Aces,Action Crime Drama Thriller,3.1,10.0
50796,Blood and Chocolate (2007),Drama|Fantasy|Horror|Romance,Blood and Chocolate,Drama Fantasy Horror Romance,2.0,2.0
50798,Epic Movie (2007),Adventure|Comedy,Epic Movie,Adventure Comedy,1.125,4.0
50800,"Messengers, The (2007)",Drama|Horror|Thriller,"Messengers, The",Drama Horror Thriller,2.5,2.0
50802,Because I Said So (2007),Comedy|Drama|Romance,Because I Said So,Comedy Drama Romance,3.0,3.0
50804,Hannibal Rising (2007),Drama|Horror|Thriller,Hannibal Rising,Drama Horror Thriller,3.5,3.0
50806,Norbit (2007),Comedy|Romance,Norbit,Comedy Romance,1.0,1.0
50842,"Boss of It All, The (Direktøren for det hele) (2006)",Comedy|Drama,"Boss of It All, The (Direktøren for det hele)",Comedy Drama,4.5,2.0
50851,Cocaine Cowboys (2006),Documentary,Cocaine Cowboys,Documentary,4.5,2.0
50872,Ratatouille (2007),Animation|Children|Drama,Ratatouille,Animation Children Drama,3.8680555555555554,72.0
50912,"Paris, I Love You (Paris, je t'aime) (2006)",Romance,"Paris, I Love You (Paris, je t'aime)",Romance,2.9375,8.0
50923,"Astronaut Farmer, The (2007)",Drama,"Astronaut Farmer, The",Drama,2.25,2.0
50942,"Wake Up, Ron Burgundy (2004)",Comedy,"Wake Up, Ron Burgundy",Comedy,3.5,1.0
50954,It's a Boy Girl Thing (2006),Comedy|Romance,It's a Boy Girl Thing,Comedy Romance,1.0,2.0
50999,"Ugly Duckling and Me!, The (2006)",Animation|Comedy,"Ugly Duckling and Me!, The",Animation Comedy,5.0,1.0
51024,The Odyssey (1997),Adventure|Drama|Fantasy,The Odyssey,Adventure Drama Fantasy,3.1666666666666665,3.0
51037,Unknown (2006),Drama|Mystery|Thriller,Unknown,Drama Mystery Thriller,3.0,4.0
51077,Ghost Rider (2007),Action|Fantasy|Thriller,Ghost Rider,Action Fantasy Thriller,2.25,12.0
51080,Breach (2007),Drama|Thriller,Breach,Drama Thriller,3.5625,8.0
51082,Tyler Perry's Daddy's Little Girls (2007),Comedy|Romance,Tyler Perry's Daddy's Little Girls,Comedy Romance,2.0,1.0
51084,Music and Lyrics (2007),Comedy|Romance,Music and Lyrics,Comedy Romance,3.1,10.0
51086,"Number 23, The (2007)",Drama|Mystery|Thriller,"Number 23, The",Drama Mystery Thriller,2.9285714285714284,14.0
51088,Reno 911!: Miami (2007),Comedy,Reno 911!: Miami,Comedy,3.0,2.0
51091,Black Snake Moan (2006),Drama,Black Snake Moan,Drama,3.5,4.0
51167,My Father and My Son (Babam ve oglum) (2005),Drama,My Father and My Son (Babam ve oglum),Drama,4.5,1.0
51174,Factory Girl (2006),Drama,Factory Girl,Drama,3.5,1.0
51255,Hot Fuzz (2007),Action|Comedy|Crime|Mystery,Hot Fuzz,Action Comedy Crime Mystery,4.0,61.0
51314,Golden Door (Nuovomondo) (2006),Adventure|Drama|Romance,Golden Door (Nuovomondo),Adventure Drama Romance,4.5,1.0
51357,Citizen X (1995),Crime|Drama|Thriller,Citizen X,Crime Drama Thriller,4.0,1.0
51412,Next (2007),Action|Sci-Fi|Thriller,Next,Action Sci-Fi Thriller,2.8214285714285716,14.0
51471,Amazing Grace (2006),Drama|Romance,Amazing Grace,Drama Romance,3.0,1.0
51498,2001 Maniacs (2005),Comedy|Horror,2001 Maniacs,Comedy Horror,3.25,2.0
51540,Zodiac (2007),Crime|Drama|Thriller,Zodiac,Crime Drama Thriller,3.710526315789474,38.0
51545,Pusher III: I'm the Angel of Death (2005),Action|Comedy|Drama|Horror|Thriller,Pusher III: I'm the Angel of Death,Action Comedy Drama Horror Thriller,2.5,1.0
51562,Babylon 5: The Gathering (1993),Sci-Fi,Babylon 5: The Gathering,Sci-Fi,4.0,1.0
51573,Meshes of the Afternoon (1943),Fantasy,Meshes of the Afternoon,Fantasy,3.0,1.0
51575,Wild Hogs (2007),Adventure|Comedy,Wild Hogs,Adventure Comedy,2.3,5.0
51662,300 (2007),Action|Fantasy|War|IMAX,300,Action Fantasy War IMAX,3.68125,80.0
51666,"Abandoned, The (2006)",Horror|Mystery|Thriller,"Abandoned, The",Horror Mystery Thriller,2.0,1.0
51694,Starter for 10 (2006),Drama|Romance,Starter for 10,Drama Romance,3.5,1.0
51698,"Last Mimzy, The (2007)",Adventure|Children|Sci-Fi,"Last Mimzy, The",Adventure Children Sci-Fi,3.0,2.0
51705,Priceless (Hors de prix) (2006),Comedy|Romance,Priceless (Hors de prix),Comedy Romance,4.25,2.0
51709,"Host, The (Gwoemul) (2006)",Comedy|Drama|Horror|Sci-Fi|Thriller,"Host, The (Gwoemul)",Comedy Drama Horror Sci-Fi Thriller,4.0,7.0
51834,Becoming Jane (2007),Drama|Romance,Becoming Jane,Drama Romance,2.9166666666666665,6.0
51884,"Namesake, The (2006)",Drama|Romance,"Namesake, The",Drama Romance,3.6666666666666665,3.0
51903,I Think I Love My Wife (2007),Comedy|Drama|Romance,I Think I Love My Wife,Comedy Drama Romance,2.5,1.0
51925,Premonition (2007),Drama|Fantasy|Mystery|Thriller,Premonition,Drama Fantasy Mystery Thriller,3.5,3.0
51927,Dead Silence (2007),Horror|Mystery|Thriller,Dead Silence,Horror Mystery Thriller,3.25,2.0
51931,Reign Over Me (2007),Drama,Reign Over Me,Drama,4.1,5.0
51933,Pride (2007),Drama,Pride,Drama,2.5,1.0
51935,Shooter (2007),Action|Drama|Thriller,Shooter,Action Drama Thriller,3.86,25.0
51937,"Hills Have Eyes II, The (2007)",Horror|Thriller,"Hills Have Eyes II, The",Horror Thriller,2.5,2.0
51939,TMNT (Teenage Mutant Ninja Turtles) (2007),Action|Adventure|Animation|Children|Comedy|Fantasy,TMNT (Teenage Mutant Ninja Turtles),Action Adventure Animation Children Comedy Fantasy,3.0833333333333335,6.0
52042,Black Book (Zwartboek) (2006),Drama|Thriller|War,Black Book (Zwartboek),Drama Thriller War,2.5,1.0
52241,"Lookout, The (2007)",Crime|Drama|Thriller,"Lookout, The",Crime Drama Thriller,3.25,6.0
52245,Blades of Glory (2007),Comedy|Romance,Blades of Glory,Comedy Romance,3.088235294117647,17.0
52279,Are We Done Yet? (2007),Comedy,Are We Done Yet?,Comedy,1.5,1.0
52281,Grindhouse (2007),Action|Crime|Horror|Sci-Fi|Thriller,Grindhouse,Action Crime Horror Sci-Fi Thriller,3.425925925925926,27.0
52283,"Reaping, The (2007)",Horror|Thriller,"Reaping, The",Horror Thriller,2.5,3.0
52287,Meet the Robinsons (2007),Action|Adventure|Animation|Children|Comedy|Sci-Fi,Meet the Robinsons,Action Adventure Animation Children Comedy Sci-Fi,3.5454545454545454,11.0
52299,American Hardcore (2006),Documentary,American Hardcore,Documentary,3.5,1.0
52319,Inglorious Bastards (Quel maledetto treno blindato) (1978),Action|Adventure|Drama|War,Inglorious Bastards (Quel maledetto treno blindato),Action Adventure Drama War,3.5714285714285716,7.0
52328,Sunshine (2007),Adventure|Drama|Sci-Fi|Thriller,Sunshine,Adventure Drama Sci-Fi Thriller,3.642857142857143,14.0
52375,"Hoax, The (2007)",Crime|Drama,"Hoax, The",Crime Drama,3.5,2.0
52435,How the Grinch Stole Christmas! (1966),Animation|Comedy|Fantasy|Musical,How the Grinch Stole Christmas!,Animation Comedy Fantasy Musical,3.590909090909091,11.0
52458,Disturbia (2007),Drama|Thriller,Disturbia,Drama Thriller,3.15,10.0
52462,Aqua Teen Hunger Force Colon Movie Film for Theaters (2007),Action|Adventure|Animation|Comedy|Fantasy|Mystery|Sci-Fi,Aqua Teen Hunger Force Colon Movie Film for Theaters,Action Adventure Animation Comedy Fantasy Mystery Sci-Fi,3.0,1.0
52579,"Vie en Rose, La (Môme, La) (2007)",Drama|Musical,"Vie en Rose, La (Môme, La)",Drama Musical,3.25,2.0
52604,Fracture (2007),Crime|Drama|Mystery|Thriller,Fracture,Crime Drama Mystery Thriller,3.6666666666666665,12.0
52644,Vacancy (2007),Horror|Thriller,Vacancy,Horror Thriller,3.75,2.0
52668,In the Land of Women (2007),Comedy|Drama|Romance,In the Land of Women,Comedy Drama Romance,4.0,2.0
52694,Mr. Bean's Holiday (2007),Comedy,Mr. Bean's Holiday,Comedy,2.875,4.0
52712,"Invisible, The (2007)",Crime|Drama|Fantasy|Mystery|Thriller,"Invisible, The",Crime Drama Fantasy Mystery Thriller,2.3333333333333335,3.0
52715,Kickin It Old Skool (2007),Comedy,Kickin It Old Skool,Comedy,2.0,1.0
52722,Spider-Man 3 (2007),Action|Adventure|Sci-Fi|Thriller|IMAX,Spider-Man 3,Action Adventure Sci-Fi Thriller IMAX,3.0,44.0
52724,Lucky You (2007),Comedy|Drama,Lucky You,Comedy Drama,3.0,1.0
52730,It's a Very Merry Muppet Christmas Movie (2002),Children|Comedy,It's a Very Merry Muppet Christmas Movie,Children Comedy,1.5,2.0
52767,21 Up (1977),Documentary,21 Up,Documentary,4.0,3.0
52784,Sharkwater (2006),Documentary,Sharkwater,Documentary,4.0,1.0
52831,Maniac Cop (1988),Action|Crime|Horror|Thriller,Maniac Cop,Action Crime Horror Thriller,3.5,1.0
52867,"Ex, The (2007)",Comedy|Romance,"Ex, The",Comedy Romance,4.0,1.0
52885,Paprika (Papurika) (2006),Animation|Mystery|Sci-Fi,Paprika (Papurika),Animation Mystery Sci-Fi,3.7777777777777777,9.0
52950,Day Watch (Dnevnoy dozor) (2006),Action|Fantasy|Horror|Thriller,Day Watch (Dnevnoy dozor),Action Fantasy Horror Thriller,2.5,2.0
52952,This Is England (2006),Drama,This Is England,Drama,4.0,8.0
52967,Away from Her (2006),Drama,Away from Her,Drama,3.625,4.0
52973,Knocked Up (2007),Comedy|Drama|Romance,Knocked Up,Comedy Drama Romance,3.6538461538461537,52.0
52975,Hairspray (2007),Comedy|Drama|Musical,Hairspray,Comedy Drama Musical,3.5,15.0
53000,28 Weeks Later (2007),Horror|Sci-Fi|Thriller,28 Weeks Later,Horror Sci-Fi Thriller,3.5952380952380953,21.0
53022,Wheels on Meals (Kuai can che) (1984),Action|Comedy|Crime|Romance,Wheels on Meals (Kuai can che),Action Comedy Crime Romance,3.75,2.0
53024,Jonestown: The Life and Death of Peoples Temple (2006),Documentary,Jonestown: The Life and Death of Peoples Temple,Documentary,3.875,4.0
53121,Shrek the Third (2007),Adventure|Animation|Children|Comedy|Fantasy,Shrek the Third,Adventure Animation Children Comedy Fantasy,3.0238095238095237,21.0
53123,Once (2006),Drama|Musical|Romance,Once,Drama Musical Romance,3.9444444444444446,9.0
53125,Pirates of the Caribbean: At World's End (2007),Action|Adventure|Comedy|Fantasy,Pirates of the Caribbean: At World's End,Action Adventure Comedy Fantasy,3.4375,56.0
53127,Bug (2007),Drama|Horror|Thriller,Bug,Drama Horror Thriller,2.875,4.0
53129,Mr. Brooks (2007),Crime|Drama|Thriller,Mr. Brooks,Crime Drama Thriller,4.0,7.0
53138,"Librarian: Return to King Solomon's Mines, The (2006)",Action|Adventure|Fantasy,"Librarian: Return to King Solomon's Mines, The",Action Adventure Fantasy,3.5,2.0
53140,"Librarian: Quest for the Spear, The (2004)",Action|Adventure|Comedy|Fantasy|Romance,"Librarian: Quest for the Spear, The",Action Adventure Comedy Fantasy Romance,3.75,2.0
53143,Fay Grim (2006),Action|Thriller,Fay Grim,Action Thriller,2.0,1.0
53161,"I'm a Cyborg, But That's OK (Saibogujiman kwenchana) (2006)",Comedy|Drama|Romance|Sci-Fi,"I'm a Cyborg, But That's OK (Saibogujiman kwenchana)",Comedy Drama Romance Sci-Fi,3.0,2.0
53280,"Breed, The (2006)",Horror|Thriller,"Breed, The",Horror Thriller,5.0,1.0
53318,Cashback (2006),Comedy|Drama|Romance,Cashback,Comedy Drama Romance,3.25,4.0
53322,Ocean's Thirteen (2007),Crime|Thriller,Ocean's Thirteen,Crime Thriller,3.484848484848485,33.0
53326,Them (Ils) (2006),Horror,Them (Ils),Horror,2.0,1.0
53355,Sun Alley (Sonnenallee) (1999),Comedy|Romance,Sun Alley (Sonnenallee),Comedy Romance,5.0,1.0
53435,Hostel: Part II (2007),Crime|Horror|Thriller,Hostel: Part II,Crime Horror Thriller,2.0,4.0
53447,Paranoid Park (2007),Crime|Drama,Paranoid Park,Crime Drama,4.0,1.0
53450,"Legend of Sleepy Hollow, The (1980)",Comedy|Fantasy|Horror,"Legend of Sleepy Hollow, The",Comedy Fantasy Horror,1.5,1.0
53453,Starcrash (a.k.a. Star Crash) (1978),Action|Adventure|Fantasy|Sci-Fi,Starcrash (a.k.a. Star Crash),Action Adventure Fantasy Sci-Fi,0.5,1.0
53460,Surf's Up (2007),Animation|Children|Comedy,Surf's Up,Animation Children Comedy,3.5,7.0
53464,Fantastic Four: Rise of the Silver Surfer (2007),Action|Adventure|Sci-Fi,Fantastic Four: Rise of the Silver Surfer,Action Adventure Sci-Fi,2.575,20.0
53466,Nancy Drew (2007),Adventure|Crime|Thriller,Nancy Drew,Adventure Crime Thriller,2.8333333333333335,3.0
53468,Fido (2006),Comedy|Horror|Thriller,Fido,Comedy Horror Thriller,3.2857142857142856,7.0
53519,Death Proof (2007),Action|Adventure|Crime|Horror|Thriller,Death Proof,Action Adventure Crime Horror Thriller,3.1346153846153846,26.0
53550,Rescue Dawn (2006),Action|Adventure|Drama|War,Rescue Dawn,Action Adventure Drama War,3.3333333333333335,3.0
53574,"TV Set, The (2006)",Comedy|Drama,"TV Set, The",Comedy Drama,4.0,2.0
53578,"Valet, The (La doublure) (2006)",Comedy,"Valet, The (La doublure)",Comedy,5.0,1.0
53808,Bring It On: All or Nothing (2006),Comedy,Bring It On: All or Nothing,Comedy,2.0,1.0
53883,"Power of Nightmares, The: The Rise of the Politics of Fear (2004)",Documentary,"Power of Nightmares, The: The Rise of the Politics of Fear",Documentary,4.5,1.0
53894,Sicko (2007),Documentary|Drama,Sicko,Documentary Drama,3.7142857142857144,14.0
53921,"Mighty Heart, A (2007)",Drama|Thriller,"Mighty Heart, A",Drama Thriller,3.5,1.0
53953,1408 (2007),Drama|Horror|Thriller,1408,Drama Horror Thriller,3.16,25.0
53956,Death at a Funeral (2007),Comedy,Death at a Funeral,Comedy,3.25,4.0
53972,Live Free or Die Hard (2007),Action|Adventure|Crime|Thriller,Live Free or Die Hard,Action Adventure Crime Thriller,3.40625,32.0
53974,License to Wed (2007),Comedy|Romance,License to Wed,Comedy Romance,2.3333333333333335,3.0
53993,Evan Almighty (2007),Comedy|Fantasy,Evan Almighty,Comedy Fantasy,2.5384615384615383,13.0
53996,Transformers (2007),Action|Sci-Fi|Thriller|IMAX,Transformers,Action Sci-Fi Thriller IMAX,3.3461538461538463,39.0
54001,Harry Potter and the Order of the Phoenix (2007),Adventure|Drama|Fantasy|IMAX,Harry Potter and the Order of the Phoenix,Adventure Drama Fantasy IMAX,3.8620689655172415,58.0
54004,I Now Pronounce You Chuck and Larry (2007),Comedy|Romance,I Now Pronounce You Chuck and Larry,Comedy Romance,3.4545454545454546,11.0
54116,First Snow (2006),Drama|Thriller,First Snow,Drama Thriller,3.25,2.0
54121,Broken Arrow (1950),Drama|Romance|Western,Broken Arrow,Drama Romance Western,3.0,1.0
54185,Manufactured Landscapes (2006),Documentary,Manufactured Landscapes,Documentary,3.75,2.0
54190,Across the Universe (2007),Drama|Fantasy|Musical|Romance,Across the Universe,Drama Fantasy Musical Romance,4.045454545454546,11.0
54256,Hot Rod (2007),Comedy,Hot Rod,Comedy,3.142857142857143,7.0
54259,Stardust (2007),Adventure|Comedy|Fantasy|Romance,Stardust,Adventure Comedy Fantasy Romance,3.6029411764705883,34.0
54272,"Simpsons Movie, The (2007)",Animation|Comedy,"Simpsons Movie, The",Animation Comedy,3.619565217391304,46.0
54274,I Know Who Killed Me (2007),Crime|Drama|Thriller,I Know Who Killed Me,Crime Drama Thriller,0.5,1.0
54276,No Reservations (2007),Comedy|Drama|Romance,No Reservations,Comedy Drama Romance,3.25,2.0
54281,Charlie Bartlett (2007),Comedy|Drama,Charlie Bartlett,Comedy Drama,3.5,5.0
54286,"Bourne Ultimatum, The (2007)",Action|Crime|Thriller,"Bourne Ultimatum, The",Action Crime Thriller,3.697530864197531,81.0
54354,China Blue (2005),Documentary,China Blue,Documentary,4.0,1.0
54372,Tell No One (Ne le dis à personne) (2006),Crime|Drama|Mystery|Thriller,Tell No One (Ne le dis à personne),Crime Drama Mystery Thriller,3.8333333333333335,3.0
54503,Superbad (2007),Comedy,Superbad,Comedy,3.8636363636363638,55.0
54617,"Brice Man, The (Brice de Nice) (2005)",Comedy,"Brice Man, The (Brice de Nice)",Comedy,3.5,1.0
54648,Rush Hour 3 (2007),Action|Comedy|Crime|Thriller,Rush Hour 3,Action Comedy Crime Thriller,2.7,5.0
54686,"Last Legion, The (2007)",Action|Adventure|Fantasy|War,"Last Legion, The",Action Adventure Fantasy War,3.0,1.0
54732,Balls of Fury (2007),Comedy,Balls of Fury,Comedy,2.8333333333333335,3.0
54734,Sydney White (2007),Comedy,Sydney White,Comedy,2.5,2.0
54736,"Kingdom, The (2007)",Action|Drama|Thriller,"Kingdom, The",Action Drama Thriller,3.8125,8.0
54745,Rocket Science (2007),Comedy|Drama,Rocket Science,Comedy Drama,3.25,2.0
54768,Daddy Day Camp (2007),Children|Comedy,Daddy Day Camp,Children Comedy,0.5,1.0
54771,"Invasion, The (2007)",Action|Drama|Horror|Sci-Fi|Thriller,"Invasion, The",Action Drama Horror Sci-Fi Thriller,3.0,2.0
54780,"Nanny Diaries, The (2007)",Comedy|Drama|Romance,"Nanny Diaries, The",Comedy Drama Romance,3.1666666666666665,3.0
54785,Halloween (2007),Horror,Halloween,Horror,3.25,4.0
54787,Death Sentence (2007),Drama|Thriller,Death Sentence,Drama Thriller,3.5,1.0
54796,2 Days in Paris (2007),Comedy|Drama|Romance,2 Days in Paris,Comedy Drama Romance,3.5,1.0
54881,"King of Kong, The (2007)",Documentary,"King of Kong, The",Documentary,3.9166666666666665,12.0
54908,Taxi 4 (2007),Action|Comedy,Taxi 4,Action Comedy,2.0,1.0
54910,Behind the Mask: The Rise of Leslie Vernon (2006),Comedy|Horror|Thriller,Behind the Mask: The Rise of Leslie Vernon,Comedy Horror Thriller,4.0,1.0
54934,"Brothers Solomon, The (2007)",Comedy,"Brothers Solomon, The",Comedy,0.5,1.0
54962,"Nines, The (2007)",Drama|Mystery,"Nines, The",Drama Mystery,2.5,1.0
54995,Planet Terror (2007),Action|Horror|Sci-Fi,Planet Terror,Action Horror Sci-Fi,3.7954545454545454,22.0
54997,3:10 to Yuma (2007),Action|Crime|Drama|Western,3:10 to Yuma,Action Crime Drama Western,4.06,25.0
54999,Shoot 'Em Up (2007),Action|Comedy|Crime,Shoot 'Em Up,Action Comedy Crime,3.4583333333333335,12.0
55020,"Ten, The (2007)",Comedy,"Ten, The",Comedy,4.5,1.0
55036,Gotti (1996),Crime|Drama,Gotti,Crime Drama,2.5,1.0
55052,Atonement (2007),Drama|Romance|War,Atonement,Drama Romance War,3.5384615384615383,13.0
55061,Electroma (2006),Drama|Sci-Fi,Electroma,Drama Sci-Fi,1.0,1.0
55067,Requiem (2006),Drama|Thriller,Requiem,Drama Thriller,3.5,1.0
55069,"4 Months, 3 Weeks and 2 Days (4 luni, 3 saptamâni si 2 zile) (2007)",Drama,"4 Months, 3 Weeks and 2 Days (4 luni, 3 saptamâni si 2 zile)",Drama,4.0,3.0
55071,No End in Sight (2007),Documentary,No End in Sight,Documentary,4.0,1.0
55080,"Brave One, The (2007)",Crime|Drama|Thriller,"Brave One, The",Crime Drama Thriller,3.25,2.0
55094,In the Valley of Elah (2007),Drama|Mystery,In the Valley of Elah,Drama Mystery,3.5,3.0
55110,December Boys (2007),Drama,December Boys,Drama,3.0,1.0
55112,Shanghai Kiss (2007),Comedy|Drama|Romance,Shanghai Kiss,Comedy Drama Romance,4.0,1.0
55116,"Hunting Party, The (2007)",Action|Adventure|Comedy|Drama|Thriller,"Hunting Party, The",Action Adventure Comedy Drama Thriller,2.6666666666666665,3.0
55118,Eastern Promises (2007),Crime|Drama|Thriller,Eastern Promises,Crime Drama Thriller,4.026315789473684,19.0
55156,"Unreasonable Man, An (2006)",Documentary,"Unreasonable Man, An",Documentary,4.0,1.0
55167,Tekkonkinkreet (Tekkon kinkurîto) (2006),Action|Adventure|Animation|Crime|Fantasy,Tekkonkinkreet (Tekkon kinkurîto),Action Adventure Animation Crime Fantasy,4.625,4.0
55190,Love and Other Disasters (2006),Comedy|Romance,Love and Other Disasters,Comedy Romance,3.0,1.0
55205,Interview (2007),Drama,Interview,Drama,2.5,1.0
55207,Cashback (2004),Comedy|Drama,Cashback,Comedy Drama,3.0,1.0
55232,Resident Evil: Extinction (2007),Action|Horror|Sci-Fi|Thriller,Resident Evil: Extinction,Action Horror Sci-Fi Thriller,2.95,10.0
55241,Mr. Woodcock (2007),Comedy,Mr. Woodcock,Comedy,2.6666666666666665,3.0
55245,Good Luck Chuck (2007),Comedy|Romance,Good Luck Chuck,Comedy Romance,3.25,4.0
55247,Into the Wild (2007),Action|Adventure|Drama,Into the Wild,Action Adventure Drama,3.902439024390244,41.0
55250,"Game Plan, The (2007)",Comedy,"Game Plan, The",Comedy,2.6666666666666665,3.0
55253,"Lust, Caution (Se, jie) (2007)",Drama|Romance|Thriller|War,"Lust, Caution (Se, jie)",Drama Romance Thriller War,3.75,4.0
55259,"Seeker: The Dark Is Rising, The (2007)",Action|Adventure|Drama|Fantasy,"Seeker: The Dark Is Rising, The",Action Adventure Drama Fantasy,1.0,1.0
55261,"Heartbreak Kid, The (2007)",Comedy|Drama|Romance,"Heartbreak Kid, The",Comedy Drama Romance,2.5,8.0
55267,Dan in Real Life (2007),Comedy|Drama|Romance,Dan in Real Life,Comedy Drama Romance,3.388888888888889,9.0
55269,"Darjeeling Limited, The (2007)",Adventure|Comedy|Drama,"Darjeeling Limited, The",Adventure Comedy Drama,3.4285714285714284,21.0
55272,We Own the Night (2007),Crime|Drama,We Own the Night,Crime Drama,3.75,2.0
55274,Elizabeth: The Golden Age (2007),Drama,Elizabeth: The Golden Age,Drama,2.75,2.0
55276,Michael Clayton (2007),Drama|Thriller,Michael Clayton,Drama Thriller,3.911764705882353,17.0
55278,Sleuth (2007),Drama|Mystery|Thriller,Sleuth,Drama Mystery Thriller,4.25,2.0
55280,Lars and the Real Girl (2007),Comedy|Drama,Lars and the Real Girl,Comedy Drama,3.5625,8.0
55282,30 Days of Night (2007),Horror|Thriller,30 Days of Night,Horror Thriller,3.1818181818181817,11.0
55290,Gone Baby Gone (2007),Crime|Drama|Mystery,Gone Baby Gone,Crime Drama Mystery,3.45,20.0
55292,"Comebacks, The (2007)",Comedy,"Comebacks, The",Comedy,0.75,2.0
55294,Weirdsville (2007),Comedy|Crime|Drama,Weirdsville,Comedy Crime Drama,2.5,1.0
55363,"Assassination of Jesse James by the Coward Robert Ford, The (2007)",Crime|Drama|Western,"Assassination of Jesse James by the Coward Robert Ford, The",Crime Drama Western,4.1,10.0
55391,10th & Wolf (2006),Crime|Drama|Thriller,10th & Wolf,Crime Drama Thriller,4.5,1.0
55442,Persepolis (2007),Animation|Drama,Persepolis,Animation Drama,4.181818181818182,11.0
55444,Control (2007),Drama,Control,Drama,4.166666666666667,3.0
55451,The Jane Austen Book Club (2007),Comedy|Drama|Romance,The Jane Austen Book Club,Comedy Drama Romance,3.5,2.0
55492,"Last Winter, The (2006)",Horror,"Last Winter, The",Horror,4.0,1.0
55553,Black Sheep (2006),Comedy|Horror,Black Sheep,Comedy Horror,2.3333333333333335,3.0
55555,"Edge of Heaven, The (Auf der anderen Seite) (2007)",Drama,"Edge of Heaven, The (Auf der anderen Seite)",Drama,3.5,1.0
55577,Saw IV (2007),Crime|Horror|Thriller,Saw IV,Crime Horror Thriller,3.2,5.0
55620,For the Bible Tells Me So (2007),Documentary,For the Bible Tells Me So,Documentary,3.25,2.0
55687,My Kid Could Paint That (2007),Documentary,My Kid Could Paint That,Documentary,4.5,1.0
55721,Elite Squad (Tropa de Elite) (2007),Action|Crime|Drama|Thriller,Elite Squad (Tropa de Elite),Action Crime Drama Thriller,4.3,10.0
55729,King of California (2007),Comedy,King of California,Comedy,3.0,1.0
55765,American Gangster (2007),Crime|Drama|Thriller,American Gangster,Crime Drama Thriller,3.9054054054054053,37.0
55768,Bee Movie (2007),Animation|Comedy,Bee Movie,Animation Comedy,3.15,10.0
55805,Before the Devil Knows You're Dead (2007),Crime|Drama|Thriller,Before the Devil Knows You're Dead,Crime Drama Thriller,3.0,1.0
55814,"Diving Bell and the Butterfly, The (Scaphandre et le papillon, Le) (2007)",Drama,"Diving Bell and the Butterfly, The (Scaphandre et le papillon, Le)",Drama,4.1,5.0
55820,No Country for Old Men (2007),Crime|Drama,No Country for Old Men,Crime Drama,3.8984375,64.0
55830,Be Kind Rewind (2008),Comedy,Be Kind Rewind,Comedy,3.4,10.0
55844,Itty Bitty Titty Committee (2007),Comedy|Drama|Romance,Itty Bitty Titty Committee,Comedy Drama Romance,3.5,1.0
55854,"Fugitive, The (1947)",Drama,"Fugitive, The",Drama,3.0,1.0
55872,August Rush (2007),Drama|Musical,August Rush,Drama Musical,3.5,6.0
55908,"Man from Earth, The (2007)",Drama|Sci-Fi,"Man from Earth, The",Drama Sci-Fi,4.1875,8.0
55946,Lions For Lambs (2007),Drama|Thriller|War,Lions For Lambs,Drama Thriller War,4.0,2.0
55995,Beowulf (2007),Action|Adventure|Animation|Fantasy|IMAX,Beowulf,Action Adventure Animation Fantasy IMAX,2.5625,8.0
56003,Southland Tales (2006),Comedy|Drama|Sci-Fi|Thriller,Southland Tales,Comedy Drama Sci-Fi Thriller,3.0,2.0
56012,"Evening with Kevin Smith 2: Evening Harder, An (2006)",Comedy|Documentary,"Evening with Kevin Smith 2: Evening Harder, An",Comedy Documentary,2.75,2.0
56022,Harrison Bergeron (1995),Drama|Sci-Fi,Harrison Bergeron,Drama Sci-Fi,2.0,1.0
56060,I Served the King of England (Obsluhoval jsem anglického krále) (2006),Comedy|Drama|Romance|War,I Served the King of England (Obsluhoval jsem anglického krále),Comedy Drama Romance War,4.5,1.0
56145,"Mist, The (2007)",Horror|Sci-Fi,"Mist, The",Horror Sci-Fi,3.4285714285714284,14.0
56152,Enchanted (2007),Adventure|Animation|Children|Comedy|Fantasy|Musical|Romance,Enchanted,Adventure Animation Children Comedy Fantasy Musical Romance,3.676470588235294,17.0
56156,Hitman (2007),Action|Crime|Thriller,Hitman,Action Crime Thriller,3.2857142857142856,7.0
56169,Awake (2007),Drama|Thriller,Awake,Drama Thriller,4.0,1.0
56171,"Golden Compass, The (2007)",Adventure|Children|Fantasy,"Golden Compass, The",Adventure Children Fantasy,3.111111111111111,18.0
56174,I Am Legend (2007),Action|Horror|Sci-Fi|Thriller|IMAX,I Am Legend,Action Horror Sci-Fi Thriller IMAX,3.4838709677419355,62.0
56176,Alvin and the Chipmunks (2007),Children|Comedy,Alvin and the Chipmunks,Children Comedy,1.5,3.0
56251,Futurama: Bender's Big Score (2007),Animation|Comedy|Sci-Fi,Futurama: Bender's Big Score,Animation Comedy Sci-Fi,3.9,10.0
56274,Margot at the Wedding (2007),Drama,Margot at the Wedding,Drama,3.0,1.0
56286,I'm Not There (2007),Drama,I'm Not There,Drama,3.5,2.0
56333,"Savages, The (2007)",Comedy|Drama,"Savages, The",Comedy Drama,3.5,1.0
56336,Wrong Turn 2: Dead End (2007),Action|Horror|Thriller,Wrong Turn 2: Dead End,Action Horror Thriller,3.0,2.0
56339,"Orphanage, The (Orfanato, El) (2007)",Drama|Horror|Mystery|Thriller,"Orphanage, The (Orfanato, El)",Drama Horror Mystery Thriller,3.875,8.0
56367,Juno (2007),Comedy|Drama|Romance,Juno,Comedy Drama Romance,3.769230769230769,65.0
56379,"Maxed Out: Hard Times, Easy Credit and the Era of Predatory Lenders (2006)",Documentary,"Maxed Out: Hard Times, Easy Credit and the Era of Predatory Lenders",Documentary,3.0,2.0
56389,My Blueberry Nights (2007),Drama|Romance,My Blueberry Nights,Drama Romance,4.0,1.0
56563,Helvetica (2007),Documentary,Helvetica,Documentary,3.25,4.0
56587,"Bucket List, The (2007)",Comedy|Drama,"Bucket List, The",Comedy Drama,3.230769230769231,13.0
56607,"Kite Runner, The (2007)",Drama,"Kite Runner, The",Drama,3.3333333333333335,3.0
56620,"Deaths of Ian Stone, The (2007)",Horror|Thriller,"Deaths of Ian Stone, The",Horror Thriller,3.0,1.0
56715,Wristcutters: A Love Story (2006),Drama|Fantasy|Romance,Wristcutters: A Love Story,Drama Fantasy Romance,4.0,6.0
56757,Sweeney Todd: The Demon Barber of Fleet Street (2007),Drama|Horror|Musical|Thriller,Sweeney Todd: The Demon Barber of Fleet Street,Drama Horror Musical Thriller,3.716666666666667,30.0
56775,National Treasure: Book of Secrets (2007),Action|Adventure,National Treasure: Book of Secrets,Action Adventure,3.0416666666666665,24.0
56782,There Will Be Blood (2007),Drama|Western,There Will Be Blood,Drama Western,4.142857142857143,28.0
56788,Charlie Wilson's War (2007),Comedy|Drama|War,Charlie Wilson's War,Comedy Drama War,3.375,8.0
56801,AVPR: Aliens vs. Predator - Requiem (2007),Action|Horror|Sci-Fi,AVPR: Aliens vs. Predator - Requiem,Action Horror Sci-Fi,2.5833333333333335,6.0
56805,Walk Hard: The Dewey Cox Story (2007),Comedy|Musical,Walk Hard: The Dewey Cox Story,Comedy Musical,3.3,5.0
56837,As You Like It (2006),Comedy|Drama|Romance,As You Like It,Comedy Drama Romance,3.0,1.0
56869,Drained (O cheiro do Ralo) (2006),Comedy,Drained (O cheiro do Ralo),Comedy,4.0,1.0
56908,Dedication (2007),Comedy|Drama|Romance,Dedication,Comedy Drama Romance,4.0,1.0
56915,"Water Horse: Legend of the Deep, The (2007)",Adventure|Children|Fantasy,"Water Horse: Legend of the Deep, The",Adventure Children Fantasy,4.0,1.0
56921,Battlestar Galactica: Razor (2007),Action|Drama|Sci-Fi|Thriller,Battlestar Galactica: Razor,Action Drama Sci-Fi Thriller,3.8,5.0
56941,P.S. I Love You (2007),Comedy|Drama|Romance,P.S. I Love You,Comedy Drama Romance,3.090909090909091,11.0
56949,27 Dresses (2008),Comedy|Romance,27 Dresses,Comedy Romance,3.3,20.0
57147,Cassandra's Dream (2007),Crime|Drama|Thriller,Cassandra's Dream,Crime Drama Thriller,4.0,1.0
57183,Like Stars on Earth (Taare Zameen Par) (2007),Drama,Like Stars on Earth (Taare Zameen Par),Drama,4.5,2.0
57243,"Band's Visit, The (Bikur Ha-Tizmoret) (2007)",Comedy|Drama,"Band's Visit, The (Bikur Ha-Tizmoret)",Comedy Drama,3.5,3.0
57274,[REC] (2007),Drama|Horror|Thriller,[REC],Drama Horror Thriller,4.0625,8.0
57326,In the Name of the King: A Dungeon Siege Tale (2008),Action|Adventure|Fantasy,In the Name of the King: A Dungeon Siege Tale,Action Adventure Fantasy,0.5,1.0
57368,Cloverfield (2008),Action|Mystery|Sci-Fi|Thriller,Cloverfield,Action Mystery Sci-Fi Thriller,3.3518518518518516,27.0
57421,Hatchet (2006),Comedy|Horror,Hatchet,Comedy Horror,4.0,1.0
57499,Heaven and Earth (Ten to Chi to) (1990),Action|Adventure|Drama|War,Heaven and Earth (Ten to Chi to),Action Adventure Drama War,3.0,1.0
57502,Cat Soup (Nekojiru-so) (2001),Adventure|Animation|Drama|Horror,Cat Soup (Nekojiru-so),Adventure Animation Drama Horror,4.0,1.0
57504,"Girl Who Leapt Through Time, The (Toki o kakeru shôjo) (2006)",Animation|Comedy|Drama|Romance|Sci-Fi,"Girl Who Leapt Through Time, The (Toki o kakeru shôjo)",Animation Comedy Drama Romance Sci-Fi,4.1,10.0
57522,First Sunday (2008),Comedy|Crime,First Sunday,Comedy Crime,3.5,1.0
57526,Untraceable (2008),Crime|Thriller,Untraceable,Crime Thriller,3.0,1.0
57528,Rambo (Rambo 4) (2008),Action|Drama|Thriller|War,Rambo (Rambo 4),Action Drama Thriller War,3.2777777777777777,9.0
57532,Meet the Spartans (2008),Comedy,Meet the Spartans,Comedy,2.5,3.0
57536,Strange Wilderness (2008),Comedy,Strange Wilderness,Comedy,3.25,2.0
57637,"Signal, The (2007)",Horror|Sci-Fi|Thriller,"Signal, The",Horror Sci-Fi Thriller,3.5,1.0
57640,Hellboy II: The Golden Army (2008),Action|Adventure|Fantasy|Sci-Fi,Hellboy II: The Golden Army,Action Adventure Fantasy Sci-Fi,3.8055555555555554,18.0
57669,In Bruges (2008),Comedy|Crime|Drama|Thriller,In Bruges,Comedy Crime Drama Thriller,4.158536585365853,41.0
57772,World on a Wire (Welt am Draht) (1973),Crime|Sci-Fi,World on a Wire (Welt am Draht),Crime Sci-Fi,3.75,2.0
57843,Rise of the Footsoldier (2007),Action|Crime|Drama,Rise of the Footsoldier,Action Crime Drama,4.5,1.0
57910,Teeth (2007),Comedy|Horror,Teeth,Comedy Horror,2.0,1.0
57951,Fool's Gold (2008),Action|Adventure|Comedy|Romance,Fool's Gold,Action Adventure Comedy Romance,2.3333333333333335,3.0
58025,Jumper (2008),Action|Adventure|Drama|Sci-Fi|Thriller,Jumper,Action Adventure Drama Sci-Fi Thriller,3.0,18.0
58047,"Definitely, Maybe (2008)",Comedy|Drama|Romance,"Definitely, Maybe",Comedy Drama Romance,3.4285714285714284,14.0
58078,"Air I Breathe, The (2007)",Crime|Drama|Romance|Thriller,"Air I Breathe, The",Crime Drama Romance Thriller,3.0,1.0
58103,Vantage Point (2008),Action|Drama|Thriller,Vantage Point,Action Drama Thriller,3.4166666666666665,6.0
58105,"Spiderwick Chronicles, The (2008)",Adventure|Children|Drama|Fantasy|IMAX,"Spiderwick Chronicles, The",Adventure Children Drama Fantasy IMAX,3.4,5.0
58107,Step Up 2 the Streets (2008),Drama|Musical|Romance,Step Up 2 the Streets,Drama Musical Romance,3.25,2.0
58154,"Other Boleyn Girl, The (2008)",Drama|Romance,"Other Boleyn Girl, The",Drama Romance,3.7857142857142856,7.0
58156,Semi-Pro (2008),Comedy,Semi-Pro,Comedy,2.9,10.0
58162,Run Fatboy Run (2007),Comedy|Romance,Run Fatboy Run,Comedy Romance,3.0,7.0
58191,Taxi to the Dark Side (2007),Documentary,Taxi to the Dark Side,Documentary,4.0,1.0
58287,Descent (2007),Drama|Thriller,Descent,Drama Thriller,1.0,1.0
58291,College Road Trip (2008),Comedy,College Road Trip,Comedy,4.5,1.0
58293,"10,000 BC (2008)",Adventure|Romance|Thriller,"10,000 BC",Adventure Romance Thriller,2.7058823529411766,17.0
58295,"Bank Job, The (2008)",Action|Crime|Thriller,"Bank Job, The",Action Crime Thriller,3.6153846153846154,13.0
58297,Doomsday (2008),Action|Drama|Sci-Fi|Thriller,Doomsday,Action Drama Sci-Fi Thriller,4.0,1.0
58299,Horton Hears a Who! (2008),Adventure|Animation|Children|Comedy,Horton Hears a Who!,Adventure Animation Children Comedy,3.4375,8.0
58301,Funny Games U.S. (2007),Drama|Thriller,Funny Games U.S.,Drama Thriller,4.375,4.0
58303,"Counterfeiters, The (Die Fälscher) (2007)",Crime|Drama|War,"Counterfeiters, The (Die Fälscher)",Crime Drama War,3.3333333333333335,3.0
58306,Mongol (2007),Drama|War,Mongol,Drama War,2.5,1.0
58309,War Dance (2007),Documentary,War Dance,Documentary,4.5,1.0
58315,"Love Guru, The (2008)",Comedy,"Love Guru, The",Comedy,2.125,4.0
58332,Diary of the Dead (2007),Horror|Sci-Fi,Diary of the Dead,Horror Sci-Fi,2.8333333333333335,3.0
58347,Penelope (2006),Comedy|Fantasy|Romance,Penelope,Comedy Fantasy Romance,3.5,4.0
58351,City of Men (Cidade dos Homens) (2007),Drama,City of Men (Cidade dos Homens),Drama,4.0,1.0
58376,Zeitgeist: The Movie (2007),Documentary|War,Zeitgeist: The Movie,Documentary War,3.75,2.0
58404,Justice League: The New Frontier (2008) ,Action|Adventure|Animation|Fantasy|Sci-Fi,Justice League: The New Frontier,Action Adventure Animation Fantasy Sci-Fi,2.75,2.0
58425,Heima (2007),Documentary,Heima,Documentary,4.166666666666667,3.0
58492,Snow Angels (2007),Drama,Snow Angels,Drama,3.0,1.0
58554,"Class, The (Klass) (2007)",Drama,"Class, The (Klass)",Drama,3.5,2.0
58559,"Dark Knight, The (2008)",Action|Crime|Drama|IMAX,"Dark Knight, The",Action Crime Drama IMAX,4.238255033557047,149.0
58627,Never Back Down (2008),Action,Never Back Down,Action,3.5,1.0
58655,Drillbit Taylor (2008),Comedy,Drillbit Taylor,Comedy,3.5,2.0
58783,Youth Without Youth (2007),Drama|Romance|Sci-Fi,Youth Without Youth,Drama Romance Sci-Fi,2.5,1.0
58803,21 (2008),Crime|Drama|Romance|Thriller,21,Crime Drama Romance Thriller,3.75,18.0
58806,Smart People (2008),Comedy|Drama|Romance,Smart People,Comedy Drama Romance,2.75,2.0
58826,"Shepherd: Border Patrol, The (2008)",Action|Crime|Thriller,"Shepherd: Border Patrol, The",Action Crime Thriller,2.5,1.0
58839,Leatherheads (2008),Comedy|Drama|Romance,Leatherheads,Comedy Drama Romance,2.375,4.0
58842,Assembly (Ji jie hao) (2007) ,Action|Drama|War,Assembly (Ji jie hao),Action Drama War,4.5,1.0
58870,Zebraman (2004),Comedy,Zebraman,Comedy,3.5,2.0
58876,Stop-Loss (2008),Drama|War,Stop-Loss,Drama War,3.25,2.0
58879,Shine a Light (2008),Documentary|Musical|IMAX,Shine a Light,Documentary Musical IMAX,3.5,1.0
58964,Inside (À l'intérieur) (2007),Horror|Thriller,Inside (À l'intérieur),Horror Thriller,4.0,1.0
58972,Nim's Island (2008),Adventure|Comedy|Fantasy,Nim's Island,Adventure Comedy Fantasy,3.0,2.0
58975,"Ruins, The (2008)",Horror|Thriller,"Ruins, The",Horror Thriller,3.5,1.0
58998,Forgetting Sarah Marshall (2008),Comedy|Romance,Forgetting Sarah Marshall,Comedy Romance,3.769230769230769,39.0
59014,Superhero Movie (2008),Action|Comedy|Sci-Fi,Superhero Movie,Action Comedy Sci-Fi,2.0,3.0
59016,Street Kings (2008),Crime|Drama|Thriller,Street Kings,Crime Drama Thriller,2.5,1.0
59018,"Visitor, The (2007)",Drama|Romance,"Visitor, The",Drama Romance,4.5,1.0
59022,Harold & Kumar Escape from Guantanamo Bay (2008),Adventure|Comedy,Harold & Kumar Escape from Guantanamo Bay,Adventure Comedy,3.3076923076923075,13.0
59026,99 francs (2007),Comedy,99 francs,Comedy,4.0,1.0
59037,Speed Racer (2008),Action|Children|Sci-Fi|IMAX,Speed Racer,Action Children Sci-Fi IMAX,3.1666666666666665,3.0
59103,"Forbidden Kingdom, The (2008)",Action|Adventure|Comedy|Fantasy,"Forbidden Kingdom, The",Action Adventure Comedy Fantasy,3.8333333333333335,3.0
59118,Happy-Go-Lucky (2008),Comedy|Drama,Happy-Go-Lucky,Comedy Drama,3.5,1.0
59126,Religulous (2008),Comedy|Documentary,Religulous,Comedy Documentary,3.8,5.0
59129,Outpost (2008),Action|Horror,Outpost,Action Horror,2.0,2.0
59131,Are You Scared? (2006),Horror,Are You Scared?,Horror,3.5,1.0
59141,Son of Rambow (2007),Children|Comedy|Drama,Son of Rambow,Children Comedy Drama,4.666666666666667,3.0
59143,Super High Me (2007),Comedy|Documentary,Super High Me,Comedy Documentary,4.25,2.0
59220,Outsourced (2006),Comedy|Romance,Outsourced,Comedy Romance,3.5,1.0
59258,Baby Mama (2008),Comedy,Baby Mama,Comedy,3.1363636363636362,11.0
59295,Expelled: No Intelligence Allowed (2008),Documentary,Expelled: No Intelligence Allowed,Documentary,1.0,1.0
59306,Prom Night (2008),Horror|Mystery|Thriller,Prom Night,Horror Mystery Thriller,0.75,2.0
59315,Iron Man (2008),Action|Adventure|Sci-Fi,Iron Man,Action Adventure Sci-Fi,3.824468085106383,94.0
59333,Made of Honor (2008),Comedy|Romance,Made of Honor,Comedy Romance,2.875,4.0
59336,Redbelt (2008),Action|Drama,Redbelt,Action Drama,3.0,1.0
59369,Taken (2008),Action|Crime|Drama|Thriller,Taken,Action Crime Drama Thriller,3.619047619047619,42.0
59387,"Fall, The (2006)",Adventure|Drama|Fantasy,"Fall, The",Adventure Drama Fantasy,3.9545454545454546,11.0
59421,What Happens in Vegas... (2008),Comedy|Romance,What Happens in Vegas...,Comedy Romance,2.75,8.0
59429,American Pie Presents Beta House (American Pie 6: Beta House) (2007),Comedy,American Pie Presents Beta House (American Pie 6: Beta House),Comedy,2.75,2.0
59440,Bella (2006),Drama|Romance,Bella,Drama Romance,3.5,1.0
59501,"Chronicles of Narnia: Prince Caspian, The (2008)",Adventure|Children|Fantasy,"Chronicles of Narnia: Prince Caspian, The",Adventure Children Fantasy,3.5416666666666665,12.0
59549,Shelter (2007),Drama|Romance,Shelter,Drama Romance,4.0,1.0
59604,"Girl Next Door, The (2007)",Crime|Drama|Horror|Thriller,"Girl Next Door, The",Crime Drama Horror Thriller,3.75,2.0
59615,Indiana Jones and the Kingdom of the Crystal Skull (2008),Action|Adventure|Comedy|Sci-Fi,Indiana Jones and the Kingdom of the Crystal Skull,Action Adventure Comedy Sci-Fi,2.8333333333333335,39.0
59667,Nina's Heavenly Delights (2006),Comedy,Nina's Heavenly Delights,Comedy,4.0,1.0
59725,Sex and the City (2008),Comedy|Romance,Sex and the City,Comedy Romance,2.409090909090909,11.0
59727,"Strangers, The (2008)",Horror|Thriller,"Strangers, The",Horror Thriller,3.1666666666666665,3.0
59731,"Bigger, Stronger, Faster* (2008)",Documentary,"Bigger, Stronger, Faster*",Documentary,3.5,1.0
59738,All the Boys Love Mandy Lane (2006),Horror|Mystery|Thriller,All the Boys Love Mandy Lane,Horror Mystery Thriller,3.0,1.0
59784,Kung Fu Panda (2008),Action|Animation|Children|Comedy|IMAX,Kung Fu Panda,Action Animation Children Comedy IMAX,3.4444444444444446,54.0
59810,Recount (2008),Drama,Recount,Drama,3.5,1.0
59814,Ex Drummer (2007),Comedy|Crime|Drama|Horror,Ex Drummer,Comedy Crime Drama Horror,5.0,1.0
59900,You Don't Mess with the Zohan (2008),Comedy,You Don't Mess with the Zohan,Comedy,2.8666666666666667,15.0
59915,Stuck (2007),Horror|Thriller,Stuck,Horror Thriller,3.5,1.0
59947,"Protector, The (1985)",Action|Comedy|Drama|Thriller,"Protector, The",Action Comedy Drama Thriller,2.0,1.0
59985,Chaos Theory (2007),Comedy|Drama|Romance,Chaos Theory,Comedy Drama Romance,4.0,1.0
59995,Boy A (2007),Crime|Drama,Boy A,Crime Drama,4.0,1.0
60030,Spiral (2007),Drama|Horror|Thriller,Spiral,Drama Horror Thriller,4.5,1.0
60037,"Happening, The (2008)",Drama|Sci-Fi|Thriller,"Happening, The",Drama Sci-Fi Thriller,3.0,5.0
60040,"Incredible Hulk, The (2008)",Action|Sci-Fi,"Incredible Hulk, The",Action Sci-Fi,3.1714285714285713,35.0
60046,"Children of Huang Shi, The (2008)",Drama|War,"Children of Huang Shi, The",Drama War,3.5,1.0
60069,WALL·E (2008),Adventure|Animation|Children|Romance|Sci-Fi,WALL·E,Adventure Animation Children Romance Sci-Fi,4.0576923076923075,104.0
60072,Wanted (2008),Action|Thriller,Wanted,Action Thriller,3.159090909090909,22.0
60074,Hancock (2008),Action|Adventure|Comedy|Crime|Fantasy,Hancock,Action Adventure Comedy Crime Fantasy,3.0344827586206895,29.0
60126,Get Smart (2008),Action|Comedy,Get Smart,Action Comedy,3.46875,16.0
60128,Young People Fucking (a.k.a. YPF) (2007),Comedy,Young People Fucking (a.k.a. YPF),Comedy,2.25,2.0
60141,St. Trinian's (2007),Children|Comedy,St. Trinian's,Children Comedy,2.5,1.0
60161,Futurama: The Beast with a Billion Backs (2008),Action|Animation|Comedy|Romance|Sci-Fi,Futurama: The Beast with a Billion Backs,Action Animation Comedy Romance Sci-Fi,3.5,6.0
60289,Kit Kittredge: An American Girl (2008),Children|Comedy|Drama|Mystery,Kit Kittredge: An American Girl,Children Comedy Drama Mystery,3.0,2.0
60291,Gonzo: The Life and Work of Dr. Hunter S. Thompson (2008),Documentary,Gonzo: The Life and Work of Dr. Hunter S. Thompson,Documentary,3.75,2.0
60293,"Wackness, The (2008)",Comedy|Drama|Romance,"Wackness, The",Comedy Drama Romance,4.0,3.0
60303,Strange Circus (Kimyô na sâkasu) (2005),Horror|Mystery|Thriller,Strange Circus (Kimyô na sâkasu),Horror Mystery Thriller,4.0,1.0
60333,Encounters at the End of the World (2008),Documentary,Encounters at the End of the World,Documentary,4.5,3.0
60363,Zombie Strippers! (2008),Comedy|Horror,Zombie Strippers!,Comedy Horror,0.5,1.0
60365,Frosty the Snowman (1969),Animation|Children|Comedy|Fantasy|Musical,Frosty the Snowman,Animation Children Comedy Fantasy Musical,1.5,1.0
60389,Battle for Haditha (2007),War,Battle for Haditha,War,4.0,1.0
60397,Mamma Mia! (2008),Comedy|Musical|Romance,Mamma Mia!,Comedy Musical Romance,2.9642857142857144,14.0
60408,Welcome to the Sticks (Bienvenue chez les Ch'tis) (2008),Comedy,Welcome to the Sticks (Bienvenue chez les Ch'tis),Comedy,4.5,2.0
60471,Rogue (2007),Action|Adventure|Horror|Sci-Fi|Thriller,Rogue,Action Adventure Horror Sci-Fi Thriller,3.5,1.0
60487,"It's the Great Pumpkin, Charlie Brown (1966)",Animation|Children|Comedy,"It's the Great Pumpkin, Charlie Brown",Animation Children Comedy,3.8,5.0
60514,Journey to the Center of the Earth (2008),Action|Adventure|Sci-Fi,Journey to the Center of the Earth,Action Adventure Sci-Fi,2.5,5.0
60516,Meet Dave (2008),Adventure|Children|Comedy|Romance|Sci-Fi,Meet Dave,Adventure Children Comedy Romance Sci-Fi,3.5,2.0
60522,"Machine Girl, The (Kataude mashin gâru) (2008)",Action|Comedy|Fantasy|Horror|Thriller,"Machine Girl, The (Kataude mashin gâru)",Action Comedy Fantasy Horror Thriller,2.25,2.0
60538,Shrooms (2007),Horror|Thriller,Shrooms,Horror Thriller,3.5,1.0
60647,Transsiberian (2008),Crime|Drama|Thriller,Transsiberian,Crime Drama Thriller,2.5,1.0
60674,Stargate: Continuum (2008),Sci-Fi,Stargate: Continuum,Sci-Fi,2.5,1.0
60684,Watchmen (2009),Action|Drama|Mystery|Sci-Fi|Thriller|IMAX,Watchmen,Action Drama Mystery Sci-Fi Thriller IMAX,3.988372093023256,43.0
60735,Shotgun Stories (2007),Drama|Thriller,Shotgun Stories,Drama Thriller,2.5,1.0
60737,Watching the Detectives (2007),Comedy|Romance,Watching the Detectives,Comedy Romance,5.0,1.0
60753,Felon (2008),Crime|Drama,Felon,Crime Drama,3.5,2.0
60756,Step Brothers (2008),Comedy,Step Brothers,Comedy,3.5535714285714284,28.0
60760,"X-Files: I Want to Believe, The (2008)",Drama|Mystery|Sci-Fi|Thriller,"X-Files: I Want to Believe, The",Drama Mystery Sci-Fi Thriller,2.875,4.0
60766,Man on Wire (2008),Documentary,Man on Wire,Documentary,3.6875,8.0
60803,"Little Drummer Boy, The (1968)",Animation|Children|Musical,"Little Drummer Boy, The",Animation Children Musical,2.5,1.0
60818,Hogfather (Terry Pratchett's Hogfather) (2006),Adventure|Fantasy|Thriller,Hogfather (Terry Pratchett's Hogfather),Adventure Fantasy Thriller,4.0,1.0
60832,Pathology (2008),Crime|Horror|Thriller,Pathology,Crime Horror Thriller,4.0,1.0
60857,"Tracey Fragments, The (2007)",Drama,"Tracey Fragments, The",Drama,3.0,1.0
60885,"Zone, The (La Zona) (2007)",Drama|Thriller,"Zone, The (La Zona)",Drama Thriller,3.5,2.0
60894,"Edge of Love, The (2008)",Drama|Romance|War,"Edge of Love, The",Drama Romance War,3.0,1.0
60904,Heart of a Dog (Sobachye serdtse) (1988),Comedy|Drama|Sci-Fi,Heart of a Dog (Sobachye serdtse),Comedy Drama Sci-Fi,4.0,1.0
60937,"Mummy: Tomb of the Dragon Emperor, The (2008)",Action|Adventure|Fantasy|Thriller,"Mummy: Tomb of the Dragon Emperor, The",Action Adventure Fantasy Thriller,2.642857142857143,7.0
60941,"Midnight Meat Train, The (2008)",Horror|Mystery|Thriller,"Midnight Meat Train, The",Horror Mystery Thriller,2.875,4.0
60943,Frozen River (2008),Drama,Frozen River,Drama,4.5,1.0
60950,Vicky Cristina Barcelona (2008),Comedy|Drama|Romance,Vicky Cristina Barcelona,Comedy Drama Romance,3.09375,16.0
60979,Batman: Gotham Knight (2008),Action|Animation|Crime,Batman: Gotham Knight,Action Animation Crime,3.5,3.0
61011,"Walker, The (2007)",Drama|Mystery,"Walker, The",Drama Mystery,2.0,1.0
61024,Pineapple Express (2008),Action|Comedy|Crime,Pineapple Express,Action Comedy Crime,3.6774193548387095,31.0
61026,Red Cliff (Chi bi) (2008),Action|Adventure|Drama|War,Red Cliff (Chi bi),Action Adventure Drama War,4.0,3.0
61071,"Sisterhood of the Traveling Pants 2, The (2008)",Adventure|Comedy|Drama|Romance,"Sisterhood of the Traveling Pants 2, The",Adventure Comedy Drama Romance,2.5,1.0
61073,Hell Ride (2008),Action|Drama|Thriller,Hell Ride,Action Drama Thriller,2.0,1.0
61123,High School Musical 2 (2007),Comedy|Drama|Musical|Romance,High School Musical 2,Comedy Drama Musical Romance,2.0,1.0
61132,Tropic Thunder (2008),Action|Adventure|Comedy|War,Tropic Thunder,Action Adventure Comedy War,3.5,33.0
61160,Star Wars: The Clone Wars (2008),Action|Adventure|Animation|Sci-Fi,Star Wars: The Clone Wars,Action Adventure Animation Sci-Fi,2.357142857142857,7.0
61167,Henry Poole is Here (2008),Drama|Mystery,Henry Poole is Here,Drama Mystery,4.0,1.0
61210,Mutant Chronicles (2008),Action|Adventure|Sci-Fi,Mutant Chronicles,Action Adventure Sci-Fi,3.5,1.0
61236,Waltz with Bashir (Vals im Bashir) (2008),Animation|Documentary|Drama|War,Waltz with Bashir (Vals im Bashir),Animation Documentary Drama War,3.0,5.0
61240,Let the Right One In (Låt den rätte komma in) (2008),Drama|Fantasy|Horror|Romance,Let the Right One In (Låt den rätte komma in),Drama Fantasy Horror Romance,3.911764705882353,17.0
61246,Hamlet 2 (2008),Comedy,Hamlet 2,Comedy,2.0,1.0
61248,Death Race (2008),Action|Adventure|Sci-Fi|Thriller,Death Race,Action Adventure Sci-Fi Thriller,3.2222222222222223,9.0
61250,"House Bunny, The (2008)",Comedy,"House Bunny, The",Comedy,2.5,10.0
61255,"Rocker, The (2008)",Comedy,"Rocker, The",Comedy,2.75,2.0
61257,I.O.U.S.A. (a.k.a. IOUSA) (2008),Documentary,I.O.U.S.A. (a.k.a. IOUSA),Documentary,4.0,1.0
61262,Mirrors (2008),Horror|Mystery|Thriller,Mirrors,Horror Mystery Thriller,1.5,1.0
61289,Sukiyaki Western Django (2008),Action|Western,Sukiyaki Western Django,Action Western,3.3333333333333335,3.0
61319,Somers Town (2008),Drama,Somers Town,Drama,3.5,1.0
61323,Burn After Reading (2008),Comedy|Crime|Drama,Burn After Reading,Comedy Crime Drama,3.4871794871794872,39.0
61348,Disaster Movie (2008),Comedy,Disaster Movie,Comedy,0.8333333333333334,3.0
61350,Babylon A.D. (2008),Action|Adventure|Sci-Fi|Thriller,Babylon A.D.,Action Adventure Sci-Fi Thriller,2.3333333333333335,3.0
61352,Traitor (2008),Crime|Drama|Thriller,Traitor,Crime Drama Thriller,3.375,4.0
61394,"Onion Movie, The (2008)",Comedy,"Onion Movie, The",Comedy,4.0,1.0
61401,"Spirit, The (2008)",Action|Comedy|Fantasy|Thriller,"Spirit, The",Action Comedy Fantasy Thriller,2.5,2.0
61406,John Adams (2008),Drama,John Adams,Drama,4.0,2.0
61465,Bangkok Dangerous (2008),Action|Crime|Thriller,Bangkok Dangerous,Action Crime Thriller,3.25,2.0
61628,Sunflower (Xiang ri kui) (2005),Drama,Sunflower (Xiang ri kui),Drama,2.0,1.0
61692,Altered (2006),Horror|Sci-Fi|Thriller,Altered,Horror Sci-Fi Thriller,3.0,1.0
61697,Righteous Kill (2008),Crime|Mystery|Thriller,Righteous Kill,Crime Mystery Thriller,3.0,1.0
61705,Lakeview Terrace (2008),Drama|Thriller,Lakeview Terrace,Drama Thriller,3.0,2.0
61729,Ghost Town (2008),Comedy|Fantasy|Romance,Ghost Town,Comedy Fantasy Romance,2.0,2.0
61818,"Crow, The: Wicked Prayer (2005)",Action|Adventure|Fantasy|Thriller,"Crow, The: Wicked Prayer",Action Adventure Fantasy Thriller,0.5,1.0
61986,Appaloosa (2008),Western,Appaloosa,Western,3.0,1.0
62008,Dead Fury (2008),Action|Animation|Comedy|Horror,Dead Fury,Action Animation Comedy Horror,3.0,1.0
62081,Eagle Eye (2008),Action|Crime|Thriller|IMAX,Eagle Eye,Action Crime Thriller IMAX,3.0625,8.0
62113,How to Lose Friends & Alienate People (2008),Comedy,How to Lose Friends & Alienate People,Comedy,2.8333333333333335,6.0
62155,Nick and Norah's Infinite Playlist (2008),Comedy|Drama|Romance,Nick and Norah's Infinite Playlist,Comedy Drama Romance,3.35,10.0
62208,"Sound of the Mountain (Thunder of the Mountain, The) (Yama no oto) (1954)",Drama,"Sound of the Mountain (Thunder of the Mountain, The) (Yama no oto)",Drama,4.5,1.0
62250,Gomorrah (Gomorra) (2008),Crime|Drama,Gomorrah (Gomorra),Crime Drama,3.7,5.0
62293,"Duchess, The (2008)",Drama|Romance,"Duchess, The",Drama Romance,3.5,4.0
62299,Alone in the Dark II (2008),Action|Horror,Alone in the Dark II,Action Horror,3.5,1.0
62336,FLCL (2000),Animation|Comedy|Fantasy|Sci-Fi,FLCL,Animation Comedy Fantasy Sci-Fi,4.277777777777778,9.0
62344,Rachel Getting Married (2008),Drama|Romance,Rachel Getting Married,Drama Romance,2.75,2.0
62374,Body of Lies (2008),Action|Drama|Thriller,Body of Lies,Action Drama Thriller,3.772727272727273,11.0
62376,City of Ember (2008),Adventure|Children|Sci-Fi,City of Ember,Adventure Children Sci-Fi,2.8333333333333335,3.0
62383,"20,000 Leagues Under the Sea (1916)",Action|Adventure|Sci-Fi,"20,000 Leagues Under the Sea",Action Adventure Sci-Fi,3.75,2.0
62394,Max Payne (2008),Action|Crime|Drama|Thriller,Max Payne,Action Crime Drama Thriller,2.1666666666666665,3.0
62434,Zack and Miri Make a Porno (2008),Comedy|Drama|Romance,Zack and Miri Make a Porno,Comedy Drama Romance,3.5238095238095237,21.0
62437,W. (2008),Drama,W.,Drama,2.5,1.0
62439,My Best Friend's Girl (2008),Comedy|Romance,My Best Friend's Girl,Comedy Romance,4.0,3.0
62511,"Synecdoche, New York (2008)",Comedy|Drama,"Synecdoche, New York",Comedy Drama,3.125,4.0
62553,"Secret Life of Bees, The (2008)",Drama,"Secret Life of Bees, The",Drama,4.0,1.0
62586,"American Carol, An (2008)",Comedy|Fantasy,"American Carol, An",Comedy Fantasy,2.0,1.0
62644,"Wave, The (Welle, Die) (2008)",Drama,"Wave, The (Welle, Die)",Drama,3.5714285714285716,7.0
62662,Tokyo-Ga (1985),Documentary,Tokyo-Ga,Documentary,3.0,1.0
62718,"Angus, Thongs and Perfect Snogging (2008)",Comedy|Romance,"Angus, Thongs and Perfect Snogging",Comedy Romance,2.5,1.0
62792,Pride and Glory (2008),Crime|Drama,Pride and Glory,Crime Drama,3.0,2.0
62799,"Express, The (2008)",Drama,"Express, The",Drama,3.0,1.0
62834,Babylon 5: The Legend of the Rangers: To Live and Die in Starlight (2002),Sci-Fi,Babylon 5: The Legend of the Rangers: To Live and Die in Starlight,Sci-Fi,4.0,1.0
62836,Babylon 5: The Lost Tales - Voices in the Dark (2007),Sci-Fi,Babylon 5: The Lost Tales - Voices in the Dark,Sci-Fi,4.0,1.0
62849,RocknRolla (2008),Action|Crime,RocknRolla,Action Crime,3.769230769230769,13.0
62956,Futurama: Bender's Game (2008),Action|Adventure|Animation|Comedy|Fantasy|Sci-Fi,Futurama: Bender's Game,Action Adventure Animation Comedy Fantasy Sci-Fi,3.4444444444444446,9.0
62970,Tin Man (2007),Adventure|Fantasy|Sci-Fi,Tin Man,Adventure Fantasy Sci-Fi,2.25,2.0
62999,Madagascar: Escape 2 Africa (2008),Action|Adventure|Animation|Children|Comedy|IMAX,Madagascar: Escape 2 Africa,Action Adventure Animation Children Comedy IMAX,3.6923076923076925,13.0
63033,Blindness (2008),Drama|Mystery|Romance|Thriller,Blindness,Drama Mystery Romance Thriller,3.5,1.0
63062,Changeling (2008),Crime|Drama|Mystery,Changeling,Crime Drama Mystery,3.4375,8.0
63072,"Road, The (2009)",Adventure|Drama|Thriller,"Road, The",Adventure Drama Thriller,3.888888888888889,9.0
63082,Slumdog Millionaire (2008),Crime|Drama|Romance,Slumdog Millionaire,Crime Drama Romance,3.8098591549295775,71.0
63113,Quantum of Solace (2008),Action|Adventure|Thriller,Quantum of Solace,Action Adventure Thriller,3.4571428571428573,35.0
63131,Role Models (2008),Comedy,Role Models,Comedy,3.625,20.0
63179,Tokyo! (2008),Drama,Tokyo!,Drama,3.5,1.0
63222,JCVD (2008),Action|Drama|Thriller,JCVD,Action Drama Thriller,3.25,2.0
63239,Cinderella (1997),Children|Fantasy|Musical|Romance,Cinderella,Children Fantasy Musical Romance,3.0,1.0
63276,Crows Zero (Kurôzu zero) (2007),Action,Crows Zero (Kurôzu zero),Action,4.0,2.0
63312,Krabat (2008),Drama|Fantasy,Krabat,Drama Fantasy,2.0,1.0
63393,Camp Rock (2008),Comedy|Musical|Romance,Camp Rock,Comedy Musical Romance,1.0,1.0
63433,Farscape: The Peacekeeper Wars (2004),Action|Adventure|Sci-Fi,Farscape: The Peacekeeper Wars,Action Adventure Sci-Fi,3.5,4.0
63436,Saw V (2008),Crime|Horror|Thriller,Saw V,Crime Horror Thriller,3.1666666666666665,3.0
63479,Sex Drive (2008),Comedy,Sex Drive,Comedy,3.625,4.0
63515,The Island (2006),Drama|Mystery,The Island,Drama Mystery,4.0,1.0
63540,Beverly Hills Chihuahua (2008),Adventure|Children|Comedy,Beverly Hills Chihuahua,Adventure Children Comedy,2.125,4.0
63768,Tattooed Life (Irezumi ichidai) (1965),Crime|Drama,Tattooed Life (Irezumi ichidai),Crime Drama,3.0,1.0
63808,"Class, The (Entre les murs) (2008)",Drama,"Class, The (Entre les murs)",Drama,2.75,2.0
63826,Splinter (2008),Action|Horror|Thriller,Splinter,Action Horror Thriller,4.0,1.0
63853,Australia (2008),Adventure|Drama|War|Western,Australia,Adventure Drama War Western,3.2,5.0
63859,Bolt (2008),Action|Adventure|Animation|Children|Comedy,Bolt,Action Adventure Animation Children Comedy,3.388888888888889,18.0
63876,Milk (2008),Drama,Milk,Drama,3.5454545454545454,11.0
63992,Twilight (2008),Drama|Fantasy|Romance|Thriller,Twilight,Drama Fantasy Romance Thriller,2.409090909090909,22.0
64010,"Children, The (2008)",Horror,"Children, The",Horror,3.5,1.0
64030,Transporter 3 (2008),Action|Adventure|Crime|Thriller,Transporter 3,Action Adventure Crime Thriller,2.6666666666666665,6.0
64032,Four Christmases (2008),Comedy,Four Christmases,Comedy,2.8333333333333335,3.0
64034,"Boy in the Striped Pajamas, The (Boy in the Striped Pyjamas, The) (2008)",Drama|War,"Boy in the Striped Pajamas, The (Boy in the Striped Pyjamas, The)",Drama War,3.4166666666666665,6.0
64114,Fireproof (2008),Drama|Romance,Fireproof,Drama Romance,1.0,1.0
64116,Igor (2008),Animation|Comedy,Igor,Animation Comedy,3.5,2.0
64167,Dinotopia (2002),Adventure|Fantasy,Dinotopia,Adventure Fantasy,3.3333333333333335,3.0
64197,Hunger (2008),Drama,Hunger,Drama,4.75,2.0
64231,Punisher: War Zone (2008),Action|Crime|Drama|Thriller,Punisher: War Zone,Action Crime Drama Thriller,3.0,6.0
64249,Shrek the Halls (2007),Adventure|Animation|Comedy|Fantasy,Shrek the Halls,Adventure Animation Comedy Fantasy,2.5,2.0
64278,"Pervert's Guide to Cinema, The (2006)",Documentary,"Pervert's Guide to Cinema, The",Documentary,3.5,1.0
64285,Wallace and Gromit in 'A Matter of Loaf and Death' (2008),Animation|Comedy,Wallace and Gromit in 'A Matter of Loaf and Death',Animation Comedy,3.7,5.0
64497,"Day the Earth Stood Still, The (2008)",Drama|Sci-Fi|Thriller|IMAX,"Day the Earth Stood Still, The",Drama Sci-Fi Thriller IMAX,2.7857142857142856,7.0
64499,Che: Part One (2008),Drama|War,Che: Part One,Drama War,5.0,1.0
64501,Che: Part Two (2008),Drama|War,Che: Part Two,Drama War,5.0,1.0
64575,Doubt (2008),Drama|Mystery,Doubt,Drama Mystery,3.357142857142857,7.0
64614,Gran Torino (2008),Crime|Drama,Gran Torino,Crime Drama,3.9456521739130435,46.0
64620,Frost/Nixon (2008),Drama,Frost/Nixon,Drama,3.9444444444444446,9.0
64622,"Reader, The (2008)",Drama|Romance,"Reader, The",Drama Romance,3.2142857142857144,7.0
64695,Sword of the Stranger (Sutorejia: Mukô hadan) (2007),Action|Adventure|Animation,Sword of the Stranger (Sutorejia: Mukô hadan),Action Adventure Animation,4.0,1.0
64716,Seven Pounds (2008),Drama,Seven Pounds,Drama,4.136363636363637,11.0
64839,"Wrestler, The (2008)",Drama,"Wrestler, The",Drama,3.735294117647059,34.0
64957,"Curious Case of Benjamin Button, The (2008)",Drama|Fantasy|Mystery|Romance,"Curious Case of Benjamin Button, The",Drama Fantasy Mystery Romance,3.5945945945945947,37.0
64969,Yes Man (2008),Comedy,Yes Man,Comedy,3.6176470588235294,34.0
64983,Valkyrie (2008),Drama|Thriller|War,Valkyrie,Drama Thriller War,3.409090909090909,11.0
64993,5 Centimeters per Second (Byôsoku 5 senchimêtoru) (2007),Animation|Drama|Romance,5 Centimeters per Second (Byôsoku 5 senchimêtoru),Animation Drama Romance,3.5,3.0
64997,War of the Worlds (2005),Action|Sci-Fi,War of the Worlds,Action Sci-Fi,3.0,2.0
65037,Ben X (2007),Drama,Ben X,Drama,3.5,1.0
65088,Bedtime Stories (2008),Adventure|Children|Comedy,Bedtime Stories,Adventure Children Comedy,3.3636363636363638,11.0
65126,Choke (2008),Comedy|Drama,Choke,Comedy Drama,3.5,3.0
65130,Revolutionary Road (2008),Drama|Romance,Revolutionary Road,Drama Romance,3.7,5.0
65133,Blackadder Back & Forth (1999),Comedy,Blackadder Back & Forth,Comedy,3.5,2.0
65135,Blackadder's Christmas Carol (1988),Comedy,Blackadder's Christmas Carol,Comedy,3.0,1.0
65188,Dear Zachary: A Letter to a Son About His Father (2008),Documentary,Dear Zachary: A Letter to a Son About His Father,Documentary,3.875,4.0
65193,Wild Child (2008),Drama|Romance,Wild Child,Drama Romance,3.0,1.0
65216,Defiance (2008),Drama|Thriller|War,Defiance,Drama Thriller War,3.9285714285714284,7.0
65225,Zeitgeist: Addendum (2008),Documentary,Zeitgeist: Addendum,Documentary,4.5,1.0
65230,Marley & Me (2008),Comedy|Drama,Marley & Me,Comedy Drama,3.142857142857143,14.0
65261,Ponyo (Gake no ue no Ponyo) (2008),Adventure|Animation|Children|Fantasy,Ponyo (Gake no ue no Ponyo),Adventure Animation Children Fantasy,4.0,11.0
65350,"General Died at Dawn, The (1936)",Adventure|Crime|Thriller,"General Died at Dawn, The",Adventure Crime Thriller,0.5,1.0
65359,Earthsea (Legend of Earthsea) (2004),Adventure|Drama|Fantasy,Earthsea (Legend of Earthsea),Adventure Drama Fantasy,3.0,1.0
65514,Ip Man (2008),Action|Drama|War,Ip Man,Action Drama War,3.95,10.0
65577,"Tale of Despereaux, The (2008)",Adventure|Animation|Children|Comedy|Fantasy,"Tale of Despereaux, The",Adventure Animation Children Comedy Fantasy,3.0,1.0
65585,Bride Wars (2009),Comedy|Romance,Bride Wars,Comedy Romance,3.5,4.0
65588,"Gamers, The: Dorkness Rising (2008)",Action|Adventure|Comedy|Fantasy,"Gamers, The: Dorkness Rising",Action Adventure Comedy Fantasy,2.5,1.0
65596,Mesrine: Killer Instinct (L'instinct de mort) (2008),Action|Crime|Drama|Thriller,Mesrine: Killer Instinct (L'instinct de mort),Action Crime Drama Thriller,4.0,1.0
65601,My Bloody Valentine 3-D (2009),Horror|Thriller,My Bloody Valentine 3-D,Horror Thriller,2.0,1.0
65631,Battle in Seattle (2007),Action|Drama,Battle in Seattle,Action Drama,4.0,1.0
65642,"Timecrimes (Cronocrímenes, Los) (2007)",Sci-Fi|Thriller,"Timecrimes (Cronocrímenes, Los)",Sci-Fi Thriller,4.25,4.0
65651,Fire and Ice (2008),Adventure|Fantasy,Fire and Ice,Adventure Fantasy,2.0,1.0
65682,Underworld: Rise of the Lycans (2009),Action|Fantasy|Horror|Thriller,Underworld: Rise of the Lycans,Action Fantasy Horror Thriller,3.642857142857143,7.0
65685,Inkheart (2008),Adventure|Fantasy,Inkheart,Adventure Fantasy,3.5,5.0
65738,Revenge of the Nerds III: The Next Generation (1992),Comedy,Revenge of the Nerds III: The Next Generation,Comedy,4.0,1.0
65740,Revenge of the Nerds IV: Nerds in Love (1994),Comedy|Romance,Revenge of the Nerds IV: Nerds in Love,Comedy Romance,4.0,1.0
65802,Paul Blart: Mall Cop (2009),Action|Comedy|Crime,Paul Blart: Mall Cop,Action Comedy Crime,2.7142857142857144,7.0
65810,Notorious (2009),Drama|Musical,Notorious,Drama Musical,3.0,1.0
65882,"Uninvited, The (2009)",Drama|Horror|Mystery|Thriller,"Uninvited, The",Drama Horror Mystery Thriller,3.5,1.0
65982,Outlander (2008),Action|Adventure|Sci-Fi,Outlander,Action Adventure Sci-Fi,3.3333333333333335,3.0
66090,Eden Lake (2008),Horror|Thriller,Eden Lake,Horror Thriller,4.0,1.0
66097,Coraline (2009),Animation|Fantasy|Thriller,Coraline,Animation Fantasy Thriller,3.7,35.0
66171,Push (2009),Sci-Fi|Thriller,Push,Sci-Fi Thriller,3.0,2.0
66198,"International, The (2009)",Drama|Thriller,"International, The",Drama Thriller,3.0,2.0
66203,He's Just Not That Into You (2009),Comedy|Drama|Romance,He's Just Not That Into You,Comedy Drama Romance,2.8181818181818183,11.0
66240,Dead Like Me: Life After Death (2009),Comedy|Fantasy,Dead Like Me: Life After Death,Comedy Fantasy,3.5,1.0
66297,Futurama: Into the Wild Green Yonder (2009),Action|Animation|Comedy|Sci-Fi,Futurama: Into the Wild Green Yonder,Action Animation Comedy Sci-Fi,3.5,6.0
66310,Frontière(s) (2007),Drama|Horror|Thriller,Frontière(s),Drama Horror Thriller,3.5,1.0
66320,"11th Hour, The (2007)",Documentary,"11th Hour, The",Documentary,4.0,1.0
66335,Afro Samurai: Resurrection (2009),Animation,Afro Samurai: Resurrection,Animation,2.5,1.0
66371,Departures (Okuribito) (2008),Drama,Departures (Okuribito),Drama,4.1,5.0
66427,My Name Is Bruce (2007),Comedy|Horror,My Name Is Bruce,Comedy Horror,3.0,1.0
66509,Funny People (2009),Comedy|Drama,Funny People,Comedy Drama,3.5,5.0
66511,Berlin Calling (2008),Comedy|Drama,Berlin Calling,Comedy Drama,4.25,2.0
66544,Nuremberg (2000),Drama|War,Nuremberg,Drama War,4.0,1.0
66665,Away We Go (2009),Comedy|Drama|Romance,Away We Go,Comedy Drama Romance,3.5,4.0
66744,"Divo, Il (2008)",Drama,"Divo, Il",Drama,4.0,2.0
66783,Friday the 13th (2009),Horror,Friday the 13th,Horror,3.0,2.0
66785,"Good, the Bad, the Weird, The (Joheunnom nabbeunnom isanghannom) (2008)",Action|Adventure|Comedy|Western,"Good, the Bad, the Weird, The (Joheunnom nabbeunnom isanghannom)",Action Adventure Comedy Western,3.8,5.0
66798,"Pink Panther 2, The (2009)",Adventure|Comedy|Mystery,"Pink Panther 2, The",Adventure Comedy Mystery,2.75,2.0
66915,Rock-A-Doodle (1991),Adventure|Animation|Children|Musical,Rock-A-Doodle,Adventure Animation Children Musical,2.0,1.0
66934,Dr. Horrible's Sing-Along Blog (2008),Comedy|Drama|Musical|Sci-Fi,Dr. Horrible's Sing-Along Blog,Comedy Drama Musical Sci-Fi,3.9166666666666665,24.0
66943,"Cottage, The (2008)",Comedy|Crime|Horror|Thriller,"Cottage, The",Comedy Crime Horror Thriller,4.25,2.0
67087,"I Love You, Man (2009)",Comedy,"I Love You, Man",Comedy,3.5294117647058822,17.0
67168,Dance of the Dead (2008),Adventure|Comedy|Horror,Dance of the Dead,Adventure Comedy Horror,3.5,1.0
67186,"Haunting in Connecticut, The (2009)",Horror|Thriller,"Haunting in Connecticut, The",Horror Thriller,2.5,2.0
67193,Duplicity (2009),Crime|Romance|Thriller,Duplicity,Crime Romance Thriller,2.5,1.0
67197,Knowing (2009),Action|Drama|Mystery|Sci-Fi|Thriller,Knowing,Action Drama Mystery Sci-Fi Thriller,2.8333333333333335,9.0
67255,"Girl with the Dragon Tattoo, The (Män som hatar kvinnor) (2009)",Crime|Drama|Mystery|Thriller,"Girl with the Dragon Tattoo, The (Män som hatar kvinnor)",Crime Drama Mystery Thriller,3.94,25.0
67267,Sunshine Cleaning (2008),Comedy|Drama,Sunshine Cleaning,Comedy Drama,3.375,4.0
67295,Kung Fu Panda: Secrets of the Furious Five (2008),Action|Animation|Children|Comedy,Kung Fu Panda: Secrets of the Furious Five,Action Animation Children Comedy,2.875,4.0
67361,Echelon Conspiracy (2009),Action|Mystery|Thriller,Echelon Conspiracy,Action Mystery Thriller,2.0,1.0
67408,Monsters vs. Aliens (2009),Animation|Sci-Fi|IMAX,Monsters vs. Aliens,Animation Sci-Fi IMAX,3.25,8.0
67508,"Baader Meinhof Komplex, Der (2008)",Action|Crime|Drama|Thriller,"Baader Meinhof Komplex, Der",Action Crime Drama Thriller,4.0,1.0
67534,Big Stan (2007),Comedy,Big Stan,Comedy,2.75,2.0
67618,Strictly Sexual (2008),Comedy|Drama|Romance,Strictly Sexual,Comedy Drama Romance,5.0,1.0
67665,Anvil! The Story of Anvil (2008),Documentary|Musical,Anvil! The Story of Anvil,Documentary Musical,3.75,2.0
67695,Observe and Report (2009),Action|Comedy,Observe and Report,Action Comedy,2.625,4.0
67734,Adventureland (2009),Comedy|Drama,Adventureland,Comedy Drama,3.3333333333333335,15.0
67788,Confessions of a Shopaholic (2009),Comedy|Romance,Confessions of a Shopaholic,Comedy Romance,3.5,4.0
67799,The Butterfly Effect 3: Revelations (2009),Drama|Fantasy|Sci-Fi|Thriller,The Butterfly Effect 3: Revelations,Drama Fantasy Sci-Fi Thriller,0.5,1.0
67888,Man on the Flying Trapeze (1935),Comedy,Man on the Flying Trapeze,Comedy,4.5,1.0
67923,"Fast & Furious (Fast and the Furious 4, The) (2009)",Action|Crime|Drama|Thriller,"Fast & Furious (Fast and the Furious 4, The)",Action Crime Drama Thriller,3.25,10.0
67997,In the Loop (2009),Comedy,In the Loop,Comedy,4.3,5.0
68073,Pirate Radio (2009),Comedy|Drama,Pirate Radio,Comedy Drama,3.4,5.0
68135,17 Again (2009),Comedy|Drama,17 Again,Comedy Drama,3.55,10.0
68157,Inglourious Basterds (2009),Action|Drama|War,Inglourious Basterds,Action Drama War,4.136363636363637,88.0
68159,State of Play (2009),Crime|Drama|Thriller,State of Play,Crime Drama Thriller,4.0,3.0
68194,"Damned United, The (2009)",Drama,"Damned United, The",Drama,4.25,2.0
68205,Crank: High Voltage (2009),Action|Comedy|Crime,Crank: High Voltage,Action Comedy Crime,2.9375,8.0
68237,Moon (2009),Drama|Mystery|Sci-Fi|Thriller,Moon,Drama Mystery Sci-Fi Thriller,3.96875,32.0
68269,"Young Victoria, The (2009)",Drama|Romance,"Young Victoria, The",Drama Romance,4.25,2.0
68319,X-Men Origins: Wolverine (2009),Action|Sci-Fi|Thriller,X-Men Origins: Wolverine,Action Sci-Fi Thriller,2.8653846153846154,26.0
68347,Sin Nombre (2009),Crime|Drama|Thriller,Sin Nombre,Crime Drama Thriller,4.0,1.0
68358,Star Trek (2009),Action|Adventure|Sci-Fi|IMAX,Star Trek,Action Adventure Sci-Fi IMAX,3.864406779661017,59.0
68444,"Great Buck Howard, The (2008)",Comedy,"Great Buck Howard, The",Comedy,3.5,1.0
68480,Flatfoot on the Nile (Piedone d'Egitto) (1980),Action|Comedy|Crime,Flatfoot on the Nile (Piedone d'Egitto),Action Comedy Crime,1.5,1.0
68486,Red Cliff Part II (Chi Bi Xia: Jue Zhan Tian Xia) (2009),Action|Drama|War,Red Cliff Part II (Chi Bi Xia: Jue Zhan Tian Xia),Action Drama War,4.0,3.0
68522,Earth (2007),Documentary,Earth,Documentary,3.5,1.0
68536,Stanley Kubrick: A Life in Pictures (2001),Documentary,Stanley Kubrick: A Life in Pictures,Documentary,4.0,1.0
68552,Crossing Over (2009),Drama,Crossing Over,Drama,2.0,1.0
68554,Angels & Demons (2009),Crime|Drama|Mystery|Thriller,Angels & Demons,Crime Drama Mystery Thriller,3.264705882352941,17.0
68597,Scorpio (1973),Action|Drama|Thriller,Scorpio,Action Drama Thriller,4.0,1.0
68600,Balls Out: Gary the Tennis Coach (2009),Comedy,Balls Out: Gary the Tennis Coach,Comedy,2.0,1.0
68650,Powder Blue (2009),Drama,Powder Blue,Drama,2.0,1.0
68659,Fanboys (2009),Adventure|Comedy|Drama,Fanboys,Adventure Comedy Drama,2.875,8.0
68791,Terminator Salvation (2009),Action|Adventure|Sci-Fi|Thriller,Terminator Salvation,Action Adventure Sci-Fi Thriller,3.25,18.0
68793,Night at the Museum: Battle of the Smithsonian (2009),Action|Comedy|IMAX,Night at the Museum: Battle of the Smithsonian,Action Comedy IMAX,3.1,10.0
68835,Were the World Mine (2008),Adventure|Fantasy|Musical|Romance,Were the World Mine,Adventure Fantasy Musical Romance,3.5,1.0
68848,"Brothers Bloom, The (2008)",Adventure|Comedy|Crime|Romance,"Brothers Bloom, The",Adventure Comedy Crime Romance,4.333333333333333,3.0
68872,Paisan (Paisà) (1946),Drama|War,Paisan (Paisà),Drama War,4.0,1.0
68886,I Do: How to Get Married and Stay Single (Prête-moi ta main) (2006),Comedy|Romance,I Do: How to Get Married and Stay Single (Prête-moi ta main),Comedy Romance,4.0,1.0
68932,"Soloist, The (2009)",Drama|Musical,"Soloist, The",Drama Musical,3.5,2.0
68945,Neon Genesis Evangelion: Death & Rebirth (Shin seiki Evangelion Gekijô-ban: Shito shinsei) (1997),Action|Animation|Mystery|Sci-Fi,Neon Genesis Evangelion: Death & Rebirth (Shin seiki Evangelion Gekijô-ban: Shito shinsei),Action Animation Mystery Sci-Fi,4.0,2.0
68952,Drag Me to Hell (2009),Comedy|Horror,Drag Me to Hell,Comedy Horror,3.75,6.0
68954,Up (2009),Adventure|Animation|Children|Drama,Up,Adventure Animation Children Drama,4.004761904761905,105.0
68959,Fullmetal Alchemist the Movie: Conqueror of Shamballa (Gekijô-ban hagane no renkinjutsushi: Shanbara wo yuku mono) (2005),Action|Adventure|Animation|Drama,Fullmetal Alchemist the Movie: Conqueror of Shamballa (Gekijô-ban hagane no renkinjutsushi: Shanbara wo yuku mono),Action Adventure Animation Drama,2.75,2.0
69069,Fired Up (2009),Comedy,Fired Up,Comedy,3.5833333333333335,6.0
69118,In the Electric Mist (2009),Drama|Mystery,In the Electric Mist,Drama Mystery,1.5,1.0
69122,"Hangover, The (2009)",Comedy|Crime,"Hangover, The",Comedy Crime,3.6315789473684212,76.0
69131,Killshot (2008),Action|Crime|Drama|Thriller,Killshot,Action Crime Drama Thriller,2.5,1.0
69134,Antichrist (2009),Drama|Fantasy,Antichrist,Drama Fantasy,3.8,5.0
69140,Sweeney Todd (2006),Crime|Drama|Horror|Thriller,Sweeney Todd,Crime Drama Horror Thriller,4.0,1.0
69211,Boy Eats Girl (2005),Comedy|Horror,Boy Eats Girl,Comedy Horror,5.0,1.0
69224,Marius and Jeanette (Marius et Jeannette) (1997),Comedy|Drama|Romance,Marius and Jeanette (Marius et Jeannette),Comedy Drama Romance,4.0,1.0
69227,Ernest Rides Again (1993),Children|Comedy,Ernest Rides Again,Children Comedy,1.0,1.0
69251,Special (2006),Drama|Fantasy,Special,Drama Fantasy,3.5,1.0
69275,Dead Snow (Død snø) (2009),Action|Adventure|Comedy|Horror,Dead Snow (Død snø),Action Adventure Comedy Horror,4.25,4.0
69278,Land of the Lost (2009),Action|Adventure|Comedy|Sci-Fi,Land of the Lost,Action Adventure Comedy Sci-Fi,3.2142857142857144,7.0
69304,Imagine That (2009),Comedy|Drama|Fantasy,Imagine That,Comedy Drama Fantasy,4.0,1.0
69306,"Taking of Pelham 1 2 3, The (2009)",Crime|Drama|Thriller,"Taking of Pelham 1 2 3, The",Crime Drama Thriller,3.1666666666666665,6.0
69394,"Stoning of Soraya M., The (2008)",Crime|Drama,"Stoning of Soraya M., The",Crime Drama,4.5,1.0
69406,"Proposal, The (2009)",Comedy|Romance,"Proposal, The",Comedy Romance,3.5,16.0
69436,Year One (2009),Adventure|Comedy,Year One,Adventure Comedy,2.7857142857142856,7.0
69453,"Land That Time Forgot, The (1975)",Adventure|Sci-Fi,"Land That Time Forgot, The",Adventure Sci-Fi,1.5,2.0
69469,Garfield's Pet Force (2009),Animation,Garfield's Pet Force,Animation,5.0,1.0
69481,"Hurt Locker, The (2008)",Action|Drama|Thriller|War,"Hurt Locker, The",Action Drama Thriller War,4.0588235294117645,34.0
69495,Breakfast with Scot (2007),Drama|Romance,Breakfast with Scot,Drama Romance,3.5,1.0
69516,"Limits of Control, The (2009)",Crime|Drama|Film-Noir,"Limits of Control, The",Crime Drama Film-Noir,2.75,2.0
69524,Raiders of the Lost Ark: The Adaptation (1989),Action|Adventure|Thriller,Raiders of the Lost Ark: The Adaptation,Action Adventure Thriller,4.333333333333333,3.0
69526,Transformers: Revenge of the Fallen (2009),Action|Adventure|Sci-Fi|IMAX,Transformers: Revenge of the Fallen,Action Adventure Sci-Fi IMAX,2.425,20.0
69529,Home (2009),Documentary,Home,Documentary,4.5,2.0
69604,Whatever Works (2009),Comedy|Romance,Whatever Works,Comedy Romance,3.0,2.0
69606,Ghosts of Girlfriends Past (2009),Comedy|Fantasy|Romance,Ghosts of Girlfriends Past,Comedy Fantasy Romance,2.5,3.0
69640,Public Enemies (2009),Crime|Drama|Thriller,Public Enemies,Crime Drama Thriller,3.0555555555555554,9.0
69644,Ice Age: Dawn of the Dinosaurs (2009),Action|Adventure|Animation|Children|Comedy|Romance,Ice Age: Dawn of the Dinosaurs,Action Adventure Animation Children Comedy Romance,2.607142857142857,14.0
69654,Prison Break: The Final Break (2009),Action|Drama|Thriller,Prison Break: The Final Break,Action Drama Thriller,3.5,1.0
69685,Daria: Is It College Yet? (2002),Animation|Comedy,Daria: Is It College Yet?,Animation Comedy,1.0,1.0
69712,My Sister's Keeper (2009),Drama,My Sister's Keeper,Drama,4.0,1.0
69720,Hood of Horror (2006),Comedy|Drama|Horror,Hood of Horror,Comedy Drama Horror,4.5,1.0
69746,Watchmen: Tales of the Black Freighter (2009),Action|Adventure|Animation|Horror,Watchmen: Tales of the Black Freighter,Action Adventure Animation Horror,3.5,1.0
69757,(500) Days of Summer (2009),Comedy|Drama|Romance,(500) Days of Summer,Comedy Drama Romance,3.6666666666666665,42.0
69784,Brüno (Bruno) (2009),Comedy,Brüno (Bruno),Comedy,3.65,10.0
69805,"Librarian, The: The Curse of the Judas Chalice (2008)",Action|Adventure|Fantasy,"Librarian, The: The Curse of the Judas Chalice",Action Adventure Fantasy,3.75,2.0
69844,Harry Potter and the Half-Blood Prince (2009),Adventure|Fantasy|Mystery|Romance|IMAX,Harry Potter and the Half-Blood Prince,Adventure Fantasy Mystery Romance IMAX,3.8879310344827585,58.0
69849,Roots (1977),Drama|War,Roots,Drama War,3.1666666666666665,3.0
69860,Eichmann (2007),Drama|War,Eichmann,Drama War,5.0,1.0
69904,Open Water 2: Adrift (2006),Drama|Thriller,Open Water 2: Adrift,Drama Thriller,2.5,1.0
69951,"Imaginarium of Doctor Parnassus, The (2009)",Drama|Fantasy,"Imaginarium of Doctor Parnassus, The",Drama Fantasy,3.8125,16.0
69953,9to5: Days in Porn (a.k.a. 9 to 5: Days in Porn) (2008),Documentary,9to5: Days in Porn (a.k.a. 9 to 5: Days in Porn),Documentary,3.5,1.0
69988,Humpday (2009),Comedy,Humpday,Comedy,2.5,1.0
70015,Polytechnique (2009),Crime|Drama,Polytechnique,Crime Drama,1.5,1.0
70159,Orphan (2009),Drama|Horror|Mystery|Thriller,Orphan,Drama Horror Mystery Thriller,3.0,4.0
70183,"Ugly Truth, The (2009)",Comedy|Drama|Romance,"Ugly Truth, The",Comedy Drama Romance,3.6666666666666665,12.0
70206,"Collector, The (2009)",Crime|Horror|Thriller,"Collector, The",Crime Horror Thriller,3.5,1.0
70208,"Perfect Getaway, A (2009)",Horror|Thriller,"Perfect Getaway, A",Horror Thriller,4.0,1.0
70286,District 9 (2009),Mystery|Sci-Fi|Thriller,District 9,Mystery Sci-Fi Thriller,3.776923076923077,65.0
70293,Julie & Julia (2009),Comedy|Drama|Romance,Julie & Julia,Comedy Drama Romance,2.9583333333333335,12.0
70301,Obsessed (2009),Crime|Drama|Thriller,Obsessed,Crime Drama Thriller,3.5,1.0
70305,Race to Witch Mountain (2009),Adventure|Children|Fantasy|Sci-Fi|Thriller,Race to Witch Mountain,Adventure Children Fantasy Sci-Fi Thriller,3.5,2.0
70334,Hannah Montana: The Movie (2009),Comedy|Drama|Musical|Romance,Hannah Montana: The Movie,Comedy Drama Musical Romance,3.5,1.0
70336,G.I. Joe: The Rise of Cobra (2009),Action|Adventure|Sci-Fi|Thriller,G.I. Joe: The Rise of Cobra,Action Adventure Sci-Fi Thriller,2.625,8.0
70361,12 Rounds (2009),Action|Thriller,12 Rounds,Action Thriller,3.0,3.0
70451,Max Manus (2008),Action|Drama|War,Max Manus,Action Drama War,5.0,1.0
70492,Winds of the Wasteland (1936),Western,Winds of the Wasteland,Western,3.5,1.0
70521,Lost in Austen (2008),Drama|Fantasy|Romance|Sci-Fi,Lost in Austen,Drama Fantasy Romance Sci-Fi,3.6666666666666665,3.0
70533,Evangelion: 1.0 You Are (Not) Alone (Evangerion shin gekijôban: Jo) (2007),Action|Animation|Sci-Fi,Evangelion: 1.0 You Are (Not) Alone (Evangerion shin gekijôban: Jo),Action Animation Sci-Fi,3.8333333333333335,3.0
70545,"Deal, The (2008)",Comedy,"Deal, The",Comedy,2.0,1.0
70565,"Goods: Live Hard, Sell Hard, The (2009)",Comedy,"Goods: Live Hard, Sell Hard, The",Comedy,3.625,4.0
70599,"Time Traveler's Wife, The (2009)",Drama|Romance|Sci-Fi,"Time Traveler's Wife, The",Drama Romance Sci-Fi,3.9,5.0
70637,I Can't Think Straight (2007),Drama|Romance,I Can't Think Straight,Drama Romance,4.0,1.0
70641,Miss March (2009),Comedy,Miss March,Comedy,2.8333333333333335,3.0
70663,"I Love You, Beth Cooper (2009)",Comedy|Romance,"I Love You, Beth Cooper",Comedy Romance,2.5,1.0
70687,Paper Heart (2009),Comedy|Documentary|Drama|Romance,Paper Heart,Comedy Documentary Drama Romance,2.75,2.0
70697,G-Force (2009),Action|Adventure|Children|Fantasy,G-Force,Action Adventure Children Fantasy,3.5,1.0
70703,Christopher Columbus: The Discovery (1992),Adventure,Christopher Columbus: The Discovery,Adventure,2.0,1.0
70708,Tetro (2009),Drama|Mystery,Tetro,Drama Mystery,4.5,1.0
70728,Bronson (2009),Action|Comedy|Drama|Thriller,Bronson,Action Comedy Drama Thriller,3.8333333333333335,3.0
70862,It Might Get Loud (2008),Documentary,It Might Get Loud,Documentary,3.75,2.0
70932,My Life in Ruins (2009),Comedy,My Life in Ruins,Comedy,2.0,1.0
70946,Troll 2 (1990),Fantasy|Horror,Troll 2,Fantasy Horror,3.5,3.0
70984,Taking Woodstock (2009),Comedy,Taking Woodstock,Comedy,3.0,3.0
70990,If These Walls Could Talk (1996),Drama,If These Walls Could Talk,Drama,2.5,1.0
70994,Halloween II (2009),Horror|Thriller,Halloween II,Horror Thriller,3.0,3.0
71033,"Secret in Their Eyes, The (El secreto de sus ojos) (2009)",Crime|Drama|Mystery|Romance|Thriller,"Secret in Their Eyes, The (El secreto de sus ojos)",Crime Drama Mystery Romance Thriller,3.857142857142857,7.0
71057,9 (2009),Adventure|Animation|Sci-Fi,9,Adventure Animation Sci-Fi,3.642857142857143,14.0
71106,Frequently Asked Questions About Time Travel (2009),Comedy|Sci-Fi,Frequently Asked Questions About Time Travel,Comedy Sci-Fi,3.6,5.0
71108,"White Ribbon, The (Das weiße Band) (2009)",Drama|Mystery,"White Ribbon, The (Das weiße Band)",Drama Mystery,4.5,1.0
71129,Green Lantern: First Flight (2009),Action|Adventure|Animation|Fantasy|Sci-Fi,Green Lantern: First Flight,Action Adventure Animation Fantasy Sci-Fi,3.5,1.0
71131,"Most Hated Family in America, The (2007)",Documentary,"Most Hated Family in America, The",Documentary,4.5,2.0
71135,Pandorum (2009),Horror|Sci-Fi|Thriller,Pandorum,Horror Sci-Fi Thriller,3.4,5.0
71147,Death of a Cyclist (Muerte de un ciclista) (1955),Drama,Death of a Cyclist (Muerte de un ciclista),Drama,3.0,1.0
71156,"Men Who Stare at Goats, The (2009)",Action|Comedy|Drama,"Men Who Stare at Goats, The",Action Comedy Drama,3.388888888888889,9.0
71160,"Hunt For Gollum, The (2009)",Action|Adventure|Fantasy,"Hunt For Gollum, The",Action Adventure Fantasy,3.0,1.0
71205,Jennifer's Body (2009),Comedy|Horror|Sci-Fi|Thriller,Jennifer's Body,Comedy Horror Sci-Fi Thriller,1.0,2.0
71211,"Informant!, The (2009)",Comedy|Crime|Drama|Thriller,"Informant!, The",Comedy Crime Drama Thriller,3.6666666666666665,3.0
71248,Extract (2009),Comedy,Extract,Comedy,2.0,2.0
71252,"Final Destination, The (Final Destination 4) (Final Destination in 3-D, The) (2009)",Horror|Thriller,"Final Destination, The (Final Destination 4) (Final Destination in 3-D, The)",Horror Thriller,2.6666666666666665,3.0
71254,Gamer (2009),Action|Sci-Fi|Thriller,Gamer,Action Sci-Fi Thriller,3.4285714285714284,7.0
71264,Cloudy with a Chance of Meatballs (2009),Animation|Children|Fantasy|IMAX,Cloudy with a Chance of Meatballs,Animation Children Fantasy IMAX,3.5294117647058822,17.0
71268,Tyler Perry's I Can Do Bad All by Myself (2009),Comedy|Drama,Tyler Perry's I Can Do Bad All by Myself,Comedy Drama,5.0,1.0
71282,"Food, Inc. (2008)",Documentary,"Food, Inc.",Documentary,3.6875,8.0
71302,Attack of the 50 Foot Woman (1958),Comedy|Sci-Fi,Attack of the 50 Foot Woman,Comedy Sci-Fi,4.5,1.0
71304,Thirst (Bakjwi) (2009),Drama|Horror,Thirst (Bakjwi),Drama Horror,4.0,3.0
71327,Bright Star (2009),Drama|Romance,Bright Star,Drama Romance,3.5,1.0
71341,Blood Creek (a.k.a. Town Creek) (2009),Horror,Blood Creek (a.k.a. Town Creek),Horror,3.0,1.0
71379,Paranormal Activity (2009),Horror|Thriller,Paranormal Activity,Horror Thriller,3.4,5.0
71429,World's Greatest Dad (2009),Comedy|Drama,World's Greatest Dad,Comedy Drama,3.0,2.0
71438,Still Walking (Aruitemo aruitemo) (2008),Drama,Still Walking (Aruitemo aruitemo),Drama,1.0,1.0
71453,"Blood of the Beasts (Sang des bêtes, Le) (1949)",Documentary|Drama,"Blood of the Beasts (Sang des bêtes, Le)",Documentary Drama,4.0,1.0
71462,"Cove, The (2009)",Documentary,"Cove, The",Documentary,4.25,4.0
71464,"Serious Man, A (2009)",Comedy|Drama,"Serious Man, A",Comedy Drama,3.227272727272727,11.0
71466,City Island (2009),Comedy|Drama,City Island,Comedy Drama,4.0,1.0
71468,Ink (2009),Action|Fantasy|Sci-Fi,Ink,Action Fantasy Sci-Fi,3.5,1.0
71484,Metropia (2009),Animation|Sci-Fi,Metropia,Animation Sci-Fi,2.5,1.0
71494,"Haunted World of El Superbeasto, The (2009)",Action|Animation|Comedy|Horror|Thriller,"Haunted World of El Superbeasto, The",Action Animation Comedy Horror Thriller,3.5,1.0
71500,Trick 'r Treat (2007),Comedy|Horror|Thriller,Trick 'r Treat,Comedy Horror Thriller,2.5,1.0
71518,Whip It (2009),Comedy|Drama,Whip It,Comedy Drama,3.1,5.0
71520,"Invention of Lying, The (2009)",Comedy,"Invention of Lying, The",Comedy,2.3333333333333335,6.0
71530,Surrogates (2009),Action|Sci-Fi|Thriller,Surrogates,Action Sci-Fi Thriller,3.0357142857142856,14.0
71535,Zombieland (2009),Action|Comedy|Horror,Zombieland,Action Comedy Horror,3.8773584905660377,53.0
71550,Assassination of a High School President (2008),Comedy|Drama|Mystery,Assassination of a High School President,Comedy Drama Mystery,1.0,1.0
71579,"Education, An (2009)",Drama|Romance,"Education, An",Drama Romance,3.8333333333333335,6.0
71619,Coco Before Chanel (Coco avant Chanel) (2009),Drama,Coco Before Chanel (Coco avant Chanel),Drama,4.0,1.0
71640,Burma VJ: Reporting from a Closed Country (Burma VJ: Reporter i et lukket land) (2008),Documentary,Burma VJ: Reporting from a Closed Country (Burma VJ: Reporter i et lukket land),Documentary,3.5,1.0
71668,Couples Retreat (2009),Comedy|Romance,Couples Retreat,Comedy Romance,3.3333333333333335,3.0
71732,I Sell the Dead (2008),Comedy|Horror,I Sell the Dead,Comedy Horror,2.5,2.0
71745,Where the Wild Things Are (2009),Adventure|Children|Drama|Fantasy|IMAX,Where the Wild Things Are,Adventure Children Drama Fantasy IMAX,2.6666666666666665,12.0
71810,Legionnaire (1998),Action|Adventure|Drama|War,Legionnaire,Action Adventure Drama War,0.5,1.0
71823,"New York, I Love You (2009)",Drama|Romance,"New York, I Love You",Drama Romance,3.5,4.0
71838,Law Abiding Citizen (2009),Drama|Thriller,Law Abiding Citizen,Drama Thriller,3.0625,8.0
71867,"Misfortunates, The (De helaasheid der dingen) (2009)",Drama,"Misfortunates, The (De helaasheid der dingen)",Drama,3.0,1.0
71899,Mary and Max (2009),Animation|Comedy|Drama,Mary and Max,Animation Comedy Drama,4.2,10.0
71902,Spread (2009),Drama|Romance,Spread,Drama Romance,3.5,1.0
71910,"Tournament, The (2009)",Action,"Tournament, The",Action,2.5,1.0
71970,"Princess and the Pirate, The (1944)",Adventure|Comedy|Romance,"Princess and the Pirate, The",Adventure Comedy Romance,4.0,1.0
71999,Aelita: The Queen of Mars (Aelita) (1924),Action|Adventure|Drama|Fantasy|Romance|Sci-Fi|Thriller,Aelita: The Queen of Mars (Aelita),Action Adventure Drama Fantasy Romance Sci-Fi Thriller,4.5,1.0
72011,Up in the Air (2009),Drama|Romance,Up in the Air,Drama Romance,3.71875,32.0
72104,Balance (1989),Animation|Drama|Mystery|Sci-Fi|Thriller,Balance,Animation Drama Mystery Sci-Fi Thriller,4.5,1.0
72129,Saw VI (2009),Crime|Horror|Mystery|Thriller,Saw VI,Crime Horror Mystery Thriller,3.5,3.0
72142,Love Exposure (Ai No Mukidashi) (2008),Action|Comedy|Drama|Romance,Love Exposure (Ai No Mukidashi),Action Comedy Drama Romance,5.0,1.0
72165,Cirque du Freak: The Vampire's Assistant (2009),Action|Adventure|Comedy|Fantasy|Horror|Thriller,Cirque du Freak: The Vampire's Assistant,Action Adventure Comedy Fantasy Horror Thriller,2.0,1.0
72167,"Boondock Saints II: All Saints Day, The (2009)",Action|Crime|Drama|Thriller,"Boondock Saints II: All Saints Day, The",Action Crime Drama Thriller,3.375,4.0
72171,Black Dynamite (2009),Action|Comedy,Black Dynamite,Action Comedy,3.5,2.0
72178,Welcome to Dongmakgol (2005),Comedy|Drama|War,Welcome to Dongmakgol,Comedy Drama War,4.5,1.0
72224,Gentlemen Broncos (2009),Comedy,Gentlemen Broncos,Comedy,2.25,2.0
72226,Fantastic Mr. Fox (2009),Adventure|Animation|Children|Comedy|Crime,Fantastic Mr. Fox,Adventure Animation Children Comedy Crime,4.083333333333333,18.0
72294,"Christmas Carol, A (2009)",Animation|Children|Drama|Fantasy|IMAX,"Christmas Carol, A",Animation Children Drama Fantasy IMAX,3.0,2.0
72308,Battlestar Galactica: The Plan (2009),Action|Adventure|Drama|Sci-Fi,Battlestar Galactica: The Plan,Action Adventure Drama Sci-Fi,4.25,2.0
72330,"Private Lives of Pippa Lee, The (2009)",Drama,"Private Lives of Pippa Lee, The",Drama,3.5,1.0
72356,Partly Cloudy (2009),Animation|Children|Comedy|Fantasy,Partly Cloudy,Animation Children Comedy Fantasy,4.375,4.0
72378,2012 (2009),Action|Drama|Sci-Fi|Thriller,2012,Action Drama Sci-Fi Thriller,2.619047619047619,21.0
72395,Precious (2009),Drama,Precious,Drama,3.5,3.0
72405,Bad Lieutenant: Port of Call New Orleans (2009),Crime|Drama,Bad Lieutenant: Port of Call New Orleans,Crime Drama,2.25,2.0
72407,"Twilight Saga: New Moon, The (2009)",Drama|Fantasy|Horror|Romance|Thriller,"Twilight Saga: New Moon, The",Drama Fantasy Horror Romance Thriller,2.6666666666666665,9.0
72424,Derailed (2002),Action|Thriller,Derailed,Action Thriller,0.5,1.0
72479,"Messenger, The (2009)",Drama|Romance|War,"Messenger, The",Drama Romance War,3.5,1.0
72489,Ninja Assassin (2009),Action|Crime|Drama|Thriller,Ninja Assassin,Action Crime Drama Thriller,4.166666666666667,3.0
72554,Cell 211 (Celda 211) (2009),Action|Drama,Cell 211 (Celda 211),Action Drama,4.5,1.0
72591,"Patriot, The (1998)",Action|Thriller,"Patriot, The",Action Thriller,3.5,1.0
72601,Teenage Mutant Ninja Turtles: Turtles Forever (2009),Action|Adventure|Animation|Comedy|Thriller,Teenage Mutant Ninja Turtles: Turtles Forever,Action Adventure Animation Comedy Thriller,3.0,1.0
72603,Merry Madagascar (2009),Animation,Merry Madagascar,Animation,3.0,1.0
72605,Brothers (2009),Drama|Thriller|War,Brothers,Drama Thriller War,3.5,5.0
72624,Garage (2007),Drama,Garage,Drama,3.5,1.0
72641,"Blind Side, The  (2009)",Drama,"Blind Side, The",Drama,3.6774193548387095,31.0
72692,Mickey's Once Upon a Christmas (1999),Animation|Comedy|Fantasy,Mickey's Once Upon a Christmas,Animation Comedy Fantasy,5.0,1.0
72694,Shrink (2009),Drama,Shrink,Drama,2.0,1.0
72696,Old Dogs (2009),Comedy,Old Dogs,Comedy,0.5,1.0
72701,Planet 51 (2009),Adventure|Animation|Children|Comedy|Sci-Fi,Planet 51,Adventure Animation Children Comedy Sci-Fi,3.0,3.0
72714,Earthlings (2006),Documentary,Earthlings,Documentary,4.0,1.0
72720,"Single Man, A (2009)",Drama,"Single Man, A",Drama,3.8333333333333335,3.0
72731,"Lovely Bones, The (2009)",Crime|Drama|Fantasy|Horror|Thriller,"Lovely Bones, The",Crime Drama Fantasy Horror Thriller,3.1666666666666665,3.0
72733,Invictus (2009),Drama,Invictus,Drama,3.857142857142857,7.0
72737,"Princess and the Frog, The (2009)",Animation|Children|Fantasy|Musical|Romance,"Princess and the Frog, The",Animation Children Fantasy Musical Romance,3.75,12.0
72874,"Peacekeeper, The (1997)",Action,"Peacekeeper, The",Action,1.0,1.0
72919,Did You Hear About the Morgans? (2009),Comedy|Crime|Drama|Romance,Did You Hear About the Morgans?,Comedy Crime Drama Romance,3.0,1.0
72921,Snow White (1916),Fantasy|Romance,Snow White,Fantasy Romance,3.5,1.0
72982,Alice (2009),Action|Adventure|Fantasy,Alice,Action Adventure Fantasy,4.0,1.0
72998,Avatar (2009),Action|Adventure|Sci-Fi|IMAX,Avatar,Action Adventure Sci-Fi IMAX,3.6030927835051547,97.0
73015,It's Complicated (2009),Comedy|Romance,It's Complicated,Comedy Romance,2.75,4.0
73017,Sherlock Holmes (2009),Action|Crime|Mystery|Thriller,Sherlock Holmes,Action Crime Mystery Thriller,3.853448275862069,58.0
73023,Crazy Heart (2009),Drama|Romance,Crazy Heart,Drama Romance,4.1,5.0
73042,Alvin and the Chipmunks: The Squeakquel (2009),Animation|Children|Comedy|Musical,Alvin and the Chipmunks: The Squeakquel,Animation Children Comedy Musical,2.6666666666666665,3.0
73106,American Pie Presents: The Book of Love (American Pie 7: The Book of Love) (2009),Comedy,American Pie Presents: The Book of Love (American Pie 7: The Book of Love),Comedy,2.1666666666666665,3.0
73160,Sorority Babes in the Slimeball Bowl-O-Rama (1988),Comedy|Horror,Sorority Babes in the Slimeball Bowl-O-Rama,Comedy Horror,2.5,1.0
73211,Pontypool (2008),Horror|Thriller,Pontypool,Horror Thriller,3.75,2.0
73266,Youth in Revolt (2009),Comedy|Drama|Romance,Youth in Revolt,Comedy Drama Romance,3.0,5.0
73268,Daybreakers (2010),Action|Drama|Horror|Thriller,Daybreakers,Action Drama Horror Thriller,3.4166666666666665,6.0
73290,Hachiko: A Dog's Story (a.k.a. Hachi: A Dog's Tale) (2009),Drama,Hachiko: A Dog's Story (a.k.a. Hachi: A Dog's Tale),Drama,3.5,2.0
73319,Leap Year (2010),Comedy|Romance,Leap Year,Comedy Romance,2.4,5.0
73321,"Book of Eli, The (2010)",Action|Adventure|Drama,"Book of Eli, The",Action Adventure Drama,3.28125,16.0
73323,"Girl Who Kicked the Hornet's Nest, The (Luftslottet som sprängdes) (2009)",Action|Crime|Mystery,"Girl Who Kicked the Hornet's Nest, The (Luftslottet som sprängdes)",Action Crime Mystery,4.2,5.0
73344,"Prophet, A (Un Prophète) (2009)",Crime|Drama,"Prophet, A (Un Prophète)",Crime Drama,4.25,4.0
73386,Staten Island (2009),Crime|Drama,Staten Island,Crime Drama,1.5,1.0
73431,"Maiden Heist, The (2009)",Comedy|Crime,"Maiden Heist, The",Comedy Crime,2.5,1.0
73488,Blood: The Last Vampire (2009),Action|Horror|Thriller,Blood: The Last Vampire,Action Horror Thriller,2.0,1.0
73499,MacGyver: Lost Treasure of Atlantis (1994),Action|Adventure,MacGyver: Lost Treasure of Atlantis,Action Adventure,3.5,1.0
73501,Pekka ja Pätkä Suezilla (1958),Comedy,Pekka ja Pätkä Suezilla,Comedy,3.5,1.0
73515,Bart Got a Room (2008),Comedy|Romance,Bart Got a Room,Comedy Romance,3.5,1.0
73569,Project A 2 ('A' gai wak juk jap) (1987),Action|Comedy|Crime,Project A 2 ('A' gai wak juk jap),Action Comedy Crime,3.75,2.0
73676,Robin-B-Hood (Bo bui gai wak) (2006),Action|Comedy|Drama,Robin-B-Hood (Bo bui gai wak),Action Comedy Drama,3.0,1.0
73681,"Concert, Le (2009)",Comedy|Drama,"Concert, Le",Comedy Drama,3.0,1.0
73741,Ninja (2009),Action|Crime|Drama|Thriller,Ninja,Action Crime Drama Thriller,3.0,1.0
73804,Asterix at the Olympic Games (Astérix aux jeux olympiques) (2008),Adventure|Children|Comedy|Fantasy,Asterix at the Olympic Games (Astérix aux jeux olympiques),Adventure Children Comedy Fantasy,4.0,1.0
73808,"Chaser, The (Chugyeogja) (2008)",Crime|Drama|Thriller,"Chaser, The (Chugyeogja)",Crime Drama Thriller,3.0,1.0
73822,Meantime (1984),Comedy|Drama,Meantime,Comedy Drama,5.0,1.0
73854,"Rudolph, the Red-Nosed Reindeer (1964)",Adventure|Animation|Children|Fantasy|Musical,"Rudolph, the Red-Nosed Reindeer",Adventure Animation Children Fantasy Musical,3.8333333333333335,3.0
73858,"Dennis the Menace Christmas, A (2007)",Comedy,"Dennis the Menace Christmas, A",Comedy,1.5,1.0
73876,Undisputed II: Last Man Standing (2006),Action|Crime|Drama,Undisputed II: Last Man Standing,Action Crime Drama,4.0,1.0
73881,3 Idiots (2009),Comedy|Drama|Romance,3 Idiots,Comedy Drama Romance,4.75,2.0
73929,Legion (2010),Action|Fantasy|Horror|Thriller,Legion,Action Fantasy Horror Thriller,2.8333333333333335,3.0
74075,Stan Helsing (2009),Comedy|Horror,Stan Helsing,Comedy Horror,1.0,2.0
74089,Peter Pan (1960),Children|Fantasy|Musical,Peter Pan,Children Fantasy Musical,3.5,1.0
74095,Wicked City (Yôjû toshi) (1987),Animation|Fantasy|Horror|Sci-Fi,Wicked City (Yôjû toshi),Animation Fantasy Horror Sci-Fi,2.5,1.0
74154,When in Rome (2010),Comedy|Romance,When in Rome,Comedy Romance,2.5,4.0
74226,"Dream of Light (a.k.a. Quince Tree Sun, The) (Sol del membrillo, El) (1992)",Documentary|Drama,"Dream of Light (a.k.a. Quince Tree Sun, The) (Sol del membrillo, El)",Documentary Drama,5.0,1.0
74228,Triangle (2009),Drama|Horror|Mystery|Thriller,Triangle,Drama Horror Mystery Thriller,4.0,2.0
74275,I Love You Phillip Morris (2009),Comedy|Drama|Romance,I Love You Phillip Morris,Comedy Drama Romance,1.5,2.0
74282,Anne of Green Gables: The Sequel (a.k.a. Anne of Avonlea) (1987),Children|Drama|Romance,Anne of Green Gables: The Sequel (a.k.a. Anne of Avonlea),Children Drama Romance,4.75,2.0
74324,Temple Grandin (2010),Drama,Temple Grandin,Drama,4.375,4.0
74342,"Captain Newman, M.D. (1963)",Comedy|Drama|War,"Captain Newman, M.D.",Comedy Drama War,4.5,1.0
74370,"House of the Devil, The (2009)",Horror|Thriller,"House of the Devil, The",Horror Thriller,4.0,1.0
74450,Valentine's Day (2010),Comedy|Romance,Valentine's Day,Comedy Romance,2.6666666666666665,3.0
74452,"Wolfman, The (2010)",Horror|Thriller,"Wolfman, The",Horror Thriller,2.25,2.0
74458,Shutter Island (2010),Drama|Mystery|Thriller,Shutter Island,Drama Mystery Thriller,4.022388059701493,67.0
74508,Persuasion (2007),Drama|Romance,Persuasion,Drama Romance,3.3333333333333335,3.0
74510,"Girl Who Played with Fire, The (Flickan som lekte med elden) (2009)",Action|Crime|Drama|Mystery|Thriller,"Girl Who Played with Fire, The (Flickan som lekte med elden)",Action Crime Drama Mystery Thriller,4.25,4.0
74530,Percy Jackson & the Olympians: The Lightning Thief (2010),Adventure|Fantasy,Percy Jackson & the Olympians: The Lightning Thief,Adventure Fantasy,2.357142857142857,7.0
74532,Cop Out (2010),Action|Comedy|Crime,Cop Out,Action Comedy Crime,2.5,5.0
74545,"Ghost Writer, The (2010)",Drama|Mystery|Thriller,"Ghost Writer, The",Drama Mystery Thriller,3.7857142857142856,7.0
74553,"Secret of Kells, The (2009)",Animation|Fantasy,"Secret of Kells, The",Animation Fantasy,4.0,2.0
74580,"Spy Next Door, The (2010)",Action|Children|Comedy,"Spy Next Door, The",Action Children Comedy,2.0,1.0
74624,Agora (2009),Adventure|Drama|Romance,Agora,Adventure Drama Romance,4.0,1.0
74647,Motherhood (2009),Comedy,Motherhood,Comedy,1.0,1.0
74668,District 13: Ultimatum (Banlieue 13 - Ultimatum) (2009),Action|Sci-Fi,District 13: Ultimatum (Banlieue 13 - Ultimatum),Action Sci-Fi,3.75,2.0
74677,"Yes Men Fix the World, The (2009)",Documentary,"Yes Men Fix the World, The",Documentary,4.0,1.0
74683,Mike Bassett: England Manager (2001),Comedy,Mike Bassett: England Manager,Comedy,4.0,1.0
74685,"Crazies, The (2010)",Action|Drama|Horror|Sci-Fi|Thriller,"Crazies, The",Action Drama Horror Sci-Fi Thriller,3.375,4.0
74688,Dear John (2010),Drama|Romance|War,Dear John,Drama Romance War,3.5,1.0
74696,Last Train Home (2009),Documentary|Drama,Last Train Home,Documentary Drama,3.0,1.0
74698,Tooth Fairy (2010),Comedy|Fantasy,Tooth Fairy,Comedy Fantasy,2.1666666666666665,3.0
74727,Gentlemen of Fortune (Dzhentlmeny udachi) (1972),Comedy|Crime|Drama|Mystery,Gentlemen of Fortune (Dzhentlmeny udachi),Comedy Crime Drama Mystery,4.75,2.0
74750,[REC]² (2009),Horror|Thriller,[REC]²,Horror Thriller,3.6666666666666665,3.0
74754,"Room, The (2003)",Comedy|Drama|Romance,"Room, The",Comedy Drama Romance,3.6666666666666665,3.0
74789,Alice in Wonderland (2010),Adventure|Fantasy|IMAX,Alice in Wonderland,Adventure Fantasy IMAX,2.875,28.0
74791,"Town Called Panic, A (Panique au village) (2009)",Animation,"Town Called Panic, A (Panique au village)",Animation,3.75,2.0
74795,Green Zone (2010),Action|Drama|Thriller|War,Green Zone,Action Drama Thriller War,3.5,9.0
74851,From Paris with Love (2010),Action|Crime,From Paris with Love,Action Crime,2.5,2.0
74868,Dorian Gray (2009),Drama|Horror|Sci-Fi,Dorian Gray,Drama Horror Sci-Fi,3.0,5.0
74916,Greenberg (2010),Comedy|Drama,Greenberg,Comedy Drama,2.3333333333333335,3.0
74946,She's Out of My League (2010),Comedy,She's Out of My League,Comedy,3.2222222222222223,9.0
74948,Harry Brown (2009),Crime|Drama|Thriller,Harry Brown,Crime Drama Thriller,4.0,2.0
75341,Remember Me (2010),Drama|Romance,Remember Me,Drama Romance,4.0,1.0
75389,"Burrowers, The (2008)",Horror|Thriller|Western,"Burrowers, The",Horror Thriller Western,3.0,1.0
75395,Frozen (2010),Drama|Horror|Thriller,Frozen,Drama Horror Thriller,3.25,2.0
75416,Generation X (1996),Action|Adventure|Sci-Fi,Generation X,Action Adventure Sci-Fi,1.5,1.0
75446,Little Ashes (2008),Drama,Little Ashes,Drama,2.5,1.0
75803,Our Family Wedding (2010),Comedy,Our Family Wedding,Comedy,1.5,1.0
75805,"Bounty Hunter, The (2010)",Action|Comedy|Romance,"Bounty Hunter, The",Action Comedy Romance,2.75,6.0
75813,Leaves of Grass (2009),Comedy|Crime|Drama|Thriller,Leaves of Grass,Comedy Crime Drama Thriller,3.1666666666666665,3.0
75816,Women in Trouble (2009),Comedy,Women in Trouble,Comedy,2.0,1.0
75947,Mondo Cane (1962),Documentary,Mondo Cane,Documentary,2.0,1.0
75985,Repo Men (2010),Action|Sci-Fi|Thriller,Repo Men,Action Sci-Fi Thriller,3.5,6.0
76030,Case 39 (2009),Horror|Thriller,Case 39,Horror Thriller,0.5,1.0
76054,Oceans (Océans) (2009),Documentary|Drama,Oceans (Océans),Documentary Drama,4.0,1.0
76060,"Slammin' Salmon, The (2009)",Comedy,"Slammin' Salmon, The",Comedy,3.5,2.0
76077,Hot Tub Time Machine (2010),Comedy|Sci-Fi,Hot Tub Time Machine,Comedy Sci-Fi,3.3,15.0
76091,Mother (Madeo) (2009),Crime|Drama|Mystery|Thriller,Mother (Madeo),Crime Drama Mystery Thriller,5.0,1.0
76093,How to Train Your Dragon (2010),Adventure|Animation|Children|Fantasy|IMAX,How to Train Your Dragon,Adventure Animation Children Fantasy IMAX,3.943396226415094,53.0
76143,"Bone Man, The (Der Knochenmann) (2009)",Crime|Thriller,"Bone Man, The (Der Knochenmann)",Crime Thriller,4.5,1.0
76173,Micmacs (Micmacs à tire-larigot) (2009),Comedy|Crime,Micmacs (Micmacs à tire-larigot),Comedy Crime,3.75,2.0
76175,Clash of the Titans (2010),Action|Adventure|Drama|Fantasy,Clash of the Titans,Action Adventure Drama Fantasy,2.3076923076923075,13.0
76251,Kick-Ass (2010),Action|Comedy,Kick-Ass,Action Comedy,3.6511627906976742,43.0
76293,Date Night (2010),Action|Comedy|Romance,Date Night,Action Comedy Romance,3.3181818181818183,11.0
76301,"Emperor's New Groove 2: Kronk's New Groove, The (2005)",Animation|Children|Comedy|Romance,"Emperor's New Groove 2: Kronk's New Groove, The",Animation Children Comedy Romance,4.5,1.0
76738,Steam of Life (Miesten vuoro) (2010),Documentary,Steam of Life (Miesten vuoro),Documentary,3.5,1.0
76743,Mortadelo & Filemon: The Big Adventure (La gran aventura de Mortadelo y Filemón) (2003),Action|Adventure|Comedy,Mortadelo & Filemon: The Big Adventure (La gran aventura de Mortadelo y Filemón),Action Adventure Comedy,3.5,1.0
76751,American Drug War: The Last White Hope (2007),Crime|Documentary,American Drug War: The Last White Hope,Crime Documentary,3.0,1.0
76763,"Runaways, The (2010)",Drama|Musical,"Runaways, The",Drama Musical,3.5,1.0
77177,Wild China (2008),Documentary,Wild China,Documentary,4.0,1.0
77191,Death at a Funeral (2010),Comedy,Death at a Funeral,Comedy,3.25,2.0
77201,Valhalla Rising (2009),Action|Drama|War,Valhalla Rising,Action Drama War,2.5,1.0
77206,Diary of a Wimpy Kid (2010),Children|Comedy,Diary of a Wimpy Kid,Children Comedy,3.5,1.0
77233,"Union: The Business Behind Getting High, The (2007)",Comedy|Documentary,"Union: The Business Behind Getting High, The",Comedy Documentary,3.5,1.0
77266,Disgrace (2008),Drama,Disgrace,Drama,3.5,1.0
77364,"Losers, The (2010)",Action|Adventure|Drama|Mystery|Thriller,"Losers, The",Action Adventure Drama Mystery Thriller,3.0,3.0
77414,"Last Song, The (2010)",Drama|Romance,"Last Song, The",Drama Romance,3.5,1.0
77421,Cyrus (2010),Comedy|Drama|Romance,Cyrus,Comedy Drama Romance,2.5,1.0
77427,"Human Centipede, The (First Sequence) (2009)",Horror,"Human Centipede, The (First Sequence)",Horror,0.5,1.0
77455,Exit Through the Gift Shop (2010),Comedy|Documentary,Exit Through the Gift Shop,Comedy Documentary,4.038461538461538,13.0
77561,Iron Man 2 (2010),Action|Adventure|Sci-Fi|Thriller|IMAX,Iron Man 2,Action Adventure Sci-Fi Thriller IMAX,3.5106382978723403,47.0
77667,MacGruber (2010),Action|Comedy,MacGruber,Action Comedy,3.0,1.0
77688,Three Men and a Cradle (3 hommes et un couffin) (1985),Comedy,Three Men and a Cradle (3 hommes et un couffin),Comedy,4.5,1.0
77709,"Sky Crawlers, The (Sukai kurora) (2008)",Adventure|Animation|Drama,"Sky Crawlers, The (Sukai kurora)",Adventure Animation Drama,2.5,1.0
77795,Cargo (2009),Sci-Fi,Cargo,Sci-Fi,3.5,1.0
77798,"Nightmare on Elm Street, A (2010)",Fantasy|Horror|Thriller,"Nightmare on Elm Street, A",Fantasy Horror Thriller,1.25,2.0
77800,Four Lions (2010),Comedy|Drama,Four Lions,Comedy Drama,4.0,5.0
77841,St Trinian's 2: The Legend of Fritton's Gold (2009),Adventure|Comedy,St Trinian's 2: The Legend of Fritton's Gold,Adventure Comedy,2.0,1.0
77846,12 Angry Men (1997),Crime|Drama,12 Angry Men,Crime Drama,5.0,1.0
77866,Robin Hood (2010),Action|Adventure|Drama|Romance|War,Robin Hood,Action Adventure Drama Romance War,3.1666666666666665,6.0
77881,Lovers & Leavers (Kuutamolla) (2002),Drama|Romance,Lovers & Leavers (Kuutamolla),Drama Romance,3.5,1.0
77893,Merantau (2009),Action|Drama,Merantau,Action Drama,4.0,1.0
77931,Stingray Sam (2009),Comedy|Musical|Sci-Fi|Western,Stingray Sam,Comedy Musical Sci-Fi Western,4.0,1.0
78034,Cemetery Junction (2010),Comedy|Drama|Romance,Cemetery Junction,Comedy Drama Romance,3.5,1.0
78039,Blue Valentine (2010),Drama|Romance,Blue Valentine,Drama Romance,2.8,5.0
78041,Killers (2010),Action|Comedy,Killers,Action Comedy,2.25,2.0
78088,Buried (2010),Mystery|Thriller,Buried,Mystery Thriller,3.5,4.0
78103,Shake Hands with the Devil (2007),Drama|War,Shake Hands with the Devil,Drama War,2.5,1.0
78105,Prince of Persia: The Sands of Time (2010),Action|Adventure|Fantasy|Romance|IMAX,Prince of Persia: The Sands of Time,Action Adventure Fantasy Romance IMAX,2.8846153846153846,13.0
78116,Please Give (2010),Comedy|Drama,Please Give,Comedy Drama,3.5,1.0
78142,Baarìa (2009),Comedy|Drama|War,Baarìa,Comedy Drama War,4.5,1.0
78160,Ricky Gervais Live: Animals (2003),Comedy,Ricky Gervais Live: Animals,Comedy,3.5,1.0
78174,Sex and the City 2 (2010),Comedy|Drama|Romance,Sex and the City 2,Comedy Drama Romance,1.0,2.0
78209,Get Him to the Greek (2010),Comedy,Get Him to the Greek,Comedy,3.55,10.0
78218,Unthinkable (2010),Drama|Thriller,Unthinkable,Drama Thriller,3.0,1.0
78264,"Back-up Plan, The (2010)",Comedy|Romance,"Back-up Plan, The",Comedy Romance,3.0,1.0
78266,Splice (2009),Horror|Sci-Fi|Thriller,Splice,Horror Sci-Fi Thriller,3.5,3.0
78316,Letters to Juliet (2010),Drama|Romance,Letters to Juliet,Drama Romance,2.8333333333333335,3.0
78349,Exam (2009),Mystery|Thriller,Exam,Mystery Thriller,3.8,5.0
78467,Jonah Hex (2010),Action|Drama|Thriller|Western,Jonah Hex,Action Drama Thriller Western,1.875,4.0
78469,"A-Team, The (2010)",Action|Comedy|Thriller,"A-Team, The",Action Comedy Thriller,3.1470588235294117,17.0
78499,Toy Story 3 (2010),Adventure|Animation|Children|Comedy|Fantasy|IMAX,Toy Story 3,Adventure Animation Children Comedy Fantasy IMAX,4.109090909090909,55.0
78544,Ricky Gervais Live 3: Fame (2007),Comedy,Ricky Gervais Live 3: Fame,Comedy,3.0,1.0
78574,Winter's Bone (2010),Drama|Thriller,Winter's Bone,Drama Thriller,3.4375,8.0
78620,"Scalphunters, The (1968)",Comedy|Western,"Scalphunters, The",Comedy Western,4.5,1.0
78626,Barking Dogs Never Bite (Flandersui gae) (2000),Comedy|Horror,Barking Dogs Never Bite (Flandersui gae),Comedy Horror,3.5,1.0
78637,Shrek Forever After (a.k.a. Shrek: The Final Chapter) (2010),Adventure|Animation|Children|Comedy|Fantasy|IMAX,Shrek Forever After (a.k.a. Shrek: The Final Chapter),Adventure Animation Children Comedy Fantasy IMAX,3.5714285714285716,7.0
78703,TiMER (2009),Comedy|Drama|Fantasy|Romance,TiMER,Comedy Drama Fantasy Romance,3.75,2.0
78746,Best Worst Movie (2009),Documentary,Best Worst Movie,Documentary,4.0,1.0
78772,"Twilight Saga: Eclipse, The (2010)",Fantasy|Romance|Thriller|IMAX,"Twilight Saga: Eclipse, The",Fantasy Romance Thriller IMAX,2.45,10.0
78836,Enter the Void (2009),Drama,Enter the Void,Drama,5.0,2.0
78893,"Last Airbender, The (2010)",Action|Adventure|Fantasy,"Last Airbender, The",Action Adventure Fantasy,1.9166666666666667,6.0
78959,Endgame (2009),Drama,Endgame,Drama,3.0,1.0
79006,Empire of Dreams: The Story of the 'Star Wars' Trilogy (2004),Documentary,Empire of Dreams: The Story of the 'Star Wars' Trilogy,Documentary,4.5,1.0
79008,South Park: Imaginationland (2008),Animation|Comedy|Fantasy,South Park: Imaginationland,Animation Comedy Fantasy,4.0,8.0
79057,Predators (2010),Action|Sci-Fi|Thriller,Predators,Action Sci-Fi Thriller,3.3,10.0
79073,When You're Strange (2009),Documentary,When You're Strange,Documentary,4.0,1.0
79091,Despicable Me (2010),Animation|Children|Comedy|Crime,Despicable Me,Animation Children Comedy Crime,3.6842105263157894,38.0
79132,Inception (2010),Action|Crime|Drama|Mystery|Sci-Fi|Thriller|IMAX,Inception,Action Crime Drama Mystery Sci-Fi Thriller IMAX,4.066433566433567,143.0
79134,Grown Ups (2010),Comedy,Grown Ups,Comedy,3.45,10.0
79139,"Sorcerer's Apprentice, The (2010)",Action|Adventure|Children|Comedy|Fantasy,"Sorcerer's Apprentice, The",Action Adventure Children Comedy Fantasy,3.45,10.0
79185,Knight and Day (2010),Action|Comedy|Romance,Knight and Day,Action Comedy Romance,3.4166666666666665,6.0
79224,"Karate Kid, The (2010)",Action|Children|Drama,"Karate Kid, The",Action Children Drama,2.5,8.0
79242,"Kids Are All Right, The (2010)",Comedy|Drama,"Kids Are All Right, The",Comedy Drama,2.9166666666666665,6.0
79251,"Serbian Film, A (Srpski film) (2010)",Horror|Thriller,"Serbian Film, A (Srpski film)",Horror Thriller,2.25,2.0
79259,Cherrybomb (2009),Drama|Thriller,Cherrybomb,Drama Thriller,2.5,1.0
79274,Batman: Under the Red Hood (2010),Action|Animation,Batman: Under the Red Hood,Action Animation,3.6666666666666665,3.0
79293,Salt (2010),Action|Thriller,Salt,Action Thriller,2.966666666666667,15.0
79299,"No. 1 Ladies' Detective Agency, The (2008)",Comedy|Crime|Mystery,"No. 1 Ladies' Detective Agency, The",Comedy Crime Mystery,3.0,1.0
79333,Watch Out for the Automobile (Beregis avtomobilya) (1966),Comedy|Crime|Romance,Watch Out for the Automobile (Beregis avtomobilya),Comedy Crime Romance,4.0,1.0
79357,Mr. Nobody (2009),Drama|Fantasy|Romance|Sci-Fi,Mr. Nobody,Drama Fantasy Romance Sci-Fi,4.142857142857143,7.0
79428,Dinner for Schmucks (2010),Comedy,Dinner for Schmucks,Comedy,3.2857142857142856,7.0
79501,Deadly Outlaw: Rekka (a.k.a. Violent Fire) (Jitsuroku Andô Noboru kyôdô-den: Rekka) (2002),Crime|Drama|Thriller,Deadly Outlaw: Rekka (a.k.a. Violent Fire) (Jitsuroku Andô Noboru kyôdô-den: Rekka),Crime Drama Thriller,4.0,1.0
79536,Hellsinki (Rööperi) (2009),Crime,Hellsinki (Rööperi),Crime,3.0,1.0
79553,Ip Man 2 (2010),Action,Ip Man 2,Action,3.0,5.0
79572,Ramona and Beezus (2010),Children|Comedy,Ramona and Beezus,Children Comedy,2.5,1.0
79590,"Rebound, The (2009)",Comedy|Romance,"Rebound, The",Comedy Romance,2.5,1.0
79592,"Other Guys, The (2010)",Action|Comedy,"Other Guys, The",Action Comedy,3.261904761904762,21.0
79677,"Two Escobars, The (2010)",Crime|Documentary,"Two Escobars, The",Crime Documentary,3.5,1.0
79684,Paper Man (2009),Comedy|Drama,Paper Man,Comedy Drama,4.0,1.0
79695,"Expendables, The (2010)",Action|Adventure|Thriller,"Expendables, The",Action Adventure Thriller,3.0588235294117645,17.0
79702,Scott Pilgrim vs. the World (2010),Action|Comedy|Fantasy|Musical|Romance,Scott Pilgrim vs. the World,Action Comedy Fantasy Musical Romance,3.7045454545454546,44.0
79798,I Killed My Mother (J'ai tué ma mère) (2009),Drama,I Killed My Mother (J'ai tué ma mère),Drama,3.5,2.0
79868,Heartless (2009),Fantasy|Horror|Mystery|Thriller,Heartless,Fantasy Horror Mystery Thriller,2.5,1.0
79879,Piranha (Piranha 3D) (2010),Action|Horror|Thriller,Piranha (Piranha 3D),Action Horror Thriller,2.1666666666666665,3.0
79895,"Extraordinary Adventures of Adèle Blanc-Sec, The (2010)",Action|Adventure|Fantasy|Mystery,"Extraordinary Adventures of Adèle Blanc-Sec, The",Action Adventure Fantasy Mystery,2.5,1.0
79897,Get Low (2009),Comedy|Drama|Mystery,Get Low,Comedy Drama Mystery,5.0,1.0
79946,"Joneses, The (2009)",Comedy|Drama,"Joneses, The",Comedy Drama,3.5,1.0
80083,Dragon Ball Z: Dead Zone (Doragon bôru Z 1: Ora no Gohan wo kaese) (1989),Action|Adventure|Animation|Fantasy|Sci-Fi,Dragon Ball Z: Dead Zone (Doragon bôru Z 1: Ora no Gohan wo kaese),Action Adventure Animation Fantasy Sci-Fi,4.0,1.0
80094,"Last Exorcism, The (2010)",Horror|Thriller,"Last Exorcism, The",Horror Thriller,4.0,1.0
80124,Sisters (Syostry) (2001),Action|Crime|Drama,Sisters (Syostry),Action Crime Drama,5.0,1.0
80126,"American, The (2010)",Drama|Thriller,"American, The",Drama Thriller,2.625,4.0
80139,Jackass 2.5 (2007),Comedy|Documentary,Jackass 2.5,Comedy Documentary,4.166666666666667,3.0
80162,"Horde, The (La Horde) (2009)",Action|Horror|Thriller,"Horde, The (La Horde)",Action Horror Thriller,2.5,1.0
80166,"Switch, The (2010)",Comedy|Romance,"Switch, The",Comedy Romance,2.6666666666666665,6.0
80219,Machete (2010),Action|Adventure|Comedy|Crime|Thriller,Machete,Action Adventure Comedy Crime Thriller,3.25,12.0
80241,Going the Distance (2010),Comedy|Romance,Going the Distance,Comedy Romance,3.1666666666666665,3.0
80363,Resident Evil: Afterlife (2010),Action|Horror|Sci-Fi|Thriller|IMAX,Resident Evil: Afterlife,Action Horror Sci-Fi Thriller IMAX,3.142857142857143,7.0
80454,Princess (Prinsessa) (2010),Drama,Princess (Prinsessa),Drama,2.5,1.0
80463,"Social Network, The (2010)",Drama,"Social Network, The",Drama,3.8859649122807016,57.0
80478,"Man Vanishes, A (Ningen Johatsu) (1967)",Documentary|Drama|Mystery,"Man Vanishes, A (Ningen Johatsu)",Documentary Drama Mystery,4.0,1.0
80489,"Town, The (2010)",Crime|Drama|Thriller,"Town, The",Crime Drama Thriller,3.9545454545454546,22.0
80549,Easy A (2010),Comedy|Romance,Easy A,Comedy Romance,3.7962962962962963,27.0
80551,Eat Pray Love (2010),Drama|Romance,Eat Pray Love,Drama Romance,3.5,2.0
80553,Howl (2010),Drama,Howl,Drama,3.5,1.0
80572,I'm Still Here (2010),Comedy|Drama,I'm Still Here,Comedy Drama,4.0,1.0
80584,"Patrik Age 1.5 (Patrik 1,5) (2008)",Comedy|Drama|Romance,"Patrik Age 1.5 (Patrik 1,5)",Comedy Drama Romance,4.0,1.0
80586,Flipped (2010),Comedy|Drama|Romance,Flipped,Comedy Drama Romance,3.8333333333333335,3.0
80590,Wall Street: Money Never Sleeps (2010),Drama,Wall Street: Money Never Sleeps,Drama,3.1666666666666665,3.0
80615,Legend of the Guardians: The Owls of Ga'Hoole (2010),Adventure|Animation|Fantasy|IMAX,Legend of the Guardians: The Owls of Ga'Hoole,Adventure Animation Fantasy IMAX,4.0,2.0
80693,It's Kind of a Funny Story (2010),Comedy|Drama,It's Kind of a Funny Story,Comedy Drama,3.1875,8.0
80727,Middle Men (2009),Comedy|Crime|Drama,Middle Men,Comedy Crime Drama,3.25,2.0
80748,Alice in Wonderland (1933),Adventure|Children|Fantasy,Alice in Wonderland,Adventure Children Fantasy,4.0,1.0
80831,Let Me In (2010),Drama|Horror|Mystery,Let Me In,Drama Horror Mystery,3.857142857142857,7.0
80834,Sintel (2010),Animation|Fantasy,Sintel,Animation Fantasy,3.5,1.0
80839,Secretariat (2010),Adventure|Drama,Secretariat,Adventure Drama,2.5,1.0
80846,Devil (2010),Horror|Mystery|Thriller,Devil,Horror Mystery Thriller,3.25,2.0
80858,You Again (2010),Comedy,You Again,Comedy,3.5,1.0
80860,Life as We Know It (2010),Comedy|Romance,Life as We Know It,Comedy Romance,3.0,6.0
80862,Catfish (2010),Documentary|Mystery,Catfish,Documentary Mystery,3.6666666666666665,3.0
80864,You Will Meet a Tall Dark Stranger (2010),Comedy|Romance,You Will Meet a Tall Dark Stranger,Comedy Romance,3.5,1.0
80880,Stone (2010),Drama|Thriller,Stone,Drama Thriller,3.25,2.0
80906,Inside Job (2010),Documentary,Inside Job,Documentary,4.291666666666667,12.0
80917,Monsters (2010),Drama|Sci-Fi,Monsters,Drama Sci-Fi,3.5,1.0
80969,Never Let Me Go (2010),Drama|Romance|Sci-Fi,Never Let Me Go,Drama Romance Sci-Fi,4.0,3.0
81018,"Illusionist, The (L'illusionniste) (2010)",Animation,"Illusionist, The (L'illusionniste)",Animation,3.0,3.0
81087,Luck by Chance (2009),Drama,Luck by Chance,Drama,4.5,1.0
81132,Rubber (2010),Action|Adventure|Comedy|Crime|Drama|Film-Noir|Horror|Mystery|Thriller|Western,Rubber,Action Adventure Comedy Crime Drama Film-Noir Horror Mystery Thriller Western,3.75,2.0
81156,Jackass 3D (2010),Action|Comedy|Documentary,Jackass 3D,Action Comedy Documentary,3.9166666666666665,6.0
81158,Restrepo (2010),Documentary|War,Restrepo,Documentary War,3.1666666666666665,3.0
81191,Waiting for 'Superman' (2010),Documentary,Waiting for 'Superman',Documentary,4.0,1.0
81229,Red (2010),Action|Comedy,Red,Action Comedy,3.5,20.0
81257,In a Better World (Hævnen) (2010),Drama,In a Better World (Hævnen),Drama,3.5,1.0
81383,Heartbreaker (L'Arnacoeur) (2010),Comedy|Romance,Heartbreaker (L'Arnacoeur),Comedy Romance,2.5,1.0
81417,Paranormal Activity 2 (2010),Horror|IMAX,Paranormal Activity 2,Horror IMAX,3.7,5.0
81456,Heartbeats (Les amours imaginaires) (2010),Drama|Romance,Heartbeats (Les amours imaginaires),Drama Romance,3.0,2.0
81512,Hereafter (2010),Drama|Fantasy,Hereafter,Drama Fantasy,4.0,1.0
81520,Undisputed III: Redemption (2010),Action|Crime|Drama,Undisputed III: Redemption,Action Crime Drama,4.0,1.0
81535,Saw VII 3D - The Final Chapter (2010),Horror|Mystery|Thriller,Saw VII 3D - The Final Chapter,Horror Mystery Thriller,4.5,1.0
81537,Due Date (2010),Comedy,Due Date,Comedy,3.1,10.0
81562,127 Hours (2010),Adventure|Drama|Thriller,127 Hours,Adventure Drama Thriller,3.8333333333333335,18.0
81564,Megamind (2010),Action|Animation|Children|Comedy|Sci-Fi|IMAX,Megamind,Action Animation Children Comedy Sci-Fi IMAX,3.6,20.0
81591,Black Swan (2010),Drama|Thriller,Black Swan,Drama Thriller,3.630952380952381,42.0
81681,I Shot Jesse James (1949),Drama|Romance|Western,I Shot Jesse James,Drama Romance Western,2.0,1.0
81782,Unstoppable (2010),Action|Drama|Thriller,Unstoppable,Action Drama Thriller,3.357142857142857,7.0
81784,Morning Glory (2010),Comedy|Drama|Romance,Morning Glory,Comedy Drama Romance,2.6666666666666665,6.0
81786,Certified Copy (Copie conforme) (2010),Drama,Certified Copy (Copie conforme),Drama,4.0,1.0
81788,"Next Three Days, The (2010)",Crime|Drama|Romance|Thriller,"Next Three Days, The",Crime Drama Romance Thriller,3.857142857142857,7.0
81791,Somewhere (2010),Drama,Somewhere,Drama,3.0,1.0
81819,Biutiful (2010),Drama,Biutiful,Drama,4.25,2.0
81831,"First Beautiful Thing, The (La prima cosa bella) (2010)",Comedy|Drama,"First Beautiful Thing, The (La prima cosa bella)",Comedy Drama,4.0,1.0
81834,Harry Potter and the Deathly Hallows: Part 1 (2010),Action|Adventure|Fantasy|IMAX,Harry Potter and the Deathly Hallows: Part 1,Action Adventure Fantasy IMAX,3.9893617021276597,47.0
81845,"King's Speech, The (2010)",Drama,"King's Speech, The",Drama,4.043103448275862,58.0
81847,Tangled (2010),Animation|Children|Comedy|Fantasy|Musical|Romance|IMAX,Tangled,Animation Children Comedy Fantasy Musical Romance IMAX,3.9166666666666665,24.0
81910,"Art of the Steal, The (2009)",Documentary,"Art of the Steal, The",Documentary,4.0,2.0
81932,"Fighter, The (2010)",Drama,"Fighter, The",Drama,3.760869565217391,23.0
81949,"Romantics, The (2010)",Comedy|Drama|Romance,"Romantics, The",Comedy Drama Romance,3.0,1.0
82041,"Loved Ones, The (2009)",Horror,"Loved Ones, The",Horror,4.25,2.0
82053,Casino Jack (2010),Comedy|Crime,Casino Jack,Comedy Crime,4.0,2.0
82088,Vincent Wants to Sea (Vincent will meer) (2010),Drama,Vincent Wants to Sea (Vincent will meer),Drama,3.0,1.0
82093,London Boulevard (2010),Crime|Romance,London Boulevard,Crime Romance,1.5,1.0
82095,Skyline (2010),Sci-Fi|Thriller,Skyline,Sci-Fi Thriller,0.5,1.0
82152,Beastly (2011),Drama|Fantasy|Romance,Beastly,Drama Fantasy Romance,3.5,1.0
82167,Love and Other Drugs (2010),Comedy|Drama|Romance,Love and Other Drugs,Comedy Drama Romance,2.7857142857142856,7.0
82169,"Chronicles of Narnia: The Voyage of the Dawn Treader, The (2010)",Adventure|Children|Fantasy,"Chronicles of Narnia: The Voyage of the Dawn Treader, The",Adventure Children Fantasy,3.857142857142857,7.0
82202,"Tourist, The (2010)",Drama|Thriller,"Tourist, The",Drama Thriller,2.7142857142857144,7.0
82242,Rare Exports: A Christmas Tale (Rare Exports) (2010),Action|Comedy,Rare Exports: A Christmas Tale (Rare Exports),Action Comedy,4.25,2.0
82366,Hatchet II (2010),Comedy|Horror|Thriller,Hatchet II,Comedy Horror Thriller,4.5,1.0
82378,All Good Things (2010),Drama|Mystery|Thriller,All Good Things,Drama Mystery Thriller,3.75,2.0
82459,True Grit (2010),Western,True Grit,Western,3.75,28.0
82461,Tron: Legacy (2010),Action|Adventure|Sci-Fi|IMAX,Tron: Legacy,Action Adventure Sci-Fi IMAX,3.236842105263158,19.0
82499,How Do You Know (2010),Comedy|Drama|Romance,How Do You Know,Comedy Drama Romance,2.6666666666666665,3.0
82527,Barney's Version (2010),Drama,Barney's Version,Drama,4.0,1.0
82534,"Company Men, The (2010)",Drama,"Company Men, The",Drama,2.5,1.0
82641,"One-Armed Swordsman, The (Dubei dao) (1967)",Action|Drama,"One-Armed Swordsman, The (Dubei dao)",Action Drama,3.0,1.0
82667,I Saw the Devil (Akmareul boatda) (2010),Crime|Thriller,I Saw the Devil (Akmareul boatda),Crime Thriller,3.875,4.0
82684,Trash Humpers (2009),Drama,Trash Humpers,Drama,0.5,1.0
82744,Faster (2010),Action|Crime|Drama,Faster,Action Crime Drama,5.0,1.0
82765,Little Big Soldier (Da bing xiao jiang) (2010),Action|Adventure|Comedy|Drama|War,Little Big Soldier (Da bing xiao jiang),Action Adventure Comedy Drama War,3.5,1.0
82767,Rabbit Hole (2010),Drama,Rabbit Hole,Drama,3.5,1.0
82848,One Week (1920),Comedy,One Week,Comedy,3.5,1.0
82852,Little Fockers (2010),Comedy,Little Fockers,Comedy,1.8333333333333333,6.0
82854,Gulliver's Travels (2010),Adventure|Comedy|Fantasy,Gulliver's Travels,Adventure Comedy Fantasy,1.8333333333333333,6.0
82857,Sweetgrass (2009),Adventure|Documentary|Western,Sweetgrass,Adventure Documentary Western,4.5,1.0
83086,Burlesque (2010),Drama|Musical|Romance,Burlesque,Drama Musical Romance,2.5,1.0
83132,"Secret World of Arrietty, The (Kari-gurashi no Arietti) (2010)",Animation|Children|Fantasy,"Secret World of Arrietty, The (Kari-gurashi no Arietti)",Animation Children Fantasy,3.5,4.0
83134,Tucker & Dale vs Evil (2010),Comedy|Horror,Tucker & Dale vs Evil,Comedy Horror,3.9166666666666665,18.0
83177,Yogi Bear (2010),Children|Comedy,Yogi Bear,Children Comedy,1.1666666666666667,3.0
83270,Made in Dagenham (2010),Comedy|Drama,Made in Dagenham,Comedy Drama,2.0,1.0
83349,"Green Hornet, The (2011)",Action|Comedy|Crime|Fantasy|Thriller|IMAX,"Green Hornet, The",Action Comedy Crime Fantasy Thriller IMAX,3.0,11.0
83369,"Way Back, The (2010)",Drama,"Way Back, The",Drama,4.0,1.0
83374,"Warrior's Way, The (2010)",Action|Fantasy|Western,"Warrior's Way, The",Action Fantasy Western,3.5,1.0
83480,Season of the Witch (2011),Adventure|Drama|Fantasy,Season of the Witch,Adventure Drama Fantasy,3.5,1.0
83601,Amer (2009),Drama|Horror,Amer,Drama Horror,0.5,1.0
83613,Cowboys & Aliens (2011),Action|Sci-Fi|Thriller|Western|IMAX,Cowboys & Aliens,Action Sci-Fi Thriller Western IMAX,3.0,9.0
83796,Anything for Her (Pour elle) (2008),Crime|Drama|Thriller,Anything for Her (Pour elle),Crime Drama Thriller,2.5,1.0
83803,Day & Night (2010),Animation|Children,Day & Night,Animation Children,4.1,5.0
83827,Marwencol (2010),Documentary,Marwencol,Documentary,4.25,2.0
83910,"Dilemma, The (2011)",Comedy|Drama,"Dilemma, The",Comedy Drama,2.5,2.0
83969,Down Argentine Way (1940),Comedy|Drama|Romance,Down Argentine Way,Comedy Drama Romance,5.0,1.0
83976,"Trip, The (2010)",Comedy|Drama,"Trip, The",Comedy Drama,4.0,1.0
84152,Limitless (2011),Sci-Fi|Thriller,Limitless,Sci-Fi Thriller,3.95,30.0
84156,Happy People: A Year in the Taiga (2010),Documentary,Happy People: A Year in the Taiga,Documentary,4.5,1.0
84187,Evangelion: 2.0 You Can (Not) Advance (Evangerion shin gekijôban: Ha) (2009),Action|Animation|Drama|Sci-Fi,Evangelion: 2.0 You Can (Not) Advance (Evangerion shin gekijôban: Ha),Action Animation Drama Sci-Fi,3.5,3.0
84189,I Spit on Your Grave (2010),Crime|Horror|Thriller,I Spit on Your Grave,Crime Horror Thriller,3.75,2.0
84240,Even the Rain (También la lluvia) (2010),Drama,Even the Rain (También la lluvia),Drama,4.0,1.0
84246,It Happened on Fifth Avenue (1947),Comedy|Romance,It Happened on Fifth Avenue,Comedy Romance,4.5,1.0
84273,Zeitgeist: Moving Forward (2011),Documentary,Zeitgeist: Moving Forward,Documentary,5.0,1.0
84374,No Strings Attached (2011),Comedy|Romance,No Strings Attached,Comedy Romance,2.9285714285714284,14.0
84392,"Lincoln Lawyer, The (2011)",Crime|Drama|Thriller,"Lincoln Lawyer, The",Crime Drama Thriller,3.6,10.0
84414,All-Star Superman (2011),Action|Adventure|Animation|Sci-Fi,All-Star Superman,Action Adventure Animation Sci-Fi,4.25,2.0
84512,Girls About Town (1931),Comedy,Girls About Town,Comedy,5.0,1.0
84523,Kill! (Kiru) (1968),Action|Comedy|Drama,Kill! (Kiru),Action Comedy Drama,3.0,1.0
84553,Pekka ja Pätkä salapoliiseina (1957),Comedy,Pekka ja Pätkä salapoliiseina,Comedy,4.0,1.0
84601,Unknown (2011),Drama|Mystery|Thriller,Unknown,Drama Mystery Thriller,3.3333333333333335,6.0
84615,Cedar Rapids (2011),Comedy,Cedar Rapids,Comedy,2.25,2.0
84637,Gnomeo & Juliet (2011),Adventure|Animation|Children|Comedy|Fantasy|Romance,Gnomeo & Juliet,Adventure Animation Children Comedy Fantasy Romance,3.0,1.0
84696,Burke and Hare (2010),Comedy|Thriller,Burke and Hare,Comedy Thriller,4.0,1.0
84716,Castaway on the Moon (Kimssi pyoryugi) (2009),Comedy|Drama|Romance,Castaway on the Moon (Kimssi pyoryugi),Comedy Drama Romance,4.0,1.0
84772,Paul (2011),Adventure|Comedy|Sci-Fi,Paul,Adventure Comedy Sci-Fi,3.2,15.0
84799,"Asphyx, The (1973)",Horror|Sci-Fi,"Asphyx, The",Horror Sci-Fi,4.5,1.0
84844,Brother 2 (Brat 2) (2000),Crime|Drama,Brother 2 (Brat 2),Crime Drama,4.5,1.0
84847,Emma (2009),Comedy|Drama|Romance,Emma,Comedy Drama Romance,2.5,2.0
84942,Drive Angry (2011),Action|Fantasy|Thriller,Drive Angry,Action Fantasy Thriller,3.75,2.0
84944,Rango (2011),Action|Adventure|Animation|Children|Comedy|Western,Rango,Action Adventure Animation Children Comedy Western,3.6176470588235294,17.0
84950,Take Me Home Tonight (2011),Comedy|Drama,Take Me Home Tonight,Comedy Drama,2.5,1.0
84952,Confessions (Kokuhaku) (2010),Drama|Horror,Confessions (Kokuhaku),Drama Horror,4.0,1.0
84954,"Adjustment Bureau, The (2011)",Romance|Sci-Fi|Thriller,"Adjustment Bureau, The",Romance Sci-Fi Thriller,3.1666666666666665,21.0
85020,"Mechanic, The (2011)",Action|Drama|Thriller,"Mechanic, The",Action Drama Thriller,3.375,4.0
85022,Hall Pass (2011),Comedy,Hall Pass,Comedy,3.125,4.0
85025,"Eagle, The (2011)",Adventure|Drama,"Eagle, The",Adventure Drama,2.0,1.0
85056,I Am Number Four (2011),Action|Sci-Fi|Thriller|IMAX,I Am Number Four,Action Sci-Fi Thriller IMAX,3.1,5.0
85131,Battle: Los Angeles (2011),Action|Sci-Fi|War,Battle: Los Angeles,Action Sci-Fi War,2.375,4.0
85179,Summer Wars (Samâ wôzu) (2009),Adventure|Animation|Comedy|Sci-Fi,Summer Wars (Samâ wôzu),Adventure Animation Comedy Sci-Fi,3.8333333333333335,3.0
85213,"Sunset Limited, The (2011)",Drama,"Sunset Limited, The",Drama,4.0,1.0
85259,Winnie the Pooh and the Honey Tree (1966),Animation|Children,Winnie the Pooh and the Honey Tree,Animation Children,4.0,1.0
85261,Mars Needs Moms (2011),Action|Adventure|Animation|Children|Comedy|Sci-Fi|IMAX,Mars Needs Moms,Action Adventure Animation Children Comedy Sci-Fi IMAX,3.5,1.0
85295,Scooby-Doo! Curse of the Lake Monster (2010),Adventure|Children|Comedy|Mystery,Scooby-Doo! Curse of the Lake Monster,Adventure Children Comedy Mystery,5.0,1.0
85316,Winnie the Pooh and Tigger Too (1974),Animation|Children,Winnie the Pooh and Tigger Too,Animation Children,3.5,1.0
85334,Hard Ticket to Hawaii (1987),Action|Comedy,Hard Ticket to Hawaii,Action Comedy,0.5,1.0
85342,Elite Squad: The Enemy Within (Tropa de Elite 2 - O Inimigo Agora É Outro) (2010),Action|Crime|Drama,Elite Squad: The Enemy Within (Tropa de Elite 2 - O Inimigo Agora É Outro),Action Crime Drama,4.357142857142857,7.0
85354,Mesrine: Public Enemy #1 (L'ennemi public n°1) (2008),Action|Crime,Mesrine: Public Enemy #1 (L'ennemi public n°1),Action Crime,3.5,3.0
85367,Just Go with It (2011),Comedy|Romance,Just Go with It,Comedy Romance,3.2142857142857144,7.0
85394,Cave of Forgotten Dreams (2010),Documentary,Cave of Forgotten Dreams,Documentary,3.0,1.0
85397,Red Riding Hood (2011),Fantasy|Horror|Mystery|Thriller,Red Riding Hood,Fantasy Horror Mystery Thriller,3.5,2.0
85399,"Big Mommas: Like Father, Like Son (2011)",Comedy,"Big Mommas: Like Father, Like Son",Comedy,1.0,1.0
85401,Super (2010),Action|Comedy|Drama,Super,Action Comedy Drama,2.9,5.0
85412,"Troll Hunter, The (Trolljegeren) (2010)",Fantasy|Horror,"Troll Hunter, The (Trolljegeren)",Fantasy Horror,3.75,2.0
85414,Source Code (2011),Action|Drama|Mystery|Sci-Fi|Thriller,Source Code,Action Drama Mystery Sci-Fi Thriller,3.6029411764705883,34.0
85438,Jane Eyre (2011),Drama|Romance,Jane Eyre,Drama Romance,3.0,1.0
85510,Sucker Punch (2011),Action|Fantasy|Thriller|IMAX,Sucker Punch,Action Fantasy Thriller IMAX,3.125,12.0
85565,Chalet Girl (2011),Comedy|Romance,Chalet Girl,Comedy Romance,0.0,0.0
85736,BURN-E (2008),Adventure|Animation|Children|Sci-Fi,BURN-E,Adventure Animation Children Sci-Fi,4.5,3.0
85774,Senna (2010),Documentary,Senna,Documentary,3.75,6.0
85780,Family Guy Presents: It's a Trap (2010),Animation|Comedy|Sci-Fi,Family Guy Presents: It's a Trap,Animation Comedy Sci-Fi,3.5833333333333335,6.0
85788,Insidious (2010),Fantasy|Horror|Thriller,Insidious,Fantasy Horror Thriller,2.6666666666666665,3.0
85796,Hobo with a Shotgun (2011),Action|Adventure|Crime|Thriller,Hobo with a Shotgun,Action Adventure Crime Thriller,2.375,4.0
85881,Win Win (2011),Comedy|Drama,Win Win,Comedy Drama,3.75,6.0
85885,Room in Rome (Habitación en Roma) (2010),Drama|Romance,Room in Rome (Habitación en Roma),Drama Romance,2.75,2.0
86000,Boy (2010),Comedy|Drama,Boy,Comedy Drama,4.0,1.0
86014,Diary of a Wimpy Kid: Rodrick Rules (2011),Comedy,Diary of a Wimpy Kid: Rodrick Rules,Comedy,3.5,1.0
86028,Henry's Crime (2010),Comedy|Crime,Henry's Crime,Comedy Crime,2.0,1.0
86059,Hop (2011),Animation|Children|Comedy,Hop,Animation Children Comedy,2.75,2.0
86066,Playing the Victim (Izobrazhaya zhertvu) (2006),Comedy,Playing the Victim (Izobrazhaya zhertvu),Comedy,4.0,1.0
86068,Films to Keep You Awake: The Christmas Tale (Películas para no dormir: Cuento de navidad) (2005),Horror|Thriller,Films to Keep You Awake: The Christmas Tale (Películas para no dormir: Cuento de navidad),Horror Thriller,0.5,1.0
86142,13 Assassins (Jûsan-nin no shikaku) (2010),Action,13 Assassins (Jûsan-nin no shikaku),Action,4.0,4.0
86190,Hanna (2011),Action|Adventure|Mystery|Thriller,Hanna,Action Adventure Mystery Thriller,3.3181818181818183,11.0
86237,Connections (1978),Documentary,Connections,Documentary,5.0,1.0
86279,Into Eternity (2010),Documentary,Into Eternity,Documentary,3.5,1.0
86286,Daffy Duck's Quackbusters (1988),Animation|Children|Comedy|Horror,Daffy Duck's Quackbusters,Animation Children Comedy Horror,2.0,1.0
86290,American: The Bill Hicks Story (2009),Comedy|Documentary,American: The Bill Hicks Story,Comedy Documentary,4.0,3.0
86293,Arthur (2011),Comedy,Arthur,Comedy,3.0,6.0
86295,Scream 4 (2011),Comedy|Horror|Mystery|Thriller,Scream 4,Comedy Horror Mystery Thriller,2.6666666666666665,3.0
86298,Rio (2011),Adventure|Animation|Children|Comedy,Rio,Adventure Animation Children Comedy,3.125,8.0
86320,Melancholia (2011),Drama|Sci-Fi,Melancholia,Drama Sci-Fi,3.0714285714285716,7.0
86332,Thor (2011),Action|Adventure|Drama|Fantasy|IMAX,Thor,Action Adventure Drama Fantasy IMAX,3.514705882352941,34.0
86345,Louis C.K.: Hilarious (2010),Comedy,Louis C.K.: Hilarious,Comedy,4.055555555555555,9.0
86347,Louis C.K.: Chewed Up (2008),Comedy,Louis C.K.: Chewed Up,Comedy,3.2857142857142856,7.0
86355,Atlas Shrugged: Part 1 (2011),Drama|Mystery|Sci-Fi,Atlas Shrugged: Part 1,Drama Mystery Sci-Fi,2.0,1.0
86377,Louis C.K.: Shameless (2007),Comedy,Louis C.K.: Shameless,Comedy,4.0,7.0
86487,Mildred Pierce (2011),Drama,Mildred Pierce,Drama,4.5,1.0
86504,Voices from the List (2004),Documentary,Voices from the List,Documentary,4.3,5.0
86548,Water for Elephants (2011),Drama|Romance,Water for Elephants,Drama Romance,3.375,4.0
86593,African Cats (2011),Adventure|Documentary,African Cats,Adventure Documentary,2.5,1.0
86628,Kill the Irishman (2011),Action|Crime,Kill the Irishman,Action Crime,4.0,2.0
86644,"Fast Five (Fast and the Furious 5, The) (2011)",Action|Crime|Drama|Thriller|IMAX,"Fast Five (Fast and the Furious 5, The)",Action Crime Drama Thriller IMAX,3.05,10.0
86668,Louis Theroux: Law & Disorder (2008),Documentary,Louis Theroux: Law & Disorder,Documentary,5.0,1.0
86721,Idiots and Angels (2008),Animation|Drama|Fantasy,Idiots and Angels,Animation Drama Fantasy,5.0,1.0
86781,Incendies (2010),Drama|Mystery|War,Incendies,Drama Mystery War,4.4,5.0
86815,Soul Surfer (2011),Action|Drama,Soul Surfer,Action Drama,3.5,1.0
86817,Something Borrowed (2011),Comedy|Drama|Romance,Something Borrowed,Comedy Drama Romance,3.25,2.0
86833,Bridesmaids (2011),Comedy,Bridesmaids,Comedy,3.761904761904762,21.0
86835,Priest (2011),Action|Horror|Sci-Fi|Thriller,Priest,Action Horror Sci-Fi Thriller,3.0,3.0
86864,Mothra (Mosura) (1961),Adventure|Fantasy|Sci-Fi,Mothra (Mosura),Adventure Fantasy Sci-Fi,3.0,1.0
86880,Pirates of the Caribbean: On Stranger Tides (2011),Action|Adventure|Fantasy|IMAX,Pirates of the Caribbean: On Stranger Tides,Action Adventure Fantasy IMAX,3.2291666666666665,24.0
86882,Midnight in Paris (2011),Comedy|Fantasy|Romance,Midnight in Paris,Comedy Fantasy Romance,3.56,25.0
86892,The Man from Nowhere (2010),Action|Crime|Thriller,The Man from Nowhere,Action Crime Thriller,4.5,3.0
86898,"Tree of Life, The (2011)",Drama,"Tree of Life, The",Drama,4.0,2.0
86911,"Hangover Part II, The (2011)",Comedy,"Hangover Part II, The",Comedy,3.2666666666666666,15.0
86922,Nothing to Declare (Rien à déclarer) (2010),Comedy,Nothing to Declare (Rien à déclarer),Comedy,4.0,1.0
86960,Across the Hall (2009),Thriller,Across the Hall,Thriller,2.0,1.0
87028,"Roommate, The (2011)",Drama|Thriller,"Roommate, The",Drama Thriller,2.0,1.0
87192,Attack the Block (2011),Action|Comedy|Sci-Fi,Attack the Block,Action Comedy Sci-Fi,3.5,6.0
87194,The Way (2010),Adventure|Comedy|Drama,The Way,Adventure Comedy Drama,3.5,2.0
87197,Let the Bullets Fly (2010),Action|Comedy,Let the Bullets Fly,Action Comedy,3.0,1.0
87222,Kung Fu Panda 2 (2011),Action|Adventure|Animation|Children|Comedy|IMAX,Kung Fu Panda 2,Action Adventure Animation Children Comedy IMAX,3.323529411764706,17.0
87232,X-Men: First Class (2011),Action|Adventure|Sci-Fi|Thriller|War,X-Men: First Class,Action Adventure Sci-Fi Thriller War,3.7906976744186047,43.0
87234,Submarine (2010),Comedy|Drama|Romance,Submarine,Comedy Drama Romance,4.166666666666667,3.0
87287,American Grindhouse (2010),Documentary,American Grindhouse,Documentary,4.0,1.0
87298,Everything Must Go (2010),Comedy|Drama,Everything Must Go,Comedy Drama,2.6666666666666665,3.0
87304,Beginners (2010),Drama,Beginners,Drama,3.625,4.0
87306,Super 8 (2011),Mystery|Sci-Fi|Thriller|IMAX,Super 8,Mystery Sci-Fi Thriller IMAX,3.5952380952380953,21.0
87413,Bernie (1996),Comedy|Drama,Bernie,Comedy Drama,1.75,2.0
87430,Green Lantern (2011),Action|Adventure|Sci-Fi,Green Lantern,Action Adventure Sci-Fi,2.35,10.0
87444,Elektra Luxx (2010),Comedy,Elektra Luxx,Comedy,2.5,2.0
87483,Mr. Popper's Penguins (2011),Comedy,Mr. Popper's Penguins,Comedy,2.7,5.0
87485,Bad Teacher (2011),Comedy,Bad Teacher,Comedy,2.888888888888889,9.0
87520,Transformers: Dark of the Moon (2011),Action|Adventure|Sci-Fi|War|IMAX,Transformers: Dark of the Moon,Action Adventure Sci-Fi War IMAX,2.3636363636363638,11.0
87522,Larry Crowne (2011),Comedy|Drama|Romance,Larry Crowne,Comedy Drama Romance,2.75,2.0
87529,Your Highness (2011),Action|Adventure|Comedy|Fantasy,Your Highness,Action Adventure Comedy Fantasy,3.111111111111111,9.0
87660,Too Big to Fail (2011),Drama,Too Big to Fail,Drama,4.5,1.0
87785,Takers (2010),Action|Crime|Thriller,Takers,Action Crime Thriller,2.75,2.0
87834,My Life as McDull (Mak dau goo si) (2001),Animation|Comedy|Drama,My Life as McDull (Mak dau goo si),Animation Comedy Drama,5.0,1.0
87867,Zookeeper (2011),Comedy,Zookeeper,Comedy,2.75,4.0
87869,Horrible Bosses (2011),Comedy|Crime,Horrible Bosses,Comedy Crime,3.4375,24.0
87876,Cars 2 (2011),Adventure|Animation|Children|Comedy|IMAX,Cars 2,Adventure Animation Children Comedy IMAX,3.1666666666666665,3.0
87960,Between the Folds (2008),Documentary,Between the Folds,Documentary,3.0,1.0
88069,Delhi Belly (2011),Comedy|Crime,Delhi Belly,Comedy Crime,4.0,1.0
88094,Upside Down: The Creation Records Story (2010),Documentary,Upside Down: The Creation Records Story,Documentary,3.0,1.0
88108,Monte Carlo (2011),Adventure|Comedy|Romance,Monte Carlo,Adventure Comedy Romance,3.0,1.0
88125,Harry Potter and the Deathly Hallows: Part 2 (2011),Action|Adventure|Drama|Fantasy|Mystery|IMAX,Harry Potter and the Deathly Hallows: Part 2,Action Adventure Drama Fantasy Mystery IMAX,3.91,50.0
88129,Drive (2011),Crime|Drama|Film-Noir|Thriller,Drive,Crime Drama Film-Noir Thriller,3.765625,32.0
88140,Captain America: The First Avenger (2011),Action|Adventure|Sci-Fi|Thriller|War,Captain America: The First Avenger,Action Adventure Sci-Fi Thriller War,3.546875,32.0
88163,"Crazy, Stupid, Love. (2011)",Comedy|Drama|Romance,"Crazy, Stupid, Love.",Comedy Drama Romance,3.9838709677419355,31.0
88179,One Day (2011),Drama|Romance,One Day,Drama Romance,3.5,1.0
88235,"Guard, The (2011)",Comedy|Crime,"Guard, The",Comedy Crime,3.625,4.0
88267,Winnie the Pooh (2011),Animation|Children|Comedy,Winnie the Pooh,Animation Children Comedy,3.0,1.0
88272,"Woman, The (2011)",Horror,"Woman, The",Horror,3.5,2.0
88327,"New One-Armed Swordsman, The (Xin du bi dao) (1971)",Action|Drama|War,"New One-Armed Swordsman, The (Xin du bi dao)",Action Drama War,3.0,1.0
88345,Mike's New Car (2002),Animation|Comedy,Mike's New Car,Animation Comedy,4.0,1.0
88356,"Smurfs, The (2011)",Animation|Children|Comedy,"Smurfs, The",Animation Children Comedy,1.875,4.0
88405,Friends with Benefits (2011),Comedy|Romance,Friends with Benefits,Comedy Romance,3.05,20.0
88448,Paper Birds (Pájaros de papel) (2010),Comedy|Drama,Paper Birds (Pájaros de papel),Comedy Drama,5.0,1.0
88515,Blitz (2011),Action|Crime|Thriller,Blitz,Action Crime Thriller,3.0,1.0
88593,"Yellow Sea, The (a.k.a. The Murderer) (Hwanghae) (2010)",Crime|Drama|Thriller,"Yellow Sea, The (a.k.a. The Murderer) (Hwanghae)",Crime Drama Thriller,2.5,1.0
88672,Our Idiot Brother (2011),Comedy,Our Idiot Brother,Comedy,3.25,2.0
88697,SUBWAYStories: Tales from the Underground (1997),Drama,SUBWAYStories: Tales from the Underground,Drama,2.5,1.0
88699,Death Race 2 (2010),Action|Sci-Fi|Thriller,Death Race 2,Action Sci-Fi Thriller,3.5,2.0
88744,Rise of the Planet of the Apes (2011),Action|Drama|Sci-Fi|Thriller,Rise of the Planet of the Apes,Action Drama Sci-Fi Thriller,3.462962962962963,27.0
88746,Terri (2011),Comedy,Terri,Comedy,3.5,2.0
88785,"Change-Up, The (2011)",Comedy,"Change-Up, The",Comedy,2.85,10.0
88810,"Help, The (2011)",Drama,"Help, The",Drama,3.8333333333333335,21.0
88812,30 Minutes or Less (2011),Action|Comedy|Crime,30 Minutes or Less,Action Comedy Crime,2.6666666666666665,6.0
88911,My Afternoons with Margueritte (La tête en friche) (2010),Comedy,My Afternoons with Margueritte (La tête en friche),Comedy,3.0,1.0
88932,Final Destination 5 (2011),Horror|Thriller|IMAX,Final Destination 5,Horror Thriller IMAX,4.5,1.0
88954,"Very Harold & Kumar 3D Christmas, A (2011)",Comedy,"Very Harold & Kumar 3D Christmas, A",Comedy,3.25,2.0
89028,Don't Be Afraid of the Dark (2010),Horror|Thriller,Don't Be Afraid of the Dark,Horror Thriller,3.0,2.0
89030,Fright Night (2011),Comedy|Horror,Fright Night,Comedy Horror,3.25,2.0
89039,Another Earth (2011),Drama|Romance|Sci-Fi,Another Earth,Drama Romance Sci-Fi,4.5,1.0
89047,Hesher (2010),Drama,Hesher,Drama,4.0,1.0
89072,Stake Land (2010),Horror,Stake Land,Horror,4.0,1.0
89085,"Debt, The (2011)",Drama|Thriller,"Debt, The",Drama Thriller,2.5,1.0
89087,Colombiana (2011),Action|Adventure|Drama|Thriller,Colombiana,Action Adventure Drama Thriller,2.5,6.0
89090,Bill Cunningham New York (2011),Documentary,Bill Cunningham New York,Documentary,4.5,1.0
89118,"Skin I Live In, The (La piel que habito) (2011)",Drama,"Skin I Live In, The (La piel que habito)",Drama,3.0,4.0
89190,Conan the Barbarian (2011),Action|Adventure|Fantasy,Conan the Barbarian,Action Adventure Fantasy,1.75,2.0
89208,Walled In (2009),Horror|Thriller,Walled In,Horror Thriller,3.5,1.0
89281,Birdemic: Shock and Terror (2010),Romance|Thriller,Birdemic: Shock and Terror,Romance Thriller,3.5,1.0
89305,"Inbetweeners Movie, The (2011)",Adventure|Comedy,"Inbetweeners Movie, The",Adventure Comedy,3.6666666666666665,3.0
89343,Red State (2011),Action|Crime|Horror|Thriller,Red State,Action Crime Horror Thriller,3.0,1.0
89386,Pearl Jam Twenty (2011),Documentary|Musical,Pearl Jam Twenty,Documentary Musical,0.5,1.0
89388,I Don't Know How She Does It (2011),Comedy,I Don't Know How She Does It,Comedy,1.5,1.0
89427,Shark Night 3D (2011),Horror|Thriller,Shark Night 3D,Horror Thriller,1.5,1.0
89470,Contagion (2011),Sci-Fi|Thriller|IMAX,Contagion,Sci-Fi Thriller IMAX,3.7083333333333335,12.0
89492,Moneyball (2011),Drama,Moneyball,Drama,3.8846153846153846,26.0
89580,Neds (2010),Drama,Neds,Drama,4.0,1.0
89582,Cold Fish (Tsumetai nettaigyo) (2010),Drama|Thriller,Cold Fish (Tsumetai nettaigyo),Drama Thriller,4.5,2.0
89586,Phineas and Ferb the Movie: Across the 2nd Dimension (2011),Adventure|Animation|Children,Phineas and Ferb the Movie: Across the 2nd Dimension,Adventure Animation Children,3.5,1.0
89678,Northanger Abbey (2007),Drama|Romance,Northanger Abbey,Drama Romance,4.0,1.0
89745,"Avengers, The (2012)",Action|Adventure|Sci-Fi|IMAX,"Avengers, The",Action Adventure Sci-Fi IMAX,3.869565217391304,69.0
89753,Tinker Tailor Soldier Spy (2011),Drama|Film-Noir|Thriller,Tinker Tailor Soldier Spy,Drama Film-Noir Thriller,3.8125,8.0
89759,"Separation, A (Jodaeiye Nader az Simin) (2011)",Drama,"Separation, A (Jodaeiye Nader az Simin)",Drama,4.333333333333333,3.0
89761,"Dangerous Method, A (2011)",Drama|Thriller,"Dangerous Method, A",Drama Thriller,3.0,2.0
89774,Warrior (2011),Drama,Warrior,Drama,3.727272727272727,11.0
89804,"Ides of March, The (2011)",Drama,"Ides of March, The",Drama,3.2222222222222223,9.0
89837,Kill List (2011),Horror|Mystery|Thriller,Kill List,Horror Mystery Thriller,4.5,1.0
89840,Killer Elite (2011),Action|Thriller,Killer Elite,Action Thriller,2.8333333333333335,3.0
89862,Bellflower (2011),Action|Drama|Romance,Bellflower,Action Drama Romance,3.5,1.0
89864,50/50 (2011),Comedy|Drama,50/50,Comedy Drama,3.6315789473684212,19.0
89898,Generation P (2011),Comedy|Drama|Sci-Fi,Generation P,Comedy Drama Sci-Fi,3.5,1.0
89904,The Artist (2011),Comedy|Drama|Romance,The Artist,Comedy Drama Romance,4.045454545454546,11.0
89939,Gigi (1949),Comedy,Gigi,Comedy,3.75,2.0
89945,BlinkyTM (2011),Horror|Sci-Fi,BlinkyTM,Horror Sci-Fi,3.0,1.0
90057,Take Shelter (2011),Drama,Take Shelter,Drama,3.75,2.0
90243,Three Outlaw Samurai (Sanbiki no samurai) (1964),Action|Drama,Three Outlaw Samurai (Sanbiki no samurai),Action Drama,3.5,1.0
90245,Antonio Gaudí (1985),Documentary,Antonio Gaudí,Documentary,4.0,1.0
90249,Real Steel (2011),Action|Drama|Sci-Fi|IMAX,Real Steel,Action Drama Sci-Fi IMAX,3.0,6.0
90343,Footloose (2011),Comedy|Drama|Musical,Footloose,Comedy Drama Musical,2.75,2.0
90345,"Thing, The (2011)",Horror|Mystery|Sci-Fi|Thriller,"Thing, The",Horror Mystery Sci-Fi Thriller,3.5,4.0
90353,Beautiful Boy (2010),Drama,Beautiful Boy,Drama,4.0,1.0
90357,Tyrannosaur (2011),Drama,Tyrannosaur,Drama,3.5,1.0
90374,Martha Marcy May Marlene (2011),Drama|Thriller,Martha Marcy May Marlene,Drama Thriller,3.75,2.0
90376,We Need to Talk About Kevin (2011),Drama|Thriller,We Need to Talk About Kevin,Drama Thriller,3.5,4.0
90384,Behind Enemy Lines II: Axis of Evil (2006),Action|Thriller|War,Behind Enemy Lines II: Axis of Evil,Action Thriller War,2.0,1.0
90403,"Three Musketeers, The (2011)",Action|Adventure,"Three Musketeers, The",Action Adventure,3.1666666666666665,3.0
90405,In Time (2011),Crime|Sci-Fi|Thriller,In Time,Crime Sci-Fi Thriller,3.392857142857143,14.0
90428,Margaret (2011),Drama,Margaret,Drama,3.0,1.0
90430,Carnage (2011),Comedy|Drama,Carnage,Comedy Drama,4.0,4.0
90439,Margin Call (2011),Drama|Thriller,Margin Call,Drama Thriller,3.7857142857142856,7.0
90469,Paranormal Activity 3 (2011),Horror,Paranormal Activity 3,Horror,3.5,2.0
90471,Puncture (2011),Drama,Puncture,Drama,3.0,2.0
90522,Johnny English Reborn (2011),Adventure|Comedy|Thriller,Johnny English Reborn,Adventure Comedy Thriller,3.0,6.0
90524,Abduction (2011),Action|Drama|Mystery|Thriller,Abduction,Action Drama Mystery Thriller,3.5,1.0
90528,This Must Be the Place (2011),Crime|Drama|Thriller,This Must Be the Place,Crime Drama Thriller,3.5,1.0
90531,Shame (2011),Drama,Shame,Drama,3.75,4.0
90576,What's Your Number? (2011),Comedy|Romance,What's Your Number?,Comedy Romance,4.5,1.0
90600,Headhunters (Hodejegerne) (2011),Action|Crime|Thriller,Headhunters (Hodejegerne),Action Crime Thriller,3.6,5.0
90603,Batman: Year One (2011),Action|Animation|Crime,Batman: Year One,Action Animation Crime,3.6666666666666665,3.0
90630,Miss Representation (2011),Documentary,Miss Representation,Documentary,3.5,1.0
90647,Puss in Boots (2011),Adventure|Animation|Comedy|Fantasy|IMAX,Puss in Boots,Adventure Animation Comedy Fantasy IMAX,3.5625,8.0
90717,Tower Heist (2011),Action|Comedy|Crime,Tower Heist,Action Comedy Crime,3.5,4.0
90719,J. Edgar (2011),Drama,J. Edgar,Drama,2.5,1.0
90738,"Double, The (2011)",Action|Crime|Drama|Mystery|Thriller,"Double, The",Action Crime Drama Mystery Thriller,1.5,1.0
90746,"Adventures of Tintin, The (2011)",Action|Animation|Mystery|IMAX,"Adventures of Tintin, The",Action Animation Mystery IMAX,3.5,12.0
90769,Starsuckers (2009),Documentary,Starsuckers,Documentary,4.0,1.0
90809,Tomboy (2011),Drama,Tomboy,Drama,3.0,1.0
90863,George Harrison: Living in the Material World (2011),Documentary,George Harrison: Living in the Material World,Documentary,4.0,1.0
90866,Hugo (2011),Children|Drama|Mystery,Hugo,Children Drama Mystery,3.75,18.0
90888,Immortals (2011),Action|Drama|Fantasy,Immortals,Action Drama Fantasy,2.6666666666666665,3.0
90890,Jack and Jill (2011),Comedy,Jack and Jill,Comedy,2.3,5.0
90943,Into the Abyss (2011),Documentary,Into the Abyss,Documentary,5.0,1.0
90945,"Sign of Four, The (1987)",Adventure|Crime|Drama,"Sign of Four, The",Adventure Crime Drama,3.0,1.0
91077,"Descendants, The (2011)",Comedy|Drama,"Descendants, The",Comedy Drama,4.0,11.0
91079,Like Crazy (2011),Drama|Romance,Like Crazy,Drama Romance,2.5,2.0
91094,"Muppets, The (2011)",Children|Comedy|Musical,"Muppets, The",Children Comedy Musical,2.6,10.0
91104,"Twilight Saga: Breaking Dawn - Part 1, The (2011)",Adventure|Drama|Fantasy|Romance,"Twilight Saga: Breaking Dawn - Part 1, The",Adventure Drama Fantasy Romance,2.2142857142857144,7.0
91126,War Horse (2011),Drama|War,War Horse,Drama War,3.0,3.0
91128,"Rum Diary, The (2011)",Comedy|Drama|Thriller,"Rum Diary, The",Comedy Drama Thriller,3.5833333333333335,6.0
91233,Lifted (2006),Animation|Comedy|Sci-Fi,Lifted,Animation Comedy Sci-Fi,4.0,1.0
91261,Hipsters (Stilyagi) (2008),Drama|Musical|Romance,Hipsters (Stilyagi),Drama Musical Romance,3.5,1.0
91266,Another Cinderella Story (2008),Children|Comedy|Musical|Romance,Another Cinderella Story,Children Comedy Musical Romance,2.5,1.0
91273,Bunraku (2010),Action|Drama|Fantasy,Bunraku,Action Drama Fantasy,1.5,1.0
91323,"Sitter, The (2011)",Comedy,"Sitter, The",Comedy,2.9,5.0
91325,Extremely Loud and Incredibly Close (2011),Drama,Extremely Loud and Incredibly Close,Drama,2.75,2.0
91337,Play the Game (2009),Comedy|Romance,Play the Game,Comedy Romance,4.0,1.0
91353,Asterix in America (a.k.a Asterix Conquers America) (Astérix et les Indiens) (1994),Adventure|Animation|Children|Comedy,Asterix in America (a.k.a Asterix Conquers America) (Astérix et les Indiens),Adventure Animation Children Comedy,3.75,2.0
91355,Asterix and the Vikings (Astérix et les Vikings) (2006),Adventure|Animation|Children|Comedy|Fantasy,Asterix and the Vikings (Astérix et les Vikings),Adventure Animation Children Comedy Fantasy,5.0,1.0
91386,Happy Feet Two (2011),Animation|Children|Comedy|IMAX,Happy Feet Two,Animation Children Comedy IMAX,5.0,1.0
91414,Arthur Christmas (2011),Animation|Children|Comedy|Drama,Arthur Christmas,Animation Children Comedy Drama,0.5,1.0
91470,Violet & Daisy (2011),Action|Drama,Violet & Daisy,Action Drama,3.0,2.0
91483,Bullet to the Head (2012),Action|Crime|Film-Noir,Bullet to the Head,Action Crime Film-Noir,1.5,1.0
91485,"Expendables 2, The (2012)",Action|Adventure,"Expendables 2, The",Action Adventure,3.5,10.0
91488,"Snowman, The (1982)",Animation|Children|Musical,"Snowman, The",Animation Children Musical,3.75,2.0
91500,The Hunger Games (2012),Action|Adventure|Drama|Sci-Fi|Thriller,The Hunger Games,Action Adventure Drama Sci-Fi Thriller,3.435185185185185,54.0
91529,"Dark Knight Rises, The (2012)",Action|Adventure|Crime|IMAX,"Dark Knight Rises, The",Action Adventure Crime IMAX,3.9934210526315788,76.0
91535,"Bourne Legacy, The (2012)",Action|Adventure|Drama|Thriller|IMAX,"Bourne Legacy, The",Action Adventure Drama Thriller IMAX,3.138888888888889,18.0
91542,Sherlock Holmes: A Game of Shadows (2011),Action|Adventure|Comedy|Crime|Mystery|Thriller,Sherlock Holmes: A Game of Shadows,Action Adventure Comedy Crime Mystery Thriller,3.763157894736842,38.0
91571,Coriolanus (2011),Drama|Thriller,Coriolanus,Drama Thriller,2.5,1.0
91622,Young Adult (2011),Comedy|Drama,Young Adult,Comedy Drama,2.25,2.0
91628,New Year's Eve (2011),Comedy|Romance,New Year's Eve,Comedy Romance,2.0,3.0
91630,Mission: Impossible - Ghost Protocol (2011),Action|Adventure|Thriller|IMAX,Mission: Impossible - Ghost Protocol,Action Adventure Thriller IMAX,3.659090909090909,22.0
91653,We Bought a Zoo (2011),Comedy|Drama,We Bought a Zoo,Comedy Drama,3.3,5.0
91658,"Girl with the Dragon Tattoo, The (2011)",Drama|Thriller,"Girl with the Dragon Tattoo, The",Drama Thriller,3.488095238095238,42.0
91660,"Darkest Hour, The (2011)",Action|Horror|Sci-Fi|Thriller,"Darkest Hour, The",Action Horror Sci-Fi Thriller,2.5,2.0
91666,Last Holiday (1950),Comedy|Drama|Romance,Last Holiday,Comedy Drama Romance,4.0,1.0
91671,Alvin and the Chipmunks: Chipwrecked (2011),Animation|Comedy,Alvin and the Chipmunks: Chipwrecked,Animation Comedy,1.0,2.0
91688,Salvation Boulevard (2011),Comedy|Thriller,Salvation Boulevard,Comedy Thriller,1.5,1.0
91690,Friends with Kids (2011),Comedy,Friends with Kids,Comedy,3.6666666666666665,3.0
91784,Girl Walks Into a Bar (2011),Comedy|Drama|Fantasy,Girl Walks Into a Bar,Comedy Drama Fantasy,4.5,1.0
91842,Contraband (2012),Action|Crime|Drama|Thriller,Contraband,Action Crime Drama Thriller,3.0,2.0
91860,"Way South, The (De weg naar het zuiden) (1981)",Documentary,"Way South, The (De weg naar het zuiden)",Documentary,4.0,1.0
91869,Being Elmo: A Puppeteer's Journey (2011),Documentary,Being Elmo: A Puppeteer's Journey,Documentary,3.5,1.0
91873,Joyful Noise (2012),Comedy|Musical,Joyful Noise,Comedy Musical,1.5,1.0
91890,"Iron Lady, The (2011)",Drama,"Iron Lady, The",Drama,3.0,1.0
91935,Albatross (2011),Drama,Albatross,Drama,2.5,1.0
91947,"Revenant, The (2009)",Comedy|Horror,"Revenant, The",Comedy Horror,4.5,1.0
91974,Underworld: Awakening (2012),Action|Fantasy|Horror|IMAX,Underworld: Awakening,Action Fantasy Horror IMAX,3.8,5.0
91976,"Grey, The (2012)",Action|Drama,"Grey, The",Action Drama,2.9166666666666665,6.0
91978,Man on a Ledge (2012),Crime|Thriller,Man on a Ledge,Crime Thriller,3.1666666666666665,3.0
91981,Sacrifice (Zhao shi gu er) (2010),Drama,Sacrifice (Zhao shi gu er),Drama,2.5,1.0
92008,Haywire (2011),Action|Thriller,Haywire,Action Thriller,2.8333333333333335,3.0
92046,Contact High (2009),Comedy,Contact High,Comedy,3.0,1.0
92048,"Whistleblower, The (2010)",Drama|Thriller,"Whistleblower, The",Drama Thriller,3.25,2.0
92094,Einstein and Eddington (2008),Drama,Einstein and Eddington,Drama,3.5,1.0
92192,Apollo 18 (2011),Horror|Sci-Fi|Thriller,Apollo 18,Horror Sci-Fi Thriller,2.0,1.0
92198,Seeking Justice (2011),Action|Drama|Thriller,Seeking Justice,Action Drama Thriller,2.0,1.0
92234,Red Tails (2012),Action|Adventure|Drama|War,Red Tails,Action Adventure Drama War,1.5,1.0
92243,"Flowers of War, The (Jin líng shí san chai) (2011)",Drama|War,"Flowers of War, The (Jin líng shí san chai)",Drama War,4.5,1.0
92259,Intouchables (2011),Comedy|Drama,Intouchables,Comedy Drama,4.108108108108108,37.0
92264,One for the Money (2012),Action|Comedy|Crime,One for the Money,Action Comedy Crime,2.0,2.0
92309,"Innkeepers, The (2011)",Horror|Thriller,"Innkeepers, The",Horror Thriller,2.75,2.0
92348,Puss in Boots (Nagagutsu o haita neko) (1969),Adventure|Animation|Children|Comedy|Fantasy|Romance,Puss in Boots (Nagagutsu o haita neko),Adventure Animation Children Comedy Fantasy Romance,4.0,1.0
92391,Grave Encounters (2011),Horror,Grave Encounters,Horror,3.1666666666666665,3.0
92420,Chronicle (2012),Action|Sci-Fi|Thriller,Chronicle,Action Sci-Fi Thriller,3.375,8.0
92422,"Woman in Black, The (2012)",Drama|Horror|Thriller,"Woman in Black, The",Drama Horror Thriller,3.75,2.0
92427,Woman in Love (Rubbeldiekatz) (2011),Comedy,Woman in Love (Rubbeldiekatz),Comedy,1.0,1.0
92439,"Art of Getting By, The (2011)",Drama|Romance,"Art of Getting By, The",Drama Romance,3.0,2.0
92475,All Watched Over by Machines of Loving Grace (2011),Documentary,All Watched Over by Machines of Loving Grace,Documentary,4.25,2.0
92494,Dylan Moran: Monster (2004),Comedy|Documentary,Dylan Moran: Monster,Comedy Documentary,5.0,1.0
92507,Safe House (2012),Action|Crime|Mystery|Thriller,Safe House,Action Crime Mystery Thriller,3.375,4.0
92509,"Vow, The (2012)",Drama|Romance,"Vow, The",Drama Romance,2.6666666666666665,3.0
92535,Louis C.K.: Live at the Beacon Theater (2011),Comedy,Louis C.K.: Live at the Beacon Theater,Comedy,4.3,10.0
92637,Pitfall (Otoshiana) (1962),Crime|Drama|Fantasy,Pitfall (Otoshiana),Crime Drama Fantasy,3.5,1.0
92643,Monsieur Lazhar (2011),Children|Comedy|Drama,Monsieur Lazhar,Children Comedy Drama,4.5,2.0
92665,"For a Good Time, Call... (2012)",Comedy|Drama|Romance,"For a Good Time, Call...",Comedy Drama Romance,2.5,1.0
92674,Janie Jones (2010),Drama|Musical,Janie Jones,Drama Musical,2.5,1.0
92681,Journey 2: The Mysterious Island (2012),Action|Adventure|Comedy|Sci-Fi|IMAX,Journey 2: The Mysterious Island,Action Adventure Comedy Sci-Fi IMAX,0.5,1.0
92694,Perfect Sense (2011),Drama|Romance|Sci-Fi,Perfect Sense,Drama Romance Sci-Fi,4.25,2.0
92730,Rollo and the Woods Sprite (Rölli ja metsänhenki) (2001),Children|Fantasy,Rollo and the Woods Sprite (Rölli ja metsänhenki),Children Fantasy,2.0,1.0
92760,"Atomic Brain, The (1963)",Horror|Sci-Fi,"Atomic Brain, The",Horror Sci-Fi,3.5,1.0
92938,Ghost Rider: Spirit of Vengeance (2012),Action|Fantasy|Thriller,Ghost Rider: Spirit of Vengeance,Action Fantasy Thriller,1.6,5.0
92954,Prayers for Bobby (2009),Drama,Prayers for Bobby,Drama,3.5,1.0
93006,"Very Potter Musical, A (2009)",Comedy|Musical,"Very Potter Musical, A",Comedy Musical,4.25,2.0
93008,"Very Potter Sequel, A (2010)",Comedy|Musical,"Very Potter Sequel, A",Comedy Musical,5.0,1.0
93022,Miss Nobody (2010),Comedy|Crime,Miss Nobody,Comedy Crime,5.0,1.0
93040,"Civil War, The (1990)",Documentary|War,"Civil War, The",Documentary War,4.0,1.0
93114,Ro.Go.Pa.G. (1963),Comedy|Drama,Ro.Go.Pa.G.,Comedy Drama,3.0,1.0
93134,"Women on the 6th Floor, The (Les Femmes du 6ème Étage) (2010)",Comedy,"Women on the 6th Floor, The (Les Femmes du 6ème Étage)",Comedy,3.5,1.0
93139,Mega Shark vs. Crocosaurus (2010),Action|Adventure|Horror,Mega Shark vs. Crocosaurus,Action Adventure Horror,1.5,1.0
93193,Red Hill (2010),Crime|Thriller|Western,Red Hill,Crime Thriller Western,3.0,1.0
93208,Mickey's The Prince and the Pauper (1990),Animation|Children,Mickey's The Prince and the Pauper,Animation Children,2.0,1.0
93242,Gone (2012),Drama|Thriller,Gone,Drama Thriller,1.5,1.0
93270,Project X (2012),Comedy,Project X,Comedy,2.0625,8.0
93272,Dr. Seuss' The Lorax (2012),Animation|Fantasy|Musical|IMAX,Dr. Seuss' The Lorax,Animation Fantasy Musical IMAX,3.1,5.0
93287,"Big Year, The (2011)",Comedy,"Big Year, The",Comedy,3.75,4.0
93297,Act of Valor (2012),Action|Thriller|War,Act of Valor,Action Thriller War,3.75,2.0
93320,Trailer Park Boys (1999),Comedy|Crime,Trailer Park Boys,Comedy Crime,5.0,1.0
93326,This Means War (2012),Action|Comedy|Romance,This Means War,Action Comedy Romance,2.6363636363636362,11.0
93363,John Carter (2012),Action|Adventure|Sci-Fi|IMAX,John Carter,Action Adventure Sci-Fi IMAX,3.090909090909091,11.0
93443,Goon (2011),Comedy|Drama,Goon,Comedy Drama,3.25,4.0
93502,"Ledge, The (2011)",Drama|Thriller,"Ledge, The",Drama Thriller,2.5,1.0
93510,21 Jump Street (2012),Action|Comedy|Crime,21 Jump Street,Action Comedy Crime,3.8653846153846154,26.0
93512,"Jeff, Who Lives at Home (2012)",Comedy|Drama,"Jeff, Who Lives at Home",Comedy Drama,4.0,1.0
93563,Lockout (2012),Action|Sci-Fi|Thriller,Lockout,Action Sci-Fi Thriller,3.1666666666666665,3.0
93598,"Snowtown (Snowtown Murders, The) (2011)",Crime|Drama|Thriller,"Snowtown (Snowtown Murders, The)",Crime Drama Thriller,2.5,1.0
93610,Space Battleship Yamato (2010),Action|Adventure|Drama,Space Battleship Yamato,Action Adventure Drama,3.0,1.0
93721,Jiro Dreams of Sushi (2011),Documentary,Jiro Dreams of Sushi,Documentary,4.1,5.0
93723,Damsels in Distress (2011),Comedy|Romance,Damsels in Distress,Comedy Romance,2.25,2.0
93740,Salmon Fishing in the Yemen (2011),Comedy|Drama|Romance,Salmon Fishing in the Yemen,Comedy Drama Romance,1.5,1.0
93766,Wrath of the Titans (2012),Action|Adventure|Fantasy|IMAX,Wrath of the Titans,Action Adventure Fantasy IMAX,2.625,4.0
93790,Detachment (2011),Drama,Detachment,Drama,4.0,1.0
93805,Iron Sky (2012),Action|Comedy|Sci-Fi,Iron Sky,Action Comedy Sci-Fi,3.75,2.0
93819,Absentia (2011),Horror,Absentia,Horror,3.5,1.0
93831,American Reunion (American Pie 4) (2012),Comedy,American Reunion (American Pie 4),Comedy,2.625,4.0
93838,The Raid: Redemption (2011),Action|Crime,The Raid: Redemption,Action Crime,4.333333333333333,9.0
93840,"Cabin in the Woods, The (2012)",Comedy|Horror|Sci-Fi|Thriller,"Cabin in the Woods, The",Comedy Horror Sci-Fi Thriller,4.0227272727272725,22.0
93855,God Bless America (2011),Comedy|Drama,God Bless America,Comedy Drama,4.5,1.0
93980,"Three Stooges, The (2012)",Comedy,"Three Stooges, The",Comedy,1.25,2.0
93982,"Raven, The (2012)",Mystery|Thriller,"Raven, The",Mystery Thriller,2.0,1.0
93988,North & South (2004),Drama|Romance,North & South,Drama Romance,4.5,1.0
94011,"Big Bang, The (2011)",Action|Thriller,"Big Bang, The",Action Thriller,1.5,1.0
94015,Mirror Mirror (2012),Adventure|Comedy|Fantasy,Mirror Mirror,Adventure Comedy Fantasy,3.0,4.0
94018,Battleship (2012),Action|Sci-Fi|Thriller|IMAX,Battleship,Action Sci-Fi Thriller IMAX,2.3333333333333335,3.0
94070,"Best Exotic Marigold Hotel, The (2011)",Comedy|Drama,"Best Exotic Marigold Hotel, The",Comedy Drama,3.875,4.0
94122,Comic-Con Episode IV: A Fan's Hope (2011),Documentary,Comic-Con Episode IV: A Fan's Hope,Documentary,2.0,1.0
94130,Bully (2011),Documentary,Bully,Documentary,3.5,2.0
94150,Hysteria (2011),Comedy|Romance,Hysteria,Comedy Romance,4.0,2.0
94160,Dante's Inferno: An Animated Epic (2010),Action|Animation|Fantasy,Dante's Inferno: An Animated Epic,Action Animation Fantasy,3.0,1.0
94262,"Atomic Submarine, The (1959)",Sci-Fi|Thriller,"Atomic Submarine, The",Sci-Fi Thriller,3.0,1.0
94266,"Five-Year Engagement, The (2012)",Comedy|Romance,"Five-Year Engagement, The",Comedy Romance,2.5,4.0
94323,Think Like a Man (2012),Comedy,Think Like a Man,Comedy,2.5,2.0
94325,"Lucky One, The (2012)",Drama,"Lucky One, The",Drama,4.0,1.0
94405,Safe (2012),Action|Crime|Thriller,Safe,Action Crime Thriller,3.5,2.0
94478,Dark Shadows (2012),Comedy|Horror|IMAX,Dark Shadows,Comedy Horror IMAX,2.5,6.0
94494,96 Minutes (2011) ,Drama|Thriller,96 Minutes,Drama Thriller,2.5,1.0
94503,"Decoy Bride, The (2011)",Comedy|Romance,"Decoy Bride, The",Comedy Romance,3.6666666666666665,3.0
94661,Rocket Singh: Salesman of the Year (2009),Comedy|Drama,Rocket Singh: Salesman of the Year,Comedy Drama,4.0,1.0
94677,"Dictator, The (2012)",Comedy,"Dictator, The",Comedy,3.5588235294117645,17.0
94735,Walking with Monsters (2005),Documentary,Walking with Monsters,Documentary,4.0,1.0
94777,Men in Black III (M.III.B.) (M.I.B.³) (2012),Action|Comedy|Sci-Fi|IMAX,Men in Black III (M.III.B.) (M.I.B.³),Action Comedy Sci-Fi IMAX,3.2777777777777777,18.0
94780,Snow White and the Huntsman (2012),Action|Adventure|Drama,Snow White and the Huntsman,Action Adventure Drama,2.8333333333333335,6.0
94799,Sound of My Voice (2011),Drama|Mystery|Sci-Fi,Sound of My Voice,Drama Mystery Sci-Fi,3.5,1.0
94810,Eva (2011),Drama|Fantasy|Sci-Fi,Eva,Drama Fantasy Sci-Fi,5.0,1.0
94833,"Pirates! Band of Misfits, The (2012)",Adventure|Animation|Children|Comedy,"Pirates! Band of Misfits, The",Adventure Animation Children Comedy,3.3333333333333335,3.0
94864,Prometheus (2012),Action|Horror|Sci-Fi|IMAX,Prometheus,Action Horror Sci-Fi IMAX,3.2962962962962963,27.0
94867,"Pact, The (2012)",Horror|Mystery|Thriller,"Pact, The",Horror Mystery Thriller,3.5,1.0
94896,Bernie (2011),Comedy|Crime|Drama,Bernie,Comedy Crime Drama,3.5,2.0
94919,Inhale (2010),Drama|Thriller,Inhale,Drama Thriller,2.5,1.0
94931,Take This Waltz (2011),Drama|Romance,Take This Waltz,Drama Romance,3.5,1.0
94953,Wanderlust (2012),Comedy,Wanderlust,Comedy,3.0,5.0
94959,Moonrise Kingdom (2012),Comedy|Drama|Romance,Moonrise Kingdom,Comedy Drama Romance,3.7758620689655173,29.0
94985,Get the Gringo (2012),Action|Crime|Drama|Thriller,Get the Gringo,Action Crime Drama Thriller,3.8333333333333335,3.0
95004,Superman/Doomsday (2007) ,Action|Animation,Superman/Doomsday,Action Animation,4.0,1.0
95067,"Thousand Words, A (2012)",Comedy|Drama,"Thousand Words, A",Comedy Drama,2.8333333333333335,3.0
95088,Safety Not Guaranteed (2012),Comedy|Drama,Safety Not Guaranteed,Comedy Drama,3.75,6.0
95105,Madagascar 3: Europe's Most Wanted (2012),Adventure|Animation|Children|Comedy|IMAX,Madagascar 3: Europe's Most Wanted,Adventure Animation Children Comedy IMAX,3.388888888888889,9.0
95135,Your Sister's Sister (2011),Comedy|Drama,Your Sister's Sister,Comedy Drama,4.0,1.0
95145,Dragon Ball: The Curse Of The Blood Rubies (Doragon bôru: Shenron no densetsu) (1986),Action|Adventure|Animation|Children,Dragon Ball: The Curse Of The Blood Rubies (Doragon bôru: Shenron no densetsu),Action Adventure Animation Children,3.5,1.0
95147,Dragon Ball: Sleeping Princess in Devil's Castle (Doragon bôru: Majinjô no nemuri hime) (1987),Action|Adventure|Animation|Children,Dragon Ball: Sleeping Princess in Devil's Castle (Doragon bôru: Majinjô no nemuri hime),Action Adventure Animation Children,3.25,2.0
95149,Superman/Batman: Public Enemies (2009),Action|Animation|Fantasy,Superman/Batman: Public Enemies,Action Animation Fantasy,5.0,1.0
95163,Dragon Ball: Mystical Adventure (Doragon bôru: Makafushigi dai bôken) (1988),Action|Adventure|Animation|Children,Dragon Ball: Mystical Adventure (Doragon bôru: Makafushigi dai bôken),Action Adventure Animation Children,3.5,1.0
95165,Dragon Ball Z the Movie: The World's Strongest (a.k.a. Dragon Ball Z: The Strongest Guy in The World) (Doragon bôru Z: Kono yo de ichiban tsuyoi yatsu) (1990),Action|Adventure|Animation|Sci-Fi|Thriller,Dragon Ball Z the Movie: The World's Strongest (a.k.a. Dragon Ball Z: The Strongest Guy in The World) (Doragon bôru Z: Kono yo de ichiban tsuyoi yatsu),Action Adventure Animation Sci-Fi Thriller,4.0,1.0
95167,Brave (2012),Action|Adventure|Animation|Children,Brave,Action Adventure Animation Children,3.466666666666667,30.0
95170,Beauty and the Beast: The Enchanted Christmas (1997),Animation|Children|Fantasy|Musical,Beauty and the Beast: The Enchanted Christmas,Animation Children Fantasy Musical,4.0,1.0
95175,Front of the Class (2008),Drama,Front of the Class,Drama,5.0,1.0
95182,Dragon Ball Z the Movie: The Tree of Might (Doragon bôru Z 3: Chikyû marugoto chô kessen) (1990),Action|Adventure|Animation|Sci-Fi,Dragon Ball Z the Movie: The Tree of Might (Doragon bôru Z 3: Chikyû marugoto chô kessen),Action Adventure Animation Sci-Fi,3.0,2.0
95193,Pocahontas II: Journey to a New World (1998) ,Adventure|Animation|Children,Pocahontas II: Journey to a New World,Adventure Animation Children,2.0,1.0
95199,What to Expect When You're Expecting (2012),Comedy|Drama|Romance,What to Expect When You're Expecting,Comedy Drama Romance,3.0,1.0
95201,To Rome with Love (2012),Comedy,To Rome with Love,Comedy,3.0,1.0
95207,Abraham Lincoln: Vampire Hunter (2012),Action|Fantasy|Horror|Thriller,Abraham Lincoln: Vampire Hunter,Action Fantasy Horror Thriller,2.75,6.0
95218,First Position (2011),Documentary,First Position,Documentary,3.5,1.0
95307,Rock of Ages (2012),Comedy|Drama|Musical|IMAX,Rock of Ages,Comedy Drama Musical IMAX,2.75,4.0
95309,Seeking a Friend for the End of the World (2012),Comedy|Drama|Romance,Seeking a Friend for the End of the World,Comedy Drama Romance,4.166666666666667,3.0
95311,Presto (2008),Animation|Children|Comedy|Fantasy,Presto,Animation Children Comedy Fantasy,5.0,1.0
95313,Jack-Jack Attack (2005),Adventure|Animation|Children|Comedy,Jack-Jack Attack,Adventure Animation Children Comedy,4.5,1.0
95377,One Man Band (2005),Animation|Comedy|Musical,One Man Band,Animation Comedy Musical,3.8333333333333335,3.0
95441,Ted (2012),Comedy|Fantasy,Ted,Comedy Fantasy,3.2857142857142856,21.0
95449,Magic Mike (2012),Drama|Romance,Magic Mike,Drama Romance,2.7,5.0
95473,Dragon Ball Z: The Return of Cooler (Doragon bôru Z 6: Gekitotsu! Hyakuoku pawâ no senshi) (1992),Action|Adventure|Animation,Dragon Ball Z: The Return of Cooler (Doragon bôru Z 6: Gekitotsu! Hyakuoku pawâ no senshi),Action Adventure Animation,4.0,1.0
95475,Dragon Ball Z: Cooler's Revenge (Doragon bôru Z 5: Tobikkiri no saikyô tai saikyô) (1991),Action|Adventure|Animation,Dragon Ball Z: Cooler's Revenge (Doragon bôru Z 5: Tobikkiri no saikyô tai saikyô),Action Adventure Animation,4.0,2.0
95497,Dragon Ball Z: Super Android 13! (Doragon bôru Z 7: Kyokugen batoru!! San dai sûpâ saiyajin) (1992),Action|Adventure|Animation,Dragon Ball Z: Super Android 13! (Doragon bôru Z 7: Kyokugen batoru!! San dai sûpâ saiyajin),Action Adventure Animation,3.75,2.0
95499,Dragon Ball Z: Broly - The Legendary Super Saiyan (Doragon bôru Z 8: Moetsukiro!! Nessen retsusen-chô gekisen) (1993),Action|Adventure|Animation,Dragon Ball Z: Broly - The Legendary Super Saiyan (Doragon bôru Z 8: Moetsukiro!! Nessen retsusen-chô gekisen),Action Adventure Animation,4.0,1.0
95508,Cleanskin (2012),Crime|Drama|Thriller,Cleanskin,Crime Drama Thriller,3.5,1.0
95510,"Amazing Spider-Man, The (2012)",Action|Adventure|Sci-Fi|IMAX,"Amazing Spider-Man, The",Action Adventure Sci-Fi IMAX,3.25,30.0
95519,Dragon Ball Z: Bojack Unbound (Doragon bôru Z 9: Ginga girigiri!! Butchigiri no sugoi yatsu) (1993),Action|Adventure|Animation|Fantasy,Dragon Ball Z: Bojack Unbound (Doragon bôru Z 9: Ginga girigiri!! Butchigiri no sugoi yatsu),Action Adventure Animation Fantasy,4.0,1.0
95543,Ice Age 4: Continental Drift (2012),Adventure|Animation|Comedy,Ice Age 4: Continental Drift,Adventure Animation Comedy,2.9166666666666665,6.0
95558,Beasts of the Southern Wild (2012),Drama|Fantasy,Beasts of the Southern Wild,Drama Fantasy,3.357142857142857,7.0
95583,Savages (2012),Crime|Drama|Thriller,Savages,Crime Drama Thriller,2.75,2.0
95624,"Firm, The (2009)",Drama,"Firm, The",Drama,3.0,1.0
95633,Spirit Camp (2009),Horror,Spirit Camp,Horror,4.5,1.0
95654,Geri's Game (1997),Animation|Children,Geri's Game,Animation Children,4.166666666666667,3.0
95690,Some Guy Who Kills People (2011),Comedy|Thriller,Some Guy Who Kills People,Comedy Thriller,4.5,1.0
95717,Treasure Island (2012),Adventure,Treasure Island,Adventure,2.0,1.0
95720,"Watch, The (2012)",Comedy|Sci-Fi,"Watch, The",Comedy Sci-Fi,3.0,9.0
95738,"Adventures of Mary-Kate and Ashley, The: The Case of the Christmas Caper (1995)",Children|Musical|Mystery,"Adventures of Mary-Kate and Ashley, The: The Case of the Christmas Caper",Children Musical Mystery,3.0,1.0
95744,2 Days in New York (2012),Comedy,2 Days in New York,Comedy,2.5,1.0
95761,Killer Joe (2011),Crime|Thriller,Killer Joe,Crime Thriller,4.5,1.0
95771,Dragon Ball Z: Broly Second Coming (Doragon bôru Z 10: Kiken na futari! Sûpâ senshi wa nemurenai) (1994),Action|Adventure|Animation,Dragon Ball Z: Broly Second Coming (Doragon bôru Z 10: Kiken na futari! Sûpâ senshi wa nemurenai),Action Adventure Animation,4.0,1.0
95780,Dragon Ball Z: Bio-Broly (Doragon bôru Z 11: Sûpâ senshi gekiha! Katsu no wa ore da) (1994),Action|Adventure|Animation,Dragon Ball Z: Bio-Broly (Doragon bôru Z 11: Sûpâ senshi gekiha! Katsu no wa ore da),Action Adventure Animation,4.0,1.0
95796,Anaconda: The Offspring (2008),Action|Horror|Sci-Fi|Thriller,Anaconda: The Offspring,Action Horror Sci-Fi Thriller,0.5,1.0
95839,"Christmas Carol, A (1999)",Drama|Fantasy,"Christmas Carol, A",Drama Fantasy,3.0,1.0
95843,Goodbye Charlie (1964),Comedy|Fantasy|Romance,Goodbye Charlie,Comedy Fantasy Romance,5.0,1.0
95858,For the Birds (2000),Animation|Children|Comedy,For the Birds,Animation Children Comedy,3.9,5.0
95873,Ruby Sparks (2012),Comedy|Fantasy|Romance,Ruby Sparks,Comedy Fantasy Romance,3.5,4.0
95875,Total Recall (2012),Action|Sci-Fi|Thriller,Total Recall,Action Sci-Fi Thriller,3.1875,8.0
95939,"Angels' Share, The (2012)",Comedy|Drama,"Angels' Share, The",Comedy Drama,4.0,1.0
95949,"Immature, The (Immaturi) (2011)",Comedy,"Immature, The (Immaturi)",Comedy,3.5,1.0
95965,Dragon Ball Z: Bardock - The Father of Goku (Doragon bôru Z: Tatta hitori no saishuu kessen - Furiiza ni itonda Z senshi Kakarotto no chichi) (1990),Action|Adventure|Animation,Dragon Ball Z: Bardock - The Father of Goku (Doragon bôru Z: Tatta hitori no saishuu kessen - Furiiza ni itonda Z senshi Kakarotto no chichi),Action Adventure Animation,4.0,1.0
96004,Dragon Ball Z: The History of Trunks (Doragon bôru Z: Zetsubô e no hankô!! Nokosareta chô senshi - Gohan to Torankusu) (1993),Action|Adventure|Animation,Dragon Ball Z: The History of Trunks (Doragon bôru Z: Zetsubô e no hankô!! Nokosareta chô senshi - Gohan to Torankusu),Action Adventure Animation,3.25,2.0
96007,Dragon Ball GT: A Hero's Legacy (Doragon bôru GT: Gokû gaiden! Yûki no akashi wa sû-shin-chû) (1997),Action|Adventure|Animation,Dragon Ball GT: A Hero's Legacy (Doragon bôru GT: Gokû gaiden! Yûki no akashi wa sû-shin-chû),Action Adventure Animation,2.0,1.0
96020,Sidewalls (Medianeras) (2011),Drama,Sidewalls (Medianeras),Drama,3.6666666666666665,3.0
96079,Skyfall (2012),Action|Adventure|Thriller|IMAX,Skyfall,Action Adventure Thriller IMAX,3.81,50.0
96084,Hands Over the City (Le mani sulla città) (1963),Drama,Hands Over the City (Le mani sulla città),Drama,4.5,1.0
96110,"Campaign, The (2012)",Comedy,"Campaign, The",Comedy,3.4444444444444446,9.0
96114,Brake (2012),Crime|Thriller,Brake,Crime Thriller,2.0,1.0
96121,Hope Springs (2012),Comedy|Drama,Hope Springs,Comedy Drama,1.0,1.0
96150,"Queen of Versailles, The (2012)",Documentary,"Queen of Versailles, The",Documentary,2.0,1.0
96281,ParaNorman (2012),Adventure|Animation|Comedy,ParaNorman,Adventure Animation Comedy,3.5,2.0
96283,Diary of a Wimpy Kid: Dog Days (2012),Children|Comedy,Diary of a Wimpy Kid: Dog Days,Children Comedy,3.0,1.0
96373,Broken (2012),Drama,Broken,Drama,4.5,1.0
96411,6 Days to Air: The Making of South Park (2011),Documentary,6 Days to Air: The Making of South Park,Documentary,4.0,1.0
96417,Premium Rush (2012),Action|Thriller,Premium Rush,Action Thriller,3.2,5.0
96430,"Odd Life of Timothy Green, The (2012)",Comedy|Drama|Fantasy,"Odd Life of Timothy Green, The",Comedy Drama Fantasy,5.0,1.0
96432,Lawless (2012),Crime|Drama,Lawless,Crime Drama,3.625,4.0
96448,Piranha 3DD (a.k.a. Piranha DD) (2012),Comedy|Horror,Piranha 3DD (a.k.a. Piranha DD),Comedy Horror,2.1666666666666665,3.0
96471,Prime Suspect 3 (1993),Crime|Drama|Mystery,Prime Suspect 3,Crime Drama Mystery,3.0,1.0
96488,Searching for Sugar Man (2012),Documentary,Searching for Sugar Man,Documentary,4.25,4.0
96518,Prime Suspect 6: The Last Witness (2003),Drama|Thriller,Prime Suspect 6: The Last Witness,Drama Thriller,3.0,1.0
96520,Prime Suspect: The Lost Child (1995),Drama|Mystery,Prime Suspect: The Lost Child,Drama Mystery,2.0,1.0
96530,Conception (2011),Comedy|Romance,Conception,Comedy Romance,2.5,1.0
96563,Paradise Lost 3: Purgatory (2011),Documentary,Paradise Lost 3: Purgatory,Documentary,4.0,1.0
96567,"Words, The (2012)",Drama|Romance,"Words, The",Drama Romance,4.0,1.0
96588,Pitch Perfect (2012),Comedy|Musical,Pitch Perfect,Comedy Musical,3.625,20.0
96606,Samsara (2011),Documentary,Samsara,Documentary,3.8333333333333335,3.0
96608,Runaway Brain (1995) ,Animation|Comedy|Sci-Fi,Runaway Brain,Animation Comedy Sci-Fi,5.0,1.0
96610,Looper (2012),Action|Crime|Sci-Fi,Looper,Action Crime Sci-Fi,3.640625,32.0
96616,That's My Boy (2012),Comedy,That's My Boy,Comedy,2.5,3.0
96655,Robot & Frank (2012),Comedy|Drama|Sci-Fi,Robot & Frank,Comedy Drama Sci-Fi,3.0,3.0
96691,Resident Evil: Retribution (2012),Action|Horror|Sci-Fi|IMAX,Resident Evil: Retribution,Action Horror Sci-Fi IMAX,3.75,2.0
96726,Lola Versus (2012),Comedy|Romance,Lola Versus,Comedy Romance,1.5,1.0
96728,"Master, The (2012)",Drama,"Master, The",Drama,3.9166666666666665,6.0
96737,Dredd (2012),Action|Sci-Fi,Dredd,Action Sci-Fi,3.7142857142857144,14.0
96811,End of Watch (2012),Crime|Drama|Thriller,End of Watch,Crime Drama Thriller,3.9166666666666665,6.0
96815,V/H/S (2012),Horror|Thriller,V/H/S,Horror Thriller,2.75,2.0
96821,"Perks of Being a Wallflower, The (2012)",Drama|Romance,"Perks of Being a Wallflower, The",Drama Romance,3.825,20.0
96829,"Hunt, The (Jagten) (2012)",Drama,"Hunt, The (Jagten)",Drama,4.3,10.0
96832,Holy Motors (2012),Drama|Fantasy|Musical|Mystery|Sci-Fi,Holy Motors,Drama Fantasy Musical Mystery Sci-Fi,5.0,1.0
96861,Taken 2 (2012),Action|Crime|Drama|Thriller,Taken 2,Action Crime Drama Thriller,3.2857142857142856,7.0
96917,House at the End of the Street (2012),Horror|Thriller,House at the End of the Street,Horror Thriller,4.0,1.0
96935,My Left Eye Sees Ghosts (Ngo joh aan gin diy gwai) (2002),Comedy|Fantasy|Romance,My Left Eye Sees Ghosts (Ngo joh aan gin diy gwai),Comedy Fantasy Romance,5.0,1.0
96945,Love Lasts Three Years (L'amour dure trois ans) (2011),Comedy|Drama|Romance,Love Lasts Three Years (L'amour dure trois ans),Comedy Drama Romance,3.5,1.0
96964,"Tall Man, The (2012)",Crime|Drama|Mystery,"Tall Man, The",Crime Drama Mystery,1.5,1.0
96975,LOL (2012),Comedy|Drama|Romance,LOL,Comedy Drama Romance,3.5,1.0
97024,Rust and Bone (De rouille et d'os) (2012),Drama|Romance,Rust and Bone (De rouille et d'os),Drama Romance,0.5,1.0
97168,Marley (2012),Documentary,Marley,Documentary,3.5,2.0
97172,Frankenweenie (2012),Animation|Comedy|Horror|IMAX,Frankenweenie,Animation Comedy Horror IMAX,2.5,2.0
97188,Sinister (2012),Horror|Thriller,Sinister,Horror Thriller,4.0,1.0
97194,"Thing: Terror Takes Shape, The (1998)",Documentary,"Thing: Terror Takes Shape, The",Documentary,1.0,1.0
97225,Hotel Transylvania (2012),Animation|Children|Comedy,Hotel Transylvania,Animation Children Comedy,3.409090909090909,11.0
97230,Side by Side (2012),Documentary,Side by Side,Documentary,3.0,1.0
97285,Take Aim at the Police Van (Sono gosôsha wo nerae: 'Jûsangô taihisen' yori) (1960),Action|Crime|Mystery,Take Aim at the Police Van (Sono gosôsha wo nerae: 'Jûsangô taihisen' yori),Action Crime Mystery,3.5,1.0
97304,Argo (2012),Drama|Thriller,Argo,Drama Thriller,3.982142857142857,28.0
97306,Seven Psychopaths (2012),Comedy|Crime,Seven Psychopaths,Comedy Crime,3.466666666666667,15.0
97328,Liberal Arts (2012),Comedy|Drama,Liberal Arts,Comedy Drama,3.0,1.0
97470,Catch .44 (2011),Action|Drama|Thriller,Catch .44,Action Drama Thriller,1.25,2.0
97643,[REC]³ 3 Génesis (2012),Horror|Thriller,[REC]³ 3 Génesis,Horror Thriller,3.0,2.0
97665,Asterix & Obelix: God Save Britannia (Astérix et Obélix: Au service de Sa Majesté) (2012),Adventure|Comedy,Asterix & Obelix: God Save Britannia (Astérix et Obélix: Au service de Sa Majesté),Adventure Comedy,2.5,1.0
97701,Paranormal Activity 4 (2012),Horror|IMAX,Paranormal Activity 4,Horror IMAX,3.0,1.0
97742,Alex Cross (2012),Action|Crime|Mystery|Thriller,Alex Cross,Action Crime Mystery Thriller,1.5,1.0
97752,Cloud Atlas (2012),Drama|Sci-Fi|IMAX,Cloud Atlas,Drama Sci-Fi IMAX,3.736842105263158,19.0
97757,'Hellboy': The Seeds of Creation (2004),Action|Adventure|Comedy|Documentary|Fantasy,'Hellboy': The Seeds of Creation,Action Adventure Comedy Documentary Fantasy,4.0,1.0
97785,Silent Hill: Revelation 3D (2012),Horror|Mystery|Thriller,Silent Hill: Revelation 3D,Horror Mystery Thriller,3.0,1.0
97836,Here Comes the Boom (2012),Action|Comedy,Here Comes the Boom,Action Comedy,2.5714285714285716,7.0
97858,Mental (2012),Comedy|Drama,Mental,Comedy Drama,2.0,1.0
97860,Killing Them Softly (2012),Crime|Drama|Thriller,Killing Them Softly,Crime Drama Thriller,3.125,4.0
97866,"Imposter, The (2012)",Documentary,"Imposter, The",Documentary,4.75,2.0
97870,"Sessions, The (Surrogate, The) (2012)",Drama,"Sessions, The (Surrogate, The)",Drama,4.0,1.0
97904,Smashed (2012),Comedy|Drama,Smashed,Comedy Drama,4.0,1.0
97913,Wreck-It Ralph (2012),Animation|Comedy,Wreck-It Ralph,Animation Comedy,3.75,22.0
97921,Silver Linings Playbook (2012),Comedy|Drama,Silver Linings Playbook,Comedy Drama,3.716666666666667,30.0
97923,Flight (2012),Drama,Flight,Drama,3.5,9.0
97936,Anna Karenina (2012),Drama,Anna Karenina,Drama,3.0,1.0
97938,Life of Pi (2012),Adventure|Drama|IMAX,Life of Pi,Adventure Drama IMAX,3.629032258064516,31.0
97950,"Man with the Iron Fists, The (2012)",Action|Adventure|Crime,"Man with the Iron Fists, The",Action Adventure Crime,2.5,1.0
97988,"Bay, The (2012)",Horror|Sci-Fi|Thriller,"Bay, The",Horror Sci-Fi Thriller,2.5,1.0
98061,Himizu (2011),Children|Crime|Drama,Himizu,Children Crime Drama,3.5,1.0
98083,Jackass 3.5 (2011),Comedy|Documentary,Jackass 3.5,Comedy Documentary,4.0,2.0
98122,Indie Game: The Movie (2012),Documentary,Indie Game: The Movie,Documentary,3.0,2.0
98124,"Batman: The Dark Knight Returns, Part 1 (2012)",Action|Animation|Sci-Fi,"Batman: The Dark Knight Returns, Part 1",Action Animation Sci-Fi,3.9285714285714284,7.0
98154,Lincoln (2012),Drama|War,Lincoln,Drama War,4.5,4.0
98160,Nature Calls (2012),Comedy,Nature Calls,Comedy,1.5,1.0
98175,Vamps (2012),Comedy|Horror|Romance,Vamps,Comedy Horror Romance,1.5,1.0
98203,"Twilight Saga: Breaking Dawn - Part 2, The (2012)",Adventure|Drama|Fantasy|Romance|IMAX,"Twilight Saga: Breaking Dawn - Part 2, The",Adventure Drama Fantasy Romance IMAX,1.875,4.0
98230,10 Years (2011),Comedy|Drama|Romance,10 Years,Comedy Drama Romance,3.5,1.0
98239,Red Dawn (2012),Action|War,Red Dawn,Action War,2.25,2.0
98243,Rise of the Guardians (2012),Adventure|Animation|Children|Fantasy|IMAX,Rise of the Guardians,Adventure Animation Children Fantasy IMAX,3.7916666666666665,12.0
98279,"Fantastic Fear of Everything, A (2012)",Comedy,"Fantastic Fear of Everything, A",Comedy,4.0,2.0
98296,Deadfall (2012),Crime|Drama|Thriller,Deadfall,Crime Drama Thriller,1.5,1.0
98361,Byzantium (2012),Drama|Fantasy|Thriller,Byzantium,Drama Fantasy Thriller,4.0,1.0
98491,Paperman (2012),Animation|Comedy|Romance,Paperman,Animation Comedy Romance,4.375,8.0
98499,"Fearless Hyena, The (Xiao quan guai zhao) (1979)",Action|Comedy,"Fearless Hyena, The (Xiao quan guai zhao)",Action Comedy,3.0,2.0
98503,Half a Loaf of Kung Fu (Dian zhi gong fu gan chian chan) (1980),Action|Comedy,Half a Loaf of Kung Fu (Dian zhi gong fu gan chian chan),Action Comedy,3.0,1.0
98585,Hitchcock (2012),Drama,Hitchcock,Drama,3.5,5.0
98604,From Up on Poppy Hill (Kokuriko-zaka kara) (2011),Animation|Drama|Romance,From Up on Poppy Hill (Kokuriko-zaka kara),Animation Drama Romance,4.5,1.0
98607,Redline (2009),Action|Animation|Sci-Fi,Redline,Action Animation Sci-Fi,4.5,1.0
98623,Winners and Sinners (Qi mou miao ji: Wu fu xing) (1983),Action|Comedy|Crime,Winners and Sinners (Qi mou miao ji: Wu fu xing),Action Comedy Crime,3.0,2.0
98633,My Lucky Stars (Fuk sing go jiu) (1985),Action|Comedy,My Lucky Stars (Fuk sing go jiu),Action Comedy,3.5,1.0
98697,"Money Money Money (L'aventure, c'est l'aventure) (1972)",Adventure|Comedy,"Money Money Money (L'aventure, c'est l'aventure)",Adventure Comedy,2.5,1.0
98799,"Liar's Autobiography: The Untrue Story of Monty Python's Graham Chapman, A (2012)",Animation|Comedy,"Liar's Autobiography: The Untrue Story of Monty Python's Graham Chapman, A",Animation Comedy,2.5,1.0
98809,"Hobbit: An Unexpected Journey, The (2012)",Adventure|Fantasy|IMAX,"Hobbit: An Unexpected Journey, The",Adventure Fantasy IMAX,3.8125,40.0
98836,Hyde Park on Hudson (2012),Comedy|Drama,Hyde Park on Hudson,Comedy Drama,2.0,1.0
98908,How to Make Love to a Woman (2010),Comedy|Romance,How to Make Love to a Woman,Comedy Romance,1.5,1.0
98961,Zero Dark Thirty (2012),Action|Drama|Thriller,Zero Dark Thirty,Action Drama Thriller,4.107142857142857,14.0
99005,Fire with Fire (2012),Action|Crime|Drama,Fire with Fire,Action Crime Drama,1.5,1.0
99007,Warm Bodies (2013),Comedy|Horror|Romance,Warm Bodies,Comedy Horror Romance,3.5,14.0
99030,Wrong (2012),Comedy|Drama,Wrong,Comedy Drama,4.0,1.0
99087,Playing for Keeps (2012),Comedy|Romance,Playing for Keeps,Comedy Romance,3.0,1.0
99106,"Guilt Trip, The (2012)",Comedy,"Guilt Trip, The",Comedy,2.5,3.0
99112,Jack Reacher (2012),Action|Crime|Thriller,Jack Reacher,Action Crime Thriller,3.4166666666666665,12.0
99114,Django Unchained (2012),Action|Drama|Western,Django Unchained,Action Drama Western,3.943661971830986,71.0
99117,This Is 40 (2012),Drama,This Is 40,Drama,3.125,8.0
99122,I Bought a Vampire Motorcycle (1990),Comedy|Horror,I Bought a Vampire Motorcycle,Comedy Horror,3.5,1.0
99130,Ice Cream Man (1995),Comedy|Horror,Ice Cream Man,Comedy Horror,3.5,1.0
99145,"Impossible, The (Imposible, Lo) (2012)",Drama|Thriller,"Impossible, The (Imposible, Lo)",Drama Thriller,3.6666666666666665,3.0
99149,"Misérables, Les (2012)",Drama|Musical|Romance|IMAX,"Misérables, Les",Drama Musical Romance IMAX,3.5,7.0
99191,Campfire Tales (1997),Horror,Campfire Tales,Horror,4.0,1.0
99415,Parental Guidance (2012),Comedy,Parental Guidance,Comedy,2.0,1.0
99437,John Dies at the End (2012),Comedy|Fantasy|Horror,John Dies at the End,Comedy Fantasy Horror,4.0,2.0
99532,"Misérables, Les (2000)",Drama|Romance,"Misérables, Les",Drama Romance,2.25,2.0
99574,Promised Land (2012),Drama,Promised Land,Drama,3.0,1.0
99636,English Vinglish (2012),Comedy|Drama,English Vinglish,Comedy Drama,5.0,1.0
99638,Fish Story (Fisshu sutôrî) (2009),Comedy,Fish Story (Fisshu sutôrî),Comedy,3.0,1.0
99721,Texas Chainsaw 3D (2013),Horror|Mystery|Thriller,Texas Chainsaw 3D,Horror Mystery Thriller,1.5,1.0
99728,Gangster Squad (2013),Action|Crime|Drama,Gangster Squad,Action Crime Drama,3.3333333333333335,3.0
99750,"Iceman, The (2012)",Crime|Drama|Thriller,"Iceman, The",Crime Drama Thriller,3.5,1.0
99764,It's Such a Beautiful Day (2012),Animation|Comedy|Drama|Fantasy|Sci-Fi,It's Such a Beautiful Day,Animation Comedy Drama Fantasy Sci-Fi,4.25,2.0
99813,"Batman: The Dark Knight Returns, Part 2 (2013)",Action|Animation,"Batman: The Dark Knight Returns, Part 2",Action Animation,3.875,8.0
99846,Everything or Nothing: The Untold Story of 007 (2012),Documentary,Everything or Nothing: The Untold Story of 007,Documentary,3.0,1.0
99853,Codependent Lesbian Space Alien Seeks Same (2011),Comedy|Romance|Sci-Fi,Codependent Lesbian Space Alien Seeks Same,Comedy Romance Sci-Fi,4.0,1.0
99910,"Last Stand, The (2013)",Action|Crime|Thriller,"Last Stand, The",Action Crime Thriller,3.25,2.0
99917,Upstream Color (2013),Romance|Sci-Fi|Thriller,Upstream Color,Romance Sci-Fi Thriller,3.1666666666666665,3.0
99992,Shadow Dancer (2012),Crime|Drama|Thriller,Shadow Dancer,Crime Drama Thriller,3.0,1.0
100044,Human Planet (2011),Documentary,Human Planet,Documentary,4.0,1.0
100068,Comme un chef (2012),Comedy,Comme un chef,Comedy,3.5,1.0
100083,Movie 43 (2013),Comedy,Movie 43,Comedy,3.5,3.0
100106,"Pervert's Guide to Ideology, The (2012)",Documentary,"Pervert's Guide to Ideology, The",Documentary,3.5,1.0
100159,Sightseers (2012),Comedy,Sightseers,Comedy,4.5,1.0
100163,Hansel & Gretel: Witch Hunters (2013),Action|Fantasy|Horror|IMAX,Hansel & Gretel: Witch Hunters,Action Fantasy Horror IMAX,2.9,5.0
100194,Jim Jefferies: Fully Functional (EPIX) (2012),Comedy,Jim Jefferies: Fully Functional (EPIX),Comedy,4.5,1.0
100226,Why Stop Now (2012),Comedy|Drama,Why Stop Now,Comedy Drama,1.5,1.0
100277,Tabu (2012),Drama|Romance,Tabu,Drama Romance,4.0,1.0
100302,Upside Down (2012),Drama|Romance|Sci-Fi,Upside Down,Drama Romance Sci-Fi,3.0,1.0
100304,"Liability, The (2012)",Action|Thriller,"Liability, The",Action Thriller,3.0,1.0
100306,Angst  (1983),Drama|Horror,Angst,Drama Horror,3.5,1.0
100326,Stand Up Guys (2012),Comedy|Crime,Stand Up Guys,Comedy Crime,2.5,1.0
100383,Side Effects (2013),Crime|Drama|Mystery|Thriller,Side Effects,Crime Drama Mystery Thriller,3.9166666666666665,6.0
100390,Identity Thief (2013),Comedy|Crime,Identity Thief,Comedy Crime,2.875,4.0
100397,"ABCs of Death, The (2012)",Horror,"ABCs of Death, The",Horror,3.5,1.0
100487,Beautiful Creatures (2013),Drama|Fantasy|Romance,Beautiful Creatures,Drama Fantasy Romance,2.0,1.0
100498,"Good Day to Die Hard, A (2013)",Action|Crime|Thriller|IMAX,"Good Day to Die Hard, A",Action Crime Thriller IMAX,2.0833333333333335,6.0
100507,21 and Over (2013),Comedy,21 and Over,Comedy,3.625,4.0
100527,Safe Haven (2013),Drama|Mystery|Romance,Safe Haven,Drama Mystery Romance,4.0,1.0
100553,Frozen Planet (2011),Documentary,Frozen Planet,Documentary,4.5,2.0
100556,"Act of Killing, The (2012)",Documentary,"Act of Killing, The",Documentary,5.0,1.0
100579,Universal Soldier: Day of Reckoning (2012),Action|Sci-Fi|Thriller,Universal Soldier: Day of Reckoning,Action Sci-Fi Thriller,4.0,1.0
100611,Escape from Planet Earth (2013),Adventure|Animation|Comedy|Sci-Fi,Escape from Planet Earth,Adventure Animation Comedy Sci-Fi,4.0,2.0
100714,Before Midnight (2013),Drama|Romance,Before Midnight,Drama Romance,3.5,3.0
100737,Snitch (2013),Action|Drama|Thriller,Snitch,Action Drama Thriller,3.5,1.0
100810,Dark Skies (2013),Horror|Sci-Fi|Thriller,Dark Skies,Horror Sci-Fi Thriller,3.0,2.0
100843,Oh Boy (A Coffee in Berlin) (2012),Comedy|Drama,Oh Boy (A Coffee in Berlin),Comedy Drama,3.5,1.0
100882,Journey to the West: Conquering the Demons (Daai wa sai you chi Chui mo chun kei) (2013),Adventure|Comedy|Fantasy|Romance|IMAX,Journey to the West: Conquering the Demons (Daai wa sai you chi Chui mo chun kei),Adventure Comedy Fantasy Romance IMAX,4.75,2.0
100906,Maniac Cop 2 (1990),Action|Horror|Thriller,Maniac Cop 2,Action Horror Thriller,5.0,1.0
101025,Jack the Giant Slayer (2013),Adventure|Fantasy|IMAX,Jack the Giant Slayer,Adventure Fantasy IMAX,2.2,5.0
101070,Wadjda (2012),Drama,Wadjda,Drama,2.5,1.0
101072,"Unintentional Kidnapping of Mrs. Elfriede Ott, The (Die Unabsichtliche Entführung der Frau Elfriede Ott) (2010)",Comedy,"Unintentional Kidnapping of Mrs. Elfriede Ott, The (Die Unabsichtliche Entführung der Frau Elfriede Ott)",Comedy,2.5,1.0
101074,"Legend of Sleepy Hollow, The (1949)",Animation|Comedy|Horror|Musical,"Legend of Sleepy Hollow, The",Animation Comedy Horror Musical,2.0,1.0
101076,G.I. Joe: Retaliation (2013),Action|Adventure|Sci-Fi|Thriller|IMAX,G.I. Joe: Retaliation,Action Adventure Sci-Fi Thriller IMAX,3.0,3.0
101088,Stoker (2013),Drama|Mystery|Thriller,Stoker,Drama Mystery Thriller,3.75,2.0
101112,Oz the Great and Powerful (2013),Action|Adventure|Fantasy|IMAX,Oz the Great and Powerful,Action Adventure Fantasy IMAX,3.0833333333333335,6.0
101142,"Croods, The (2013)",Adventure|Animation|Comedy,"Croods, The",Adventure Animation Comedy,3.7777777777777777,9.0
101283,"Incredible Burt Wonderstone, The (2013)",Comedy,"Incredible Burt Wonderstone, The",Comedy,2.8333333333333335,3.0
101360,"Call, The (2013)",Drama|Thriller,"Call, The",Drama Thriller,1.5,1.0
101362,Olympus Has Fallen (2013),Action|Thriller,Olympus Has Fallen,Action Thriller,2.875,8.0
101415,"First Time, The (2012)",Comedy|Drama|Romance,"First Time, The",Comedy Drama Romance,1.5,2.0
101423,Mezzo Forte (1998),Action|Animation|Comedy,Mezzo Forte,Action Animation Comedy,3.0,1.0
101525,"Place Beyond the Pines, The (2012)",Crime|Drama,"Place Beyond the Pines, The",Crime Drama,3.5,5.0
101529,"Brass Teapot, The (2012)",Comedy|Fantasy|Thriller,"Brass Teapot, The",Comedy Fantasy Thriller,2.0,1.0
101531,Phil Spector (2013),Drama,Phil Spector,Drama,2.0,1.0
101577,"Host, The (2013)",Action|Adventure|Romance,"Host, The",Action Adventure Romance,2.5,4.0
101612,Admission (2013),Comedy|Romance,Admission,Comedy Romance,3.0,4.0
101739,Evil Dead (2013),Horror,Evil Dead,Horror,3.25,2.0
101741,Trance (2013),Crime|Thriller,Trance,Crime Thriller,3.75,2.0
101765,"Perfect Plan, A (Plan parfait, Un) (2012)",Adventure|Comedy|Romance,"Perfect Plan, A (Plan parfait, Un)",Adventure Comedy Romance,4.25,2.0
101864,Oblivion (2013),Action|Adventure|Sci-Fi|IMAX,Oblivion,Action Adventure Sci-Fi IMAX,3.3,20.0
101884,Dark Tide (2012),Adventure|Drama|Thriller,Dark Tide,Adventure Drama Thriller,1.5,1.0
101895,42 (2013),Drama,42,Drama,4.0,1.0
101962,Wolf Children (Okami kodomo no ame to yuki) (2012),Animation|Fantasy,Wolf Children (Okami kodomo no ame to yuki),Animation Fantasy,4.0,4.0
101973,Disconnect (2012),Drama|Thriller,Disconnect,Drama Thriller,1.5,1.0
102007,"Invincible Iron Man, The (2007)",Animation,"Invincible Iron Man, The",Animation,3.0,1.0
102025,Yongary: Monster from the Deep (1967),Children|Horror|Sci-Fi,Yongary: Monster from the Deep,Children Horror Sci-Fi,0.5,1.0
102033,Pain & Gain (2013),Action|Comedy|Crime,Pain & Gain,Action Comedy Crime,3.2,5.0
102058,Hulk Vs. (2009),Animation,Hulk Vs.,Animation,3.0,1.0
102066,Resolution (2012),Horror|Thriller,Resolution,Horror Thriller,4.0,1.0
102070,Grabbers (2012),Comedy|Horror|Sci-Fi,Grabbers,Comedy Horror Sci-Fi,3.0,1.0
102084,Justice League: Doom (2012) ,Action|Animation|Fantasy,Justice League: Doom,Action Animation Fantasy,5.0,1.0
102088,"Grandmaster, The (Yi dai zong shi) (2013)",Action|Drama|IMAX,"Grandmaster, The (Yi dai zong shi)",Action Drama IMAX,2.0,1.0
102123,This Is the End (2013),Action|Comedy,This Is the End,Action Comedy,3.2142857142857144,14.0
102125,Iron Man 3 (2013),Action|Sci-Fi|Thriller|IMAX,Iron Man 3,Action Sci-Fi Thriller IMAX,3.5625,32.0
102165,"English Teacher, The (2013)",Comedy|Drama,"English Teacher, The",Comedy Drama,2.0,1.0
102194,Mud (2012),Adventure|Crime|Drama,Mud,Adventure Crime Drama,4.333333333333333,3.0
102217,Bill Hicks: Revelations (1993),Comedy,Bill Hicks: Revelations,Comedy,5.0,1.0
102278,Pawn (2013),Crime|Thriller,Pawn,Crime Thriller,2.0,1.0
102338,Shaolin Temple (Shao Lin si) (1976),Action|Adventure|Drama,Shaolin Temple (Shao Lin si),Action Adventure Drama,4.5,1.0
102378,Syrup (2013),Comedy|Drama,Syrup,Comedy Drama,2.75,2.0
102407,"Great Gatsby, The (2013)",Drama,"Great Gatsby, The",Drama,3.375,20.0
102445,Star Trek Into Darkness (2013),Action|Adventure|Sci-Fi|IMAX,Star Trek Into Darkness,Action Adventure Sci-Fi IMAX,3.685185185185185,27.0
102481,"Internship, The (2013)",Comedy,"Internship, The",Comedy,3.55,10.0
102590,Darkon (2006),Documentary|Fantasy,Darkon,Documentary Fantasy,3.0,1.0
102602,Mimino (1977),Comedy,Mimino,Comedy,4.0,1.0
102666,Ivan Vasilievich: Back to the Future (Ivan Vasilievich menyaet professiyu) (1973),Adventure|Comedy,Ivan Vasilievich: Back to the Future (Ivan Vasilievich menyaet professiyu),Adventure Comedy,4.5,1.0
102684,Only God Forgives (2013),Drama|Thriller,Only God Forgives,Drama Thriller,3.75,2.0
102686,"Hangover Part III, The (2013)",Comedy,"Hangover Part III, The",Comedy,3.375,8.0
102716,"Fast & Furious 6 (Fast and the Furious 6, The) (2013)",Action|Crime|Thriller|IMAX,"Fast & Furious 6 (Fast and the Furious 6, The)",Action Crime Thriller IMAX,3.357142857142857,7.0
102720,Epic (2013),Adventure|Animation|Fantasy,Epic,Adventure Animation Fantasy,3.0,2.0
102735,Captain America (1979),Action|Drama,Captain America,Action Drama,0.5,1.0
102742,Tie Xi Qu: West of the Tracks (Tiexi qu) (2003),Documentary,Tie Xi Qu: West of the Tracks (Tiexi qu),Documentary,4.0,1.0
102747,"Rink, The (1916)",Comedy,"Rink, The",Comedy,3.5,1.0
102749,Captain America II: Death Too Soon (1979),Action|Crime,Captain America II: Death Too Soon,Action Crime,0.5,1.0
102760,Down Terrace (2009),Comedy|Crime|Drama,Down Terrace,Comedy Crime Drama,4.0,1.0
102800,Frances Ha (2012),Comedy|Drama,Frances Ha,Comedy Drama,2.5,1.0
102802,"Lords of Salem, The (2012)",Horror|Thriller,"Lords of Salem, The",Horror Thriller,2.5,1.0
102819,Behind the Candelabra (2013),Drama,Behind the Candelabra,Drama,3.0,1.0
102823,As I Was Moving Ahead Occasionally I Saw Brief Glimpses of Beauty (2000),Documentary,As I Was Moving Ahead Occasionally I Saw Brief Glimpses of Beauty,Documentary,3.5,1.0
102852,With Great Power: The Stan Lee Story (2012),Documentary,With Great Power: The Stan Lee Story,Documentary,3.0,1.0
102880,After Earth (2013),Action|Adventure|Sci-Fi|IMAX,After Earth,Action Adventure Sci-Fi IMAX,1.0,2.0
102903,Now You See Me (2013),Crime|Mystery|Thriller,Now You See Me,Crime Mystery Thriller,3.409090909090909,22.0
102984,Inhuman Resources (Redd Inc.) (2012),Horror|Thriller,Inhuman Resources (Redd Inc.),Horror Thriller,4.5,1.0
102993,"Way, Way Back, The (2013)",Comedy|Drama,"Way, Way Back, The",Comedy Drama,3.125,4.0
103027,Much Ado About Nothing (2012),Comedy|Drama|Romance,Much Ado About Nothing,Comedy Drama Romance,3.0,1.0
103042,Man of Steel (2013),Action|Adventure|Fantasy|Sci-Fi|IMAX,Man of Steel,Action Adventure Fantasy Sci-Fi IMAX,3.2954545454545454,22.0
103048,"Kings of Summer, The (2013)",Comedy,"Kings of Summer, The",Comedy,3.5,2.0
103075,"Purge, The (2013)",Crime|Horror|Thriller,"Purge, The",Crime Horror Thriller,3.25,4.0
103085,Rapture-Palooza (2013),Comedy|Fantasy,Rapture-Palooza,Comedy Fantasy,3.0,1.0
103107,20 Feet from Stardom (Twenty Feet from Stardom) (2013),Documentary,20 Feet from Stardom (Twenty Feet from Stardom),Documentary,4.25,2.0
103137,"Bling Ring, The (2013)",Crime|Drama,"Bling Ring, The",Crime Drama,2.0,2.0
103141,Monsters University (2013),Adventure|Animation|Comedy,Monsters University,Adventure Animation Comedy,3.875,16.0
103171,Schlussmacher (2013),Comedy,Schlussmacher,Comedy,1.0,1.0
103210,Fullmetal Alchemist: The Sacred Star of Milos (2011),Action|Adventure|Animation,Fullmetal Alchemist: The Sacred Star of Milos,Action Adventure Animation,2.0,1.0
103219,Maniac (2012),Horror|Thriller,Maniac,Horror Thriller,3.5,1.0
103221,Not Suitable for Children (2012),Comedy|Romance,Not Suitable for Children,Comedy Romance,2.5,1.0
103228,Pacific Rim (2013),Action|Adventure|Sci-Fi|IMAX,Pacific Rim,Action Adventure Sci-Fi IMAX,3.607142857142857,14.0
103233,LEGO Batman: The Movie - DC Heroes Unite (2013),Action|Adventure|Animation,LEGO Batman: The Movie - DC Heroes Unite,Action Adventure Animation,3.0,1.0
103235,"Best Offer, The (Migliore offerta, La) (2013)",Thriller,"Best Offer, The (Migliore offerta, La)",Thriller,4.0,5.0
103245,Adam and Eve (National Lampoon's Adam & Eve) (2005),Comedy|Drama|Romance,Adam and Eve (National Lampoon's Adam & Eve),Comedy Drama Romance,2.5,1.0
103249,World War Z (2013),Action|Drama|Horror|IMAX,World War Z,Action Drama Horror IMAX,3.026315789473684,19.0
103253,Elysium (2013),Action|Drama|Sci-Fi|IMAX,Elysium,Action Drama Sci-Fi IMAX,3.3125,16.0
103335,Despicable Me 2 (2013),Animation|Children|Comedy|IMAX,Despicable Me 2,Animation Children Comedy IMAX,3.5789473684210527,19.0
103339,White House Down (2013),Action|Drama|Thriller|IMAX,White House Down,Action Drama Thriller IMAX,2.9166666666666665,6.0
103341,"World's End, The (2013)",Action|Comedy|Sci-Fi,"World's End, The",Action Comedy Sci-Fi,3.4166666666666665,18.0
103366,Redemption (Hummingbird) (2013),Action|Crime|Thriller,Redemption (Hummingbird),Action Crime Thriller,2.0,1.0
103372,"Heat, The (2013)",Action|Comedy|Crime,"Heat, The",Action Comedy Crime,3.4166666666666665,6.0
103384,"Lone Ranger, The (2013)",Action|Adventure|Western|IMAX,"Lone Ranger, The",Action Adventure Western IMAX,2.7857142857142856,7.0
103449,Passion (2012),Crime|Drama|Mystery|Thriller,Passion,Crime Drama Mystery Thriller,1.0,1.0
103483,V/H/S/2 (2013),Horror|Thriller,V/H/S/2,Horror Thriller,4.5,1.0
103502,"Knot, The (2012)",Comedy|Romance,"Knot, The",Comedy Romance,1.5,1.0
103539,The Spectacular Now (2013),Comedy|Drama|Romance,The Spectacular Now,Comedy Drama Romance,3.25,2.0
103543,"Lifeguard, The (2013)",Comedy|Drama,"Lifeguard, The",Comedy Drama,3.5,2.0
103596,Sharknado (2013),Sci-Fi,Sharknado,Sci-Fi,1.875,4.0
103602,Craig Ferguson: I'm Here To Help (2013),Comedy|Documentary,Craig Ferguson: I'm Here To Help,Comedy Documentary,5.0,1.0
103606,Stuck in Love (2012),Comedy|Drama|Romance,Stuck in Love,Comedy Drama Romance,4.0,1.0
103609,Class Act (1992),Comedy,Class Act,Comedy,1.5,1.0
103624,Fruitvale Station (2013),Drama,Fruitvale Station,Drama,4.0,2.0
103655,R.I.P.D. (2013),Action|Comedy|Fantasy,R.I.P.D.,Action Comedy Fantasy,1.8333333333333333,3.0
103685,"Field in England, A (2013)",Drama|Fantasy|Thriller|War,"Field in England, A",Drama Fantasy Thriller War,4.5,1.0
103688,"Conjuring, The (2013)",Horror|Thriller,"Conjuring, The",Horror Thriller,4.214285714285714,7.0
103755,Turbo (2013),Adventure|Animation|Children|Comedy|Fantasy,Turbo,Adventure Animation Children Comedy Fantasy,2.5,1.0
103772,"Wolverine, The (2013)",Action|Adventure|Fantasy|Sci-Fi,"Wolverine, The",Action Adventure Fantasy Sci-Fi,3.375,16.0
103801,Drinking Buddies (2013),Comedy|Drama|Romance,Drinking Buddies,Comedy Drama Romance,2.3333333333333335,3.0
103810,Red 2 (2013),Action|Comedy|Crime|Thriller,Red 2,Action Comedy Crime Thriller,3.2,5.0
103819,Coffee Town (2013),Comedy,Coffee Town,Comedy,2.25,2.0
103865,Revenge for Jolly! (2012),Comedy|Drama,Revenge for Jolly!,Comedy Drama,2.0,1.0
103883,2 Guns (2013),Action|Comedy|Crime,2 Guns,Action Comedy Crime,4.0,3.0
103980,Blue Jasmine (2013),Drama,Blue Jasmine,Drama,3.375,4.0
103984,"Great Beauty, The (Grande Bellezza, La) (2013)",Comedy|Drama,"Great Beauty, The (Grande Bellezza, La)",Comedy Drama,3.5,3.0
104017,3 dev adam (Three Giant Men) (1973) ,Action|Adventure|Sci-Fi,3 dev adam (Three Giant Men),Action Adventure Sci-Fi,0.5,1.0
104069,Louis C.K.: Oh My God (2013),Comedy,Louis C.K.: Oh My God,Comedy,4.125,4.0
104074,Percy Jackson: Sea of Monsters (2013),Adventure|Children|Fantasy,Percy Jackson: Sea of Monsters,Adventure Children Fantasy,1.75,2.0
104076,"Smurfs 2, The (2013)",Animation|Children|Comedy,"Smurfs 2, The",Animation Children Comedy,1.875,4.0
104078,Alan Partridge: Alpha Papa (2013),Comedy,Alan Partridge: Alpha Papa,Comedy,4.0,1.0
104129,Man of Tai Chi (2013),Action|IMAX,Man of Tai Chi,Action IMAX,3.25,2.0
104141,Batman: Mystery of the Batwoman (2003),Action|Animation|Children|Crime,Batman: Mystery of the Batwoman,Action Animation Children Crime,3.0,1.0
104211,We're the Millers (2013),Comedy|Crime,We're the Millers,Comedy Crime,3.738095238095238,21.0
104218,Grown Ups 2 (2013),Comedy,Grown Ups 2,Comedy,3.4,5.0
104241,Kick-Ass 2 (2013),Action|Comedy|Crime,Kick-Ass 2,Action Comedy Crime,3.4545454545454546,11.0
104243,Riddick (2013),Action|Sci-Fi|Thriller|IMAX,Riddick,Action Sci-Fi Thriller IMAX,3.3,5.0
104245,Planes (2013),Adventure|Animation|Comedy,Planes,Adventure Animation Comedy,3.0,2.0
104272,Blackfish (2013),Documentary,Blackfish,Documentary,3.0,2.0
104283,"Wind Rises, The (Kaze tachinu) (2013)",Animation|Drama|Romance,"Wind Rises, The (Kaze tachinu)",Animation Drama Romance,4.0,3.0
104303,Jobs (2013),Drama,Jobs,Drama,2.5,3.0
104337,Lee Daniels' The Butler (2013),Drama,Lee Daniels' The Butler,Drama,1.5,1.0
104339,In a World... (2013),Comedy,In a World...,Comedy,4.0,2.0
104374,About Time (2013),Drama|Fantasy|Romance,About Time,Drama Fantasy Romance,3.933333333333333,15.0
104419,Justice League: Crisis on Two Earths (2010),Action|Animation|Sci-Fi,Justice League: Crisis on Two Earths,Action Animation Sci-Fi,3.25,2.0
104457,You're Next (2011),Horror|Thriller,You're Next,Horror Thriller,3.75,2.0
104644,Maria Bamford: The Special Special Special! (2012),Comedy,Maria Bamford: The Special Special Special!,Comedy,0.5,1.0
104760,Getaway (2013),Action|Crime,Getaway,Action Crime,1.0,1.0
104780,"Mystery of the Third Planet, The (Tayna tretey planety) (1981)",Adventure|Animation|Sci-Fi,"Mystery of the Third Planet, The (Tayna tretey planety)",Adventure Animation Sci-Fi,5.0,1.0
104837,Rage of Honor (1987),Action|Crime,Rage of Honor,Action Crime,2.0,1.0
104841,Gravity (2013),Action|Sci-Fi|IMAX,Gravity,Action Sci-Fi IMAX,3.578125,32.0
104863,What If (2013),Comedy|Drama|Romance,What If,Comedy Drama Romance,2.6666666666666665,3.0
104875,"History of Future Folk, The (2012)",Adventure|Comedy|Musical|Sci-Fi,"History of Future Folk, The",Adventure Comedy Musical Sci-Fi,4.0,2.0
104879,Prisoners (2013),Drama|Mystery|Thriller,Prisoners,Drama Mystery Thriller,4.15625,16.0
104906,Austenland (2013),Comedy|Romance,Austenland,Comedy Romance,3.1666666666666665,3.0
104908,Insidious: Chapter 2 (2013),Horror|Thriller,Insidious: Chapter 2,Horror Thriller,3.0,2.0
104913,Rush (2013),Action|Drama,Rush,Action Drama,3.8181818181818183,11.0
104925,"Family, The (2013)",Action|Comedy|Crime,"Family, The",Action Comedy Crime,3.5,3.0
104944,Short Term 12 (2013),Drama,Short Term 12,Drama,3.75,2.0
105020,Collision Course (1989),Action|Comedy|Thriller,Collision Course,Action Comedy Thriller,1.5,1.0
105037,"To Do List, The (2013)",Comedy,"To Do List, The",Comedy,2.5,4.0
105121,Inescapable (2012),Action|Drama|War,Inescapable,Action Drama War,1.0,1.0
105197,Nebraska (2013),Adventure|Drama,Nebraska,Adventure Drama,4.125,4.0
105211,Enough Said (2013),Comedy|Drama|Romance,Enough Said,Comedy Drama Romance,3.0,2.0
105213,Don Jon (2013),Comedy|Drama|Romance,Don Jon,Comedy Drama Romance,3.125,8.0
105246,Mood Indigo (L'écume des jours) (2013),Drama|Fantasy,Mood Indigo (L'écume des jours),Drama Fantasy,3.5,1.0
105250,"Century of the Self, The (2002)",Documentary,"Century of the Self, The",Documentary,3.75,2.0
105254,Crystal Fairy & the Magical Cactus and 2012 (2013),Adventure|Comedy,Crystal Fairy & the Magical Cactus and 2012,Adventure Comedy,3.5,2.0
105325,Bad Milo (Bad Milo!) (2013),Comedy|Horror,Bad Milo (Bad Milo!),Comedy Horror,1.0,1.0
105351,Runner Runner (2013),Crime|Drama|Thriller,Runner Runner,Crime Drama Thriller,2.25,2.0
105355,Blue Is the Warmest Color (La vie d'Adèle) (2013),Drama|Romance,Blue Is the Warmest Color (La vie d'Adèle),Drama Romance,3.25,2.0
105468,Cloudy with a Chance of Meatballs 2 (2013),Animation|Children|Comedy|Fantasy,Cloudy with a Chance of Meatballs 2,Animation Children Comedy Fantasy,2.25,2.0
105504,Captain Phillips (2013),Adventure|Drama|Thriller|IMAX,Captain Phillips,Adventure Drama Thriller IMAX,4.0476190476190474,21.0
105540,"All Dogs Christmas Carol, An (1998)",Animation|Children|Comedy|Musical,"All Dogs Christmas Carol, An",Animation Children Comedy Musical,4.5,1.0
105585,Machete Kills (Machete 2) (2013),Action|Crime|Thriller,Machete Kills (Machete 2),Action Crime Thriller,4.0,2.0
105593,Filth (2013),Comedy|Crime|Drama,Filth,Comedy Crime Drama,4.5,2.0
105653,Escape Plan (2013),Action|Mystery|Thriller,Escape Plan,Action Mystery Thriller,4.0,4.0
105720,"Thief of Paris, The (Le voleur) (1967)",Comedy|Crime|Drama,"Thief of Paris, The (Le voleur)",Comedy Crime Drama,3.0,1.0
105731,Carrie (2013),Drama|Horror,Carrie,Drama Horror,2.5,2.0
105746,UnHung Hero (2013),Documentary,UnHung Hero,Documentary,4.5,1.0
105755,"Counselor, The (2013)",Crime|Drama|Thriller,"Counselor, The",Crime Drama Thriller,1.5,1.0
105801,Escape From Tomorrow (2013),Drama|Fantasy|Horror,Escape From Tomorrow,Drama Fantasy Horror,3.0,1.0
105835,"Double, The (2013)",Comedy|Drama|Thriller,"Double, The",Comedy Drama Thriller,4.0,1.0
105844,12 Years a Slave (2013),Drama,12 Years a Slave,Drama,3.625,16.0
105954,All Is Lost (2013),Action|Adventure|Drama,All Is Lost,Action Adventure Drama,3.625,4.0
106002,Ender's Game (2013),Action|Adventure|Sci-Fi|IMAX,Ender's Game,Action Adventure Sci-Fi IMAX,3.4375,16.0
106062,Jackass Presents: Bad Grandpa (2013),Comedy,Jackass Presents: Bad Grandpa,Comedy,3.25,2.0
106072,Thor: The Dark World (2013),Action|Adventure|Fantasy|IMAX,Thor: The Dark World,Action Adventure Fantasy IMAX,3.3095238095238093,21.0
106100,Dallas Buyers Club (2013),Drama,Dallas Buyers Club,Drama,3.9705882352941178,17.0
106144,"Selfish Giant, The (2013)",Drama,"Selfish Giant, The",Drama,3.5,1.0
106330,Last Vegas (2013),Comedy|Drama|Romance,Last Vegas,Comedy Drama Romance,2.0,2.0
106438,Philomena (2013),Comedy|Drama,Philomena,Comedy Drama,3.25,2.0
106441,"Book Thief, The (2013)",Children|Drama|War,"Book Thief, The",Children Drama War,3.0,1.0
106487,The Hunger Games: Catching Fire (2013),Action|Adventure|Sci-Fi|IMAX,The Hunger Games: Catching Fire,Action Adventure Sci-Fi IMAX,3.6346153846153846,26.0
106489,"Hobbit: The Desolation of Smaug, The (2013)",Adventure|Fantasy|IMAX,"Hobbit: The Desolation of Smaug, The",Adventure Fantasy IMAX,3.58,25.0
106491,47 Ronin (2013),Action|Adventure|Fantasy,47 Ronin,Action Adventure Fantasy,2.642857142857143,7.0
106540,Delivery Man (2013),Comedy,Delivery Man,Comedy,2.875,4.0
106542,Charlie Countryman (2013),Action|Comedy|Romance,Charlie Countryman,Action Comedy Romance,1.5,1.0
106594,Red Flag (2012),Comedy|Drama|Romance,Red Flag,Comedy Drama Romance,4.5,1.0
106642,"Day of the Doctor, The (2013)",Adventure|Drama|Sci-Fi,"Day of the Doctor, The",Adventure Drama Sci-Fi,4.571428571428571,7.0
106648,Guilty of Romance (Koi no tsumi) (2011) ,Crime|Drama|Horror,Guilty of Romance (Koi no tsumi),Crime Drama Horror,3.0,1.0
106696,Frozen (2013),Adventure|Animation|Comedy|Fantasy|Musical|Romance,Frozen,Adventure Animation Comedy Fantasy Musical Romance,3.6206896551724137,29.0
106766,Inside Llewyn Davis (2013),Drama,Inside Llewyn Davis,Drama,3.642857142857143,7.0
106782,"Wolf of Wall Street, The (2013)",Comedy|Crime|Drama,"Wolf of Wall Street, The",Comedy Crime Drama,3.9166666666666665,54.0
106785,Homefront (2013),Action|Crime|Thriller,Homefront,Action Crime Thriller,3.0,1.0
106839,Mandela: Long Walk to Freedom (2013),Drama,Mandela: Long Walk to Freedom,Drama,3.75,2.0
106873,Evangelion: 3.0 You Can (Not) Redo (2012),Action|Animation|Drama,Evangelion: 3.0 You Can (Not) Redo,Action Animation Drama,2.5,3.0
106883,All is Bright (2013),Comedy|Drama,All is Bright,Comedy Drama,1.5,1.0
106889,Tim's Vermeer (2013),Documentary,Tim's Vermeer,Documentary,4.0,1.0
106916,American Hustle (2013),Crime|Drama,American Hustle,Crime Drama,3.25,16.0
106918,"Secret Life of Walter Mitty, The (2013)",Adventure|Comedy|Drama,"Secret Life of Walter Mitty, The",Adventure Comedy Drama,4.0,20.0
106920,Her (2013),Drama|Romance|Sci-Fi,Her,Drama Romance Sci-Fi,3.92,25.0
106927,RoboGeisha (Robo-geisha) (2009),Action|Comedy|Sci-Fi,RoboGeisha (Robo-geisha),Action Comedy Sci-Fi,3.0,1.0
107013,"Christmas Carol, A (1977)",Drama|Fantasy,"Christmas Carol, A",Drama Fantasy,0.5,1.0
107069,Lone Survivor (2013),Action|Drama|Thriller|War,Lone Survivor,Action Drama Thriller War,3.0,2.0
107141,Saving Mr. Banks (2013),Comedy|Drama,Saving Mr. Banks,Comedy Drama,3.6875,8.0
107159,Zatoichi and the Chest of Gold (Zatôichi senryô-kubi) (Zatôichi 6) (1964),Action|Drama,Zatoichi and the Chest of Gold (Zatôichi senryô-kubi) (Zatôichi 6),Action Drama,4.0,1.0
107314,Oldboy (2013),Action|Drama|Mystery,Oldboy,Action Drama Mystery,3.0,2.0
107338,Dampfnudelblues (2013),Comedy|Crime,Dampfnudelblues,Comedy Crime,2.5,1.0
107348,Anchorman 2: The Legend Continues (2013),Comedy,Anchorman 2: The Legend Continues,Comedy,3.3636363636363638,11.0
107406,Snowpiercer (2013),Action|Drama|Sci-Fi,Snowpiercer,Action Drama Sci-Fi,3.4285714285714284,21.0
107408,Only Old Men Are Going to Battle (V boy idut odni stariki) (1973),Comedy|Drama|War,Only Old Men Are Going to Battle (V boy idut odni stariki),Comedy Drama War,4.5,1.0
107410,Guest from the Future (Gostya iz buduschego) (1985),Adventure|Drama|Sci-Fi,Guest from the Future (Gostya iz buduschego),Adventure Drama Sci-Fi,4.0,1.0
107412,"Kidnapping, Caucasian Style (Kavkazskaya plennitsa) (1967)",Comedy|Romance,"Kidnapping, Caucasian Style (Kavkazskaya plennitsa)",Comedy Romance,4.5,1.0
107436,Haunter (2013),Horror|Mystery|Thriller,Haunter,Horror Mystery Thriller,3.0,1.0
107447,Wrong Cops (2013),Comedy|Crime,Wrong Cops,Comedy Crime,4.0,1.0
107449,"Muppet Christmas: Letters to Santa, A (2008)",Children|Comedy,"Muppet Christmas: Letters to Santa, A",Children Comedy,1.5,1.0
107462,Ninja: Shadow of a Tear (2013),Action|Crime|Thriller,Ninja: Shadow of a Tear,Action Crime Thriller,4.5,1.0
107565,"Fuck You, Goethe (Fack Ju Göhte) (2013)",Comedy,"Fuck You, Goethe (Fack Ju Göhte)",Comedy,2.75,2.0
107630,High School (2010),Comedy,High School,Comedy,4.5,1.0
107702,Grudge Match (2013),Comedy,Grudge Match,Comedy,2.5,2.0
107723,Highlander: The Search for Vengeance (2007),Action|Adventure|Fantasy,Highlander: The Search for Vengeance,Action Adventure Fantasy,3.0,1.0
107771,Only Lovers Left Alive (2013),Drama|Horror|Romance,Only Lovers Left Alive,Drama Horror Romance,5.0,1.0
107780,Cats (1998),Musical,Cats,Musical,4.0,1.0
107846,MacGyver: Trail to Doomsday (1994),Action|Adventure,MacGyver: Trail to Doomsday,Action Adventure,3.5,1.0
107945,Bad Karma (2012),Thriller,Bad Karma,Thriller,2.0,1.0
107951,Hunting Elephants (2013),Comedy|Crime,Hunting Elephants,Comedy Crime,5.0,1.0
107953,Dragon Ball Z: Battle of Gods (2013),Action|Animation|Fantasy|IMAX,Dragon Ball Z: Battle of Gods,Action Animation Fantasy IMAX,4.0,2.0
107962,Freezer (2014),Action|Thriller,Freezer,Action Thriller,2.0,1.0
107997,We Are What We Are (2013),Drama|Horror|Mystery|Thriller,We Are What We Are,Drama Horror Mystery Thriller,2.25,2.0
107999,Dragon ball Z 04: Lord Slug (1991),Animation|Children,Dragon ball Z 04: Lord Slug,Animation Children,4.0,1.0
108078,Chinese Puzzle (Casse-tête chinois) (2013),Comedy|Romance,Chinese Puzzle (Casse-tête chinois),Comedy Romance,5.0,1.0
108090,Dragon Ball: The Path to Power (Doragon bôru: Saikyô e no michi) (1996),Action|Adventure|Animation|Children,Dragon Ball: The Path to Power (Doragon bôru: Saikyô e no michi),Action Adventure Animation Children,3.5,1.0
108156,Ride Along (2014),Action|Comedy,Ride Along,Action Comedy,3.1666666666666665,6.0
108188,Jack Ryan: Shadow Recruit (2014),Action|Drama|Thriller|IMAX,Jack Ryan: Shadow Recruit,Action Drama Thriller IMAX,2.0,2.0
108190,Divergent (2014),Adventure|Romance|Sci-Fi|IMAX,Divergent,Adventure Romance Sci-Fi IMAX,3.0,18.0
108192,Hotel Chevalier (Part 1 of 'The Darjeeling Limited') (2007),Drama,Hotel Chevalier (Part 1 of 'The Darjeeling Limited'),Drama,3.5,1.0
108540,Ernest & Célestine (Ernest et Célestine) (2012),Adventure|Animation|Children|Comedy|Drama|Romance,Ernest & Célestine (Ernest et Célestine),Adventure Animation Children Comedy Drama Romance,4.5,1.0
108601,Drift (2013),Drama,Drift,Drama,2.0,1.0
108689,"I, Frankenstein (2014)",Action|Fantasy|Sci-Fi|IMAX,"I, Frankenstein",Action Fantasy Sci-Fi IMAX,2.25,2.0
108715,Better Living Through Chemistry (2014),Comedy|Drama,Better Living Through Chemistry,Comedy Drama,1.5,1.0
108727,Nymphomaniac: Volume I (2013),Drama,Nymphomaniac: Volume I,Drama,4.25,2.0
108729,Enemy (2013),Mystery|Thriller,Enemy,Mystery Thriller,3.5,7.0
108795,Wonder Woman (2009),Action|Adventure|Animation|Fantasy,Wonder Woman,Action Adventure Animation Fantasy,5.0,1.0
108928,"Monuments Men, The (2014)",Action|Drama|War,"Monuments Men, The",Action Drama War,2.6666666666666665,6.0
108932,The Lego Movie (2014),Action|Adventure|Animation|Children|Comedy|Fantasy,The Lego Movie,Action Adventure Animation Children Comedy Fantasy,3.870967741935484,31.0
108945,RoboCop (2014),Action|Crime|Sci-Fi|IMAX,RoboCop,Action Crime Sci-Fi IMAX,2.3333333333333335,6.0
108949,"Art of the Steal, The (2013)",Crime,"Art of the Steal, The",Crime,3.3333333333333335,3.0
108981,Nymphomaniac: Volume II (2013),Drama|Mystery,Nymphomaniac: Volume II,Drama Mystery,4.5,1.0
109042,Knights of Badassdom (2013),Adventure|Comedy|Fantasy,Knights of Badassdom,Adventure Comedy Fantasy,2.25,2.0
109161,Venus in Fur (La Vénus à la fourrure) (2013),Drama,Venus in Fur (La Vénus à la fourrure),Drama,4.5,1.0
109183,Date and Switch (2014),Comedy,Date and Switch,Comedy,2.0,1.0
109187,"Zero Theorem, The (2013)",Drama|Fantasy|Sci-Fi,"Zero Theorem, The",Drama Fantasy Sci-Fi,3.0,3.0
109191,Winter's Tale (2014),Drama|Fantasy|Mystery,Winter's Tale,Drama Fantasy Mystery,1.5,1.0
109241,On the Other Side of the Tracks (De l'autre côté du périph) (2012),Action|Comedy|Crime,On the Other Side of the Tracks (De l'autre côté du périph),Action Comedy Crime,5.0,1.0
109282,GLOW: The Story of the Gorgeous Ladies of Wrestling (2012),Documentary,GLOW: The Story of the Gorgeous Ladies of Wrestling,Documentary,3.0,1.0
109295,Cold Comes the Night (2013),Crime|Drama|Thriller,Cold Comes the Night,Crime Drama Thriller,2.0,1.0
109313,Chouchou (2003),Comedy,Chouchou,Comedy,4.0,1.0
109317,Someone Marry Barry (2014),Comedy,Someone Marry Barry,Comedy,2.5,1.0
109372,About Last Night (2014),Comedy|Romance,About Last Night,Comedy Romance,2.25,2.0
109374,"Grand Budapest Hotel, The (2014)",Comedy|Drama,"Grand Budapest Hotel, The",Comedy Drama,3.7788461538461537,52.0
109383,"Oversimplification of Her Beauty, An (2012)",Animation|Comedy|Drama|Romance,"Oversimplification of Her Beauty, An",Animation Comedy Drama Romance,3.5,1.0
109416,Bring It On: Fight to the Finish (2009),Comedy,Bring It On: Fight to the Finish,Comedy,2.0,1.0
109483,That Awkward Moment (2014),Comedy|Romance,That Awkward Moment,Comedy Romance,2.625,4.0
109487,Interstellar (2014),Sci-Fi|IMAX,Interstellar,Sci-Fi IMAX,3.993150684931507,73.0
109569,3 Days to Kill (2014),Action|Crime|Drama,3 Days to Kill,Action Crime Drama,1.0,2.0
109576,Welcome to the Jungle (2013),Comedy,Welcome to the Jungle,Comedy,2.0,2.0
109578,Non-Stop (2014),Action|Mystery|Thriller,Non-Stop,Action Mystery Thriller,3.25,4.0
109596,Wrinkles (Arrugas) (2011),Animation|Drama,Wrinkles (Arrugas),Animation Drama,4.0,1.0
109633,"Garden of Words, The (Koto no ha no niwa) (2013)",Animation|Romance,"Garden of Words, The (Koto no ha no niwa)",Animation Romance,5.0,1.0
109673,300: Rise of an Empire (2014),Action|Drama|War|IMAX,300: Rise of an Empire,Action Drama War IMAX,2.125,4.0
109687,Particle Fever (2013),Documentary,Particle Fever,Documentary,5.0,1.0
109723,"Bag Man, The (2014)",Crime|Drama|Thriller,"Bag Man, The",Crime Drama Thriller,3.5,1.0
109846,Mr. Peabody & Sherman (2014),Adventure|Animation|Comedy,Mr. Peabody & Sherman,Adventure Animation Comedy,3.25,4.0
109848,Under the Skin (2013),Horror|Sci-Fi|Thriller,Under the Skin,Horror Sci-Fi Thriller,2.75,2.0
109850,Need for Speed (2014),Action|Crime|Drama|IMAX,Need for Speed,Action Crime Drama IMAX,3.75,2.0
109853,Barefoot (2014),Comedy|Drama|Romance,Barefoot,Comedy Drama Romance,3.0,2.0
109864,Veronica Mars (2014),Comedy|Crime|Drama,Veronica Mars,Comedy Crime Drama,1.75,2.0
109895,Bad Words (2013),Comedy,Bad Words,Comedy,2.0,3.0
109897,Son of God (2014),Drama,Son of God,Drama,0.5,1.0
109941,Puss in Boots: The Three Diablos (2012),Animation|Comedy,Puss in Boots: The Three Diablos,Animation Comedy,3.0,1.0
109968,Why Don't You Play In Hell? (Jigoku de naze warui) (2013),Action|Drama,Why Don't You Play In Hell? (Jigoku de naze warui),Action Drama,4.25,2.0
109971,Ocho apellidos vascos (2014),Comedy,Ocho apellidos vascos,Comedy,4.5,1.0
110102,Captain America: The Winter Soldier (2014),Action|Adventure|Sci-Fi|IMAX,Captain America: The Winter Soldier,Action Adventure Sci-Fi IMAX,3.7419354838709675,31.0
110127,Noah (2014),Adventure|Drama|IMAX,Noah,Adventure Drama IMAX,2.8,5.0
110130,"Nut Job, The (2014)",Adventure|Animation|Children|Comedy,"Nut Job, The",Adventure Animation Children Comedy,4.333333333333333,3.0
110281,King of Comedy (Hei kek ji wong) (1999),Comedy|Drama|Romance,King of Comedy (Hei kek ji wong),Comedy Drama Romance,4.0,1.0
110286,13 Sins (2014),Horror|Thriller,13 Sins,Horror Thriller,3.5,1.0
110297,Muppets Most Wanted (2014),Adventure|Comedy|Crime,Muppets Most Wanted,Adventure Comedy Crime,3.3333333333333335,3.0
110330,Me and you (io e te) (2012),Drama,Me and you (io e te),Drama,4.5,1.0
110350,Free to Play (2014),Documentary,Free to Play,Documentary,4.5,1.0
110387,"Unknown Known, The (2013)",Documentary,"Unknown Known, The",Documentary,4.0,1.0
110501,The Raid 2: Berandal (2014),Action|Crime|Thriller,The Raid 2: Berandal,Action Crime Thriller,3.9285714285714284,7.0
110541,"Brain Smasher... A Love Story (Bouncer and the Lady, The) (1993)",Action|Comedy,"Brain Smasher... A Love Story (Bouncer and the Lady, The)",Action Comedy,2.5,1.0
110553,The Amazing Spider-Man 2 (2014),Action|Sci-Fi|IMAX,The Amazing Spider-Man 2,Action Sci-Fi IMAX,2.6363636363636362,11.0
110586,Calvary (2014),Comedy|Drama,Calvary,Comedy Drama,4.0,1.0
110591,Oculus (2013),Horror,Oculus,Horror,4.5,1.0
110603,God's Not Dead (2014),Drama,God's Not Dead,Drama,0.5,1.0
110611,Cold in July (2014),Drama|Thriller,Cold in July,Drama Thriller,2.5,1.0
110655,Rio 2 (2014),Adventure|Animation|Children|Comedy,Rio 2,Adventure Animation Children Comedy,2.0,2.0
110669,"Honest Liar, An (2014)",Comedy|Documentary,"Honest Liar, An",Comedy Documentary,3.75,2.0
110718,Fading Gigolo (2013),Comedy,Fading Gigolo,Comedy,4.0,1.0
110730,Transcendence (2014),Drama|Sci-Fi|IMAX,Transcendence,Drama Sci-Fi IMAX,2.2857142857142856,7.0
110746,Hatchet III (2013),Comedy|Horror,Hatchet III,Comedy Horror,4.0,1.0
110771,"Other Woman, The (2014)",Comedy|Romance,"Other Woman, The",Comedy Romance,2.9166666666666665,6.0
110773,"Haunted House 2, A (2014)",Comedy|Horror,"Haunted House 2, A",Comedy Horror,0.5,1.0
110781,Mulan II (2004),Action|Animation|Children|Comedy|Musical,Mulan II,Action Animation Children Comedy Musical,2.5,1.0
110826,Brick Mansions (2014),Action|Crime|Drama,Brick Mansions,Action Crime Drama,1.5,1.0
110882,Locke (2013),Drama,Locke,Drama,3.8333333333333335,3.0
111113,Neighbors (2014),Comedy,Neighbors,Comedy,3.2916666666666665,12.0
111146,Alpha and Omega 3: The Great Wolf Games (2014),Action|Adventure|Animation|Children|Comedy,Alpha and Omega 3: The Great Wolf Games,Action Adventure Animation Children Comedy,4.5,1.0
111320,Mom's Night Out (2014),Comedy,Mom's Night Out,Comedy,1.5,1.0
111360,Lucy (2014),Action|Sci-Fi,Lucy,Action Sci-Fi,2.8214285714285716,14.0
111362,X-Men: Days of Future Past (2014),Action|Adventure|Sci-Fi,X-Men: Days of Future Past,Action Adventure Sci-Fi,3.8333333333333335,30.0
111364,Godzilla (2014),Action|Adventure|Sci-Fi|IMAX,Godzilla,Action Adventure Sci-Fi IMAX,2.6153846153846154,13.0
111375,Walk of Shame (2014),Comedy,Walk of Shame,Comedy,2.5,1.0
111384,Blue Ruin (2013),Thriller,Blue Ruin,Thriller,4.0,1.0
111443,Chef (2014),Comedy,Chef,Comedy,2.75,2.0
111551,Afflicted (2013),Horror|Sci-Fi|Thriller,Afflicted,Horror Sci-Fi Thriller,3.5,1.0
111617,Blended (2014),Comedy,Blended,Comedy,3.8125,8.0
111622,Begin Again (2013),Comedy|Romance,Begin Again,Comedy Romance,4.0,3.0
111659,Maleficent (2014),Action|Adventure|Children|IMAX,Maleficent,Action Adventure Children IMAX,2.75,16.0
111663,Zombeavers (2014),Action|Comedy|Horror,Zombeavers,Action Comedy Horror,2.5,2.0
111680,At Middleton (2013),Comedy|Romance,At Middleton,Comedy Romance,1.5,1.0
111732,"Dance of Reality, The (Danza de la realidad, La) (2013)",Drama|Fantasy,"Dance of Reality, The (Danza de la realidad, La)",Drama Fantasy,3.5,1.0
111743,A Million Ways to Die in the West (2014),Comedy|Western,A Million Ways to Die in the West,Comedy Western,2.9583333333333335,12.0
111759,Edge of Tomorrow (2014),Action|Sci-Fi|IMAX,Edge of Tomorrow,Action Sci-Fi IMAX,3.977272727272727,44.0
111781,Mission: Impossible - Rogue Nation (2015),Action|Adventure|Thriller,Mission: Impossible - Rogue Nation,Action Adventure Thriller,3.6470588235294117,17.0
111785,Midnight Chronicles (2009),Action|Adventure|Fantasy,Midnight Chronicles,Action Adventure Fantasy,0.5,1.0
111795,Million Dollar Arm (2014),Comedy|Drama,Million Dollar Arm,Comedy Drama,3.0,1.0
111800,G.B.F. (2013),Comedy,G.B.F.,Comedy,3.0,1.0
111817,Jimi: All Is by My Side (2013),Drama,Jimi: All Is by My Side,Drama,3.5,1.0
111844,Bad Asses (Bad Ass 2) (2014),Action|Drama,Bad Asses (Bad Ass 2),Action Drama,3.5,1.0
111913,Lilting (2014),Drama,Lilting,Drama,4.5,1.0
111921,The Fault in Our Stars (2014),Drama|Romance,The Fault in Our Stars,Drama Romance,3.388888888888889,9.0
112006,Tangled Ever After (2012),Action|Animation|Children,Tangled Ever After,Action Animation Children,3.8333333333333335,3.0
112070,Maps to the Stars (2014),Drama,Maps to the Stars,Drama,3.5,1.0
112138,22 Jump Street (2014),Action|Comedy|Crime,22 Jump Street,Action Comedy Crime,3.6842105263157894,19.0
112171,"Equalizer, The (2014)",Action|Crime|Thriller,"Equalizer, The",Action Crime Thriller,3.2777777777777777,9.0
112175,How to Train Your Dragon 2 (2014),Action|Adventure|Animation,How to Train Your Dragon 2,Action Adventure Animation,3.7666666666666666,15.0
112183,Birdman: Or (The Unexpected Virtue of Ignorance) (2014),Comedy|Drama,Birdman: Or (The Unexpected Virtue of Ignorance),Comedy Drama,3.3461538461538463,26.0
112290,Boyhood (2014),Drama,Boyhood,Drama,3.823529411764706,17.0
112303,Think Like a Man Too (2014),Comedy|Romance,Think Like a Man Too,Comedy Romance,1.5,1.0
112316,Jersey Boys (2014),Drama|Musical,Jersey Boys,Drama Musical,2.5,1.0
112326,Nick Fury: Agent of S.H.I.E.L.D. (1998),Action|Sci-Fi,Nick Fury: Agent of S.H.I.E.L.D.,Action Sci-Fi,1.0,1.0
112334,"Internet's Own Boy: The Story of Aaron Swartz, The (2014)",Documentary,"Internet's Own Boy: The Story of Aaron Swartz, The",Documentary,4.5,1.0
112370,Transformers: Age of Extinction (2014),Action|Adventure|Sci-Fi,Transformers: Age of Extinction,Action Adventure Sci-Fi,1.875,4.0
112421,Frank (2014),Comedy|Drama|Mystery,Frank,Comedy Drama Mystery,4.333333333333333,3.0
112450,They Came Together (2014),Comedy|Romance,They Came Together,Comedy Romance,2.0,1.0
112454,Honey (Miele) (2013),Drama,Honey (Miele),Drama,3.5,1.0
112460,Planes: Fire & Rescue (2014),Adventure|Animation|Comedy,Planes: Fire & Rescue,Adventure Animation Comedy,2.25,2.0
112497,Tammy (2014),Comedy,Tammy,Comedy,2.0,2.0
112512,Colourful (Karafuru) (2010),Animation|Drama|Fantasy|Mystery,Colourful (Karafuru),Animation Drama Fantasy Mystery,5.0,1.0
112515,"Babadook, The (2014)",Drama|Horror|Thriller,"Babadook, The",Drama Horror Thriller,4.5,3.0
112552,Whiplash (2014),Drama,Whiplash,Drama,4.0394736842105265,38.0
112556,Gone Girl (2014),Drama|Thriller,Gone Girl,Drama Thriller,3.7162162162162162,37.0
112580,"Angriest Man in Brooklyn, The (2014)",Comedy|Drama,"Angriest Man in Brooklyn, The",Comedy Drama,4.0,1.0
112623,Dawn of the Planet of the Apes (2014),Sci-Fi,Dawn of the Planet of the Apes,Sci-Fi,3.433333333333333,15.0
112727,Deliver Us from Evil (2014),Crime|Horror|Thriller,Deliver Us from Evil,Crime Horror Thriller,3.0,1.0
112749,And So It Goes (2014),Comedy|Drama|Romance,And So It Goes,Comedy Drama Romance,2.0,1.0
112788,Sex Tape (2014),Comedy,Sex Tape,Comedy,2.6,5.0
112804,I Origins (2014),Drama|Sci-Fi,I Origins,Drama Sci-Fi,3.8333333333333335,3.0
112818,"Purge: Anarchy, The (2014)",Action|Horror|Thriller,"Purge: Anarchy, The",Action Horror Thriller,3.3,5.0
112852,Guardians of the Galaxy (2014),Action|Adventure|Sci-Fi,Guardians of the Galaxy,Action Adventure Sci-Fi,4.0508474576271185,59.0
112868,"Signal, The (2014)",Sci-Fi|Thriller,"Signal, The",Sci-Fi Thriller,4.5,1.0
112897,The Expendables 3 (2014),Action|Adventure,The Expendables 3,Action Adventure,3.5,3.0
112911,Hercules (2014),Action|Adventure,Hercules,Action Adventure,2.0,4.0
112940,A Most Wanted Man (2014),Thriller,A Most Wanted Man,Thriller,4.5,1.0
113159,Life After Beth (2014),Comedy|Horror|Romance,Life After Beth,Comedy Horror Romance,3.5,1.0
113186,Felony (2013),Thriller,Felony,Thriller,3.0,1.0
113207,Get on Up (2014),Drama|Musical,Get on Up,Drama Musical,3.5,1.0
113225,Magic in the Moonlight (2014),Comedy|Drama|Romance,Magic in the Moonlight,Comedy Drama Romance,3.0,1.0
113252,Housebound (2014),Comedy|Horror|Thriller,Housebound,Comedy Horror Thriller,4.25,2.0
113275,The Hundred-Foot Journey (2014),Comedy|Drama,The Hundred-Foot Journey,Comedy Drama,4.5,1.0
113278,Batman: Assault on Arkham (2014),Action|Animation|Crime|Thriller,Batman: Assault on Arkham,Action Animation Crime Thriller,3.0,1.0
113280,White Frog (2012),Drama,White Frog,Drama,4.0,1.0
113313,"Den, The (2013)",Horror|Thriller,"Den, The",Horror Thriller,3.5,1.0
113345,Jupiter Ascending (2015),Action|Adventure|Sci-Fi,Jupiter Ascending,Action Adventure Sci-Fi,2.0,2.0
113348,Teenage Mutant Ninja Turtles (2014),Action|Adventure|Comedy,Teenage Mutant Ninja Turtles,Action Adventure Comedy,2.75,4.0
113350,I'll Follow You Down (2013),Drama|Mystery|Sci-Fi,I'll Follow You Down,Drama Mystery Sci-Fi,1.5,1.0
113374,"Old Lady and the Pigeons, The (La vieille dame et les pigeons) (1997)",Animation|Comedy,"Old Lady and the Pigeons, The (La vieille dame et les pigeons)",Animation Comedy,3.0,1.0
113378,"Giver, The (2014)",Drama|Sci-Fi,"Giver, The",Drama Sci-Fi,2.3,5.0
113394,"Pretty One, The (2013)",Comedy|Drama,"Pretty One, The",Comedy Drama,4.0,1.0
113416,Revenge of the Green Dragons (2014),Action|Crime|Drama,Revenge of the Green Dragons,Action Crime Drama,1.5,1.0
113453,Let's Be Cops (2014),Comedy|Crime,Let's Be Cops,Comedy Crime,3.1,5.0
113532,"Inbetweeners 2, The (2014)",Comedy,"Inbetweeners 2, The",Comedy,3.5,2.0
113565,"Sacrament, The (2013)",Horror|Thriller,"Sacrament, The",Horror Thriller,4.0,1.0
113573,Sin City: A Dame to Kill For (2014),Action|Crime|Thriller,Sin City: A Dame to Kill For,Action Crime Thriller,3.25,4.0
113604,If I Stay (2014),Drama,If I Stay,Drama,2.0,1.0
113705,"Two Days, One Night (Deux jours, une nuit) (2014)",Drama,"Two Days, One Night (Deux jours, une nuit)",Drama,3.5,1.0
113741,Coherence (2013),Drama|Mystery|Sci-Fi|Thriller,Coherence,Drama Mystery Sci-Fi Thriller,4.0,2.0
113780,"As Above, So Below (2014)",Horror|Thriller,"As Above, So Below",Horror Thriller,3.0,1.0
113829,"One I Love, The (2014)",Comedy|Drama|Romance,"One I Love, The",Comedy Drama Romance,5.0,1.0
113849,Headshot (2011),Crime|Drama|Thriller,Headshot,Crime Drama Thriller,2.5,1.0
113862,"Guest, The (2014)",Thriller,"Guest, The",Thriller,4.0,1.0
114028,Pride (2014),Comedy|Drama,Pride,Comedy Drama,4.0,2.0
114044,Honeymoon (2014),Horror,Honeymoon,Horror,3.5,1.0
114060,The Drop (2014),Crime|Drama|Thriller,The Drop,Crime Drama Thriller,2.8333333333333335,3.0
114066,"20,000 Days on Earth (2014)",Documentary|Drama|Musical,"20,000 Days on Earth",Documentary Drama Musical,4.0,1.0
114074,The Skeleton Twins (2014),Drama,The Skeleton Twins,Drama,3.3333333333333335,3.0
114126,Beautiful Losers (2008),Documentary,Beautiful Losers,Documentary,2.5,1.0
114180,"Maze Runner, The (2014)",Action|Mystery|Sci-Fi,"Maze Runner, The",Action Mystery Sci-Fi,2.9375,16.0
114184,Camp X-Ray (2014),Drama,Camp X-Ray,Drama,3.5,1.0
114246,"Walk Among the Tombstones, A (2014)",Action|Crime|Mystery|Thriller,"Walk Among the Tombstones, A",Action Crime Mystery Thriller,3.0,1.0
114265,Laggies (2014),Comedy|Romance,Laggies,Comedy Romance,5.0,1.0
114335,La cravate (1957),(no genres listed),La cravate,(no genres listed),3.0,1.0
114396,Cesar Chavez (2014),Drama,Cesar Chavez,Drama,1.5,1.0
114494,Who Am I (Kein System Ist Sicher) (2014),Thriller,Who Am I (Kein System Ist Sicher),Thriller,1.5,1.0
114554,"Tale of Princess Kaguya, The (Kaguyahime no monogatari) (2013)",Animation|Drama|Fantasy,"Tale of Princess Kaguya, The (Kaguyahime no monogatari)",Animation Drama Fantasy,1.0,1.0
114601,This Is Where I Leave You (2014),Comedy|Drama,This Is Where I Leave You,Comedy Drama,2.75,2.0
114627,Angel's Egg (Tenshi no tamago) (1985),Animation|Drama|Fantasy,Angel's Egg (Tenshi no tamago),Animation Drama Fantasy,3.25,2.0
114662,American Sniper (2014),Action|War,American Sniper,Action War,3.8,15.0
114670,Tusk (2014),Comedy|Drama|Horror,Tusk,Comedy Drama Horror,3.5,1.0
114678,Hector and the Search for Happiness (2014),Adventure|Comedy|Drama,Hector and the Search for Happiness,Adventure Comedy Drama,4.25,2.0
114707,Horns (2014),Horror|Mystery,Horns,Horror Mystery,3.0,1.0
114713,Annabelle (2014),Horror,Annabelle,Horror,3.0,2.0
114762,Two Night Stand (2014),Comedy|Romance,Two Night Stand,Comedy Romance,2.8333333333333335,3.0
114795,Dracula Untold (2014),Action|Drama|Fantasy,Dracula Untold,Action Drama Fantasy,3.5,4.0
114818,Stretch (2014),Action|Comedy|Crime,Stretch,Action Comedy Crime,2.1666666666666665,3.0
114847,Autómata (Automata) (2014),Sci-Fi|Thriller,Autómata (Automata),Sci-Fi Thriller,3.0,1.0
114925,"Captive, The (2014)",Crime|Drama|Thriller,"Captive, The",Crime Drama Thriller,2.0,1.0
114935,Predestination (2014),Action|Mystery|Sci-Fi|Thriller,Predestination,Action Mystery Sci-Fi Thriller,3.9,10.0
115065,Justin and the Knights of Valour (2013),Adventure|Animation,Justin and the Knights of Valour,Adventure Animation,2.0,1.0
115111,Ward 13 (2003),Action|Animation|Comedy|Horror,Ward 13,Action Animation Comedy Horror,3.5,1.0
115122,What We Do in the Shadows (2014),Comedy|Horror,What We Do in the Shadows,Comedy Horror,4.833333333333333,3.0
115149,John Wick (2014),Action|Thriller,John Wick,Action Thriller,3.8448275862068964,29.0
115151,Plastic (2014),Action|Crime,Plastic,Action Crime,2.0,1.0
115170,"Judge, The (2014)",Drama,"Judge, The",Drama,2.5,1.0
115203,"Culture High, The (2014)",Documentary,"Culture High, The",Documentary,3.0,1.0
115210,Fury (2014),Action|Drama|War,Fury,Action Drama War,3.769230769230769,13.0
115216,"Salvation, The (2014)",Drama|Western,"Salvation, The",Drama Western,3.0,1.0
115231,St. Vincent (2014),Comedy,St. Vincent,Comedy,3.25,2.0
115502,"Rewrite, The (2014)",Comedy|Romance,"Rewrite, The",Comedy Romance,3.5,1.0
115569,Nightcrawler (2014),Crime|Drama|Thriller,Nightcrawler,Crime Drama Thriller,4.166666666666667,18.0
115617,Big Hero 6 (2014),Action|Animation|Comedy,Big Hero 6,Action Animation Comedy,3.8536585365853657,41.0
115664,The Book of Life (2014),Adventure|Animation|Romance,The Book of Life,Adventure Animation Romance,4.0,2.0
115667,"Love, Rosie (2014)",Comedy|Romance,"Love, Rosie",Comedy Romance,3.5,1.0
115680,Time Lapse (2014),Crime|Drama|Sci-Fi|Thriller,Time Lapse,Crime Drama Sci-Fi Thriller,3.8333333333333335,3.0
115713,Ex Machina (2015),Drama|Sci-Fi|Thriller,Ex Machina,Drama Sci-Fi Thriller,3.9107142857142856,28.0
115727,Crippled Avengers (Can que) (Return of the 5 Deadly Venoms) (1981),Action|Adventure,Crippled Avengers (Can que) (Return of the 5 Deadly Venoms),Action Adventure,5.0,1.0
115819,Mr Hublot (2013),Animation|Comedy,Mr Hublot,Animation Comedy,3.0,1.0
115828,Copenhagen (2014),Adventure|Drama|Romance,Copenhagen,Adventure Drama Romance,4.5,1.0
115877,"Simpsons: The Longest Daycare, The (2012)",Animation|Comedy,"Simpsons: The Longest Daycare, The",Animation Comedy,3.6666666666666665,3.0
115969,Generation War (2013),Drama|War,Generation War,Drama War,4.0,1.0
116044,Christmas in Connecticut (1992),Comedy|Romance,Christmas in Connecticut,Comedy Romance,1.5,1.0
116138,Leviathan (2014),Drama,Leviathan,Drama,2.0,1.0
116169,Reign of Assassins (2010),Action,Reign of Assassins,Action,2.5,1.0
116207,Zulu (2013),Crime|Drama|Thriller,Zulu,Crime Drama Thriller,1.5,1.0
116411,Tangerines (2013),Drama,Tangerines,Drama,4.5,1.0
116413,Life Partners (2014),Comedy|Romance,Life Partners,Comedy Romance,3.0,1.0
116419,Drive Hard (2014),Action|Comedy|Crime,Drive Hard,Action Comedy Crime,1.5,1.0
116505,New Kids Nitro (2011),Action|Comedy,New Kids Nitro,Action Comedy,3.0,1.0
116529,Stalingrad (2013),Action|Drama|War|IMAX,Stalingrad,Action Drama War IMAX,3.0,1.0
116668,Dead Snow 2: Red vs. Dead (2014) ,Action|Comedy|Horror,Dead Snow 2: Red vs. Dead,Action Comedy Horror,4.0,2.0
116718,Volga - Volga (1938),Comedy|Musical,Volga - Volga,Comedy Musical,3.5,1.0
116724,You Are the Apple of My Eye (2011),Comedy|Drama|Romance,You Are the Apple of My Eye,Comedy Drama Romance,4.0,1.0
116738,DeadHeads (2011),Adventure|Comedy|Horror,DeadHeads,Adventure Comedy Horror,3.5,1.0
116797,The Imitation Game (2014),Drama|Thriller|War,The Imitation Game,Drama Thriller War,4.02,50.0
116799,Inherent Vice (2014),Comedy|Crime|Drama|Mystery|Romance,Inherent Vice,Comedy Crime Drama Mystery Romance,3.6666666666666665,6.0
116817,Rudderless (2014),Comedy|Drama,Rudderless,Comedy Drama,4.5,1.0
116823,The Hunger Games: Mockingjay - Part 1 (2014),Adventure|Sci-Fi|Thriller,The Hunger Games: Mockingjay - Part 1,Adventure Sci-Fi Thriller,3.869565217391304,23.0
116849,Sex Ed (2014),Comedy|Romance,Sex Ed,Comedy Romance,2.5,1.0
116887,Exodus: Gods and Kings (2014),Action|Adventure|Drama,Exodus: Gods and Kings,Action Adventure Drama,2.75,2.0
116897,Wild Tales (2014),Comedy|Drama|Thriller,Wild Tales,Comedy Drama Thriller,4.25,10.0
116941,Jetsons: The Movie (1990),Animation|Children|Comedy|Musical|Sci-Fi,Jetsons: The Movie,Animation Children Comedy Musical Sci-Fi,2.0,1.0
116963,Ski School (1991),Comedy,Ski School,Comedy,1.5,1.0
116977,Dumb and Dumber To (2014),Comedy,Dumb and Dumber To,Comedy,2.3333333333333335,3.0
116985,The Longest Week (2014),Comedy|Drama,The Longest Week,Comedy Drama,1.5,1.0
117107,Miss Meadows (2014),Drama,Miss Meadows,Drama,2.5,1.0
117109,Too Many Cooks (2014),Comedy,Too Many Cooks,Comedy,3.0,2.0
117133,Painted Skin (2008),Action|Drama|Thriller,Painted Skin,Action Drama Thriller,3.5,1.0
117176,The Theory of Everything (2014),Drama|Romance,The Theory of Everything,Drama Romance,3.7058823529411766,17.0
117192,Doctor Who: The Time of the Doctor (2013),Adventure|Drama,Doctor Who: The Time of the Doctor,Adventure Drama,4.5,3.0
117364,Virunga (2014),Documentary|War,Virunga,Documentary War,4.0,1.0
117368,The Madagascar Penguins in a Christmas Caper (2005),Animation|Comedy,The Madagascar Penguins in a Christmas Caper,Animation Comedy,3.5,1.0
117444,Song of the Sea (2014),Animation|Children|Fantasy,Song of the Sea,Animation Children Fantasy,3.0,1.0
117466,In the Heart of the Sea (2015),Action|Adventure|Drama,In the Heart of the Sea,Action Adventure Drama,3.5,3.0
117511,Hello Ladies: The Movie (2014),Comedy,Hello Ladies: The Movie,Comedy,3.0,1.0
117529,Jurassic World (2015),Action|Adventure|Drama|Sci-Fi|Thriller,Jurassic World,Action Adventure Drama Sci-Fi Thriller,3.260869565217391,23.0
117531,Watermark (2014),Documentary,Watermark,Documentary,5.0,1.0
117533,Citizenfour (2014),Documentary,Citizenfour,Documentary,3.875,4.0
117545,Asterix: The Land of the Gods (Astérix: Le domaine des dieux) (2014),Animation,Asterix: The Land of the Gods (Astérix: Le domaine des dieux),Animation,3.75,2.0
117572,Hit by Lightning (2014),Comedy|Crime|Romance,Hit by Lightning,Comedy Crime Romance,2.5,1.0
117590,Horrible Bosses 2 (2014),Comedy|Crime,Horrible Bosses 2,Comedy Crime,3.6363636363636362,11.0
117630,Double Trouble (1992),Action|Comedy|Crime|Romance,Double Trouble,Action Comedy Crime Romance,1.0,1.0
117646,Dragonheart 2: A New Beginning (2000),Action|Adventure|Comedy|Drama|Fantasy|Thriller,Dragonheart 2: A New Beginning,Action Adventure Comedy Drama Fantasy Thriller,4.5,1.0
117849,La Belle Verte (1996),Comedy,La Belle Verte,Comedy,4.5,1.0
117851,Penguins of Madagascar (2014),Adventure|Animation|Children|Comedy,Penguins of Madagascar,Adventure Animation Children Comedy,3.7,5.0
117867,'71 (2014),Action|Drama|Thriller|War,'71,Action Drama Thriller War,4.0,1.0
117877,The Rabbi's Cat (Le chat du rabbin) (2011),Adventure|Animation,The Rabbi's Cat (Le chat du rabbin),Adventure Animation,3.0,1.0
117881,Still Alice (2014),Drama,Still Alice,Drama,3.8,5.0
117887,Paddington (2014),Children|Comedy,Paddington,Children Comedy,4.0,4.0
117895,Maze Runner: Scorch Trials (2015),Action|Thriller,Maze Runner: Scorch Trials,Action Thriller,1.8333333333333333,6.0
117922,Ice Age: A Mammoth Christmas (2011),Adventure|Animation|Children,Ice Age: A Mammoth Christmas,Adventure Animation Children,3.5,1.0
118082,The Voices (2014),Comedy|Crime|Thriller,The Voices,Comedy Crime Thriller,3.5,1.0
118166,Courier (1987),Comedy|Drama|Romance,Courier,Comedy Drama Romance,3.5,1.0
118198,The Green Prince (2014),Documentary|Drama|Thriller,The Green Prince,Documentary Drama Thriller,2.5,1.0
118248,Dying of the Light (2014),Drama|Thriller,Dying of the Light,Drama Thriller,1.5,1.0
118270,Hellbenders (2012),Comedy|Horror|Thriller,Hellbenders,Comedy Horror Thriller,5.0,1.0
118290,Omega Doom (1996),Sci-Fi,Omega Doom,Sci-Fi,2.0,1.0
118326,By the Gun (2014),Crime|Drama|Thriller,By the Gun,Crime Drama Thriller,2.0,1.0
118354,Kill the Messenger (2014),Crime|Drama|Mystery|Thriller,Kill the Messenger,Crime Drama Mystery Thriller,3.0,1.0
118512,Bring It On: In It To Win It (2007),Comedy,Bring It On: In It To Win It,Comedy,1.5,1.0
118530,Fans (1999),Comedy,Fans,Comedy,4.5,1.0
118572,The Mule (2014),Comedy|Crime|Drama,The Mule,Comedy Crime Drama,3.5,2.0
118696,The Hobbit: The Battle of the Five Armies (2014),Adventure|Fantasy,The Hobbit: The Battle of the Five Armies,Adventure Fantasy,3.4166666666666665,18.0
118700,Selma (2014),Drama,Selma,Drama,2.5,2.0
118702,Unbroken (2014),Drama|War,Unbroken,Drama War,2.5,3.0
118706,Black Sea (2015),Adventure|Mystery|Thriller,Black Sea,Adventure Mystery Thriller,4.0,1.0
118784,Good Copy Bad Copy (2007),Documentary,Good Copy Bad Copy,Documentary,3.5,1.0
118814,Playing It Cool (2014),Comedy|Romance,Playing It Cool,Comedy Romance,2.0,1.0
118834,National Lampoon's Bag Boy (2007),Comedy,National Lampoon's Bag Boy,Comedy,5.0,1.0
118862,Closer to the Moon (2013),Comedy|Drama,Closer to the Moon,Comedy Drama,4.0,1.0
118880,"Girl Walks Home Alone at Night, A (2014)",Horror|Romance|Thriller,"Girl Walks Home Alone at Night, A",Horror Romance Thriller,3.5,2.0
118888,Dave Chappelle: For What it's Worth (2004),Comedy,Dave Chappelle: For What it's Worth,Comedy,4.25,2.0
118894,Scooby-Doo! Abracadabra-Doo (2010),Animation|Children|Mystery,Scooby-Doo! Abracadabra-Doo,Animation Children Mystery,5.0,1.0
118896,Mommy (2014),Drama,Mommy,Drama,4.0,1.0
118900,Wild (2014),Drama,Wild,Drama,2.9,5.0
118924,Top Five (2014),Comedy,Top Five,Comedy,3.0,2.0
118930,Bill Burr: I'm Sorry You Feel That Way (2014),Comedy,Bill Burr: I'm Sorry You Feel That Way,Comedy,4.5,1.0
118985,Big Eyes (2014),Drama,Big Eyes,Drama,3.75,2.0
118997,Into the Woods (2014),Children|Comedy|Fantasy|Musical,Into the Woods,Children Comedy Fantasy Musical,2.8,5.0
119068,"Men, Women & Children (2014)",Comedy|Drama,"Men, Women & Children",Comedy Drama,2.0,1.0
119141,The Interview (2014),Action|Comedy,The Interview,Action Comedy,3.4583333333333335,12.0
119145,Kingsman: The Secret Service (2015),Action|Adventure|Comedy|Crime,Kingsman: The Secret Service,Action Adventure Comedy Crime,3.986111111111111,36.0
119153,Bill Burr: You People Are All the Same (2012),Comedy,Bill Burr: You People Are All the Same,Comedy,4.5,1.0
119155,Night at the Museum: Secret of the Tomb (2014),Adventure|Children|Comedy|Fantasy,Night at the Museum: Secret of the Tomb,Adventure Children Comedy Fantasy,3.5,6.0
119167,Paradox (2010),Sci-Fi|Thriller,Paradox,Sci-Fi Thriller,3.5,1.0
119218,The Punisher: Dirty Laundry (2012),Action|Crime|Drama,The Punisher: Dirty Laundry,Action Crime Drama,2.5,1.0
119655,Seventh Son (2014),Adventure|Children|Fantasy,Seventh Son,Adventure Children Fantasy,2.25,2.0
119714,Corner Gas: The Movie (2014),Comedy,Corner Gas: The Movie,Comedy,3.5,1.0
119828,A Man Called Blade (1977),Action|Drama|Thriller|Western,A Man Called Blade,Action Drama Thriller Western,3.0,1.0
119964,A Merry Friggin' Christmas (2014),Comedy,A Merry Friggin' Christmas,Comedy,2.0,1.0
120130,Into the Forest of Fireflies' Light (2011),Animation|Drama|Fantasy,Into the Forest of Fireflies' Light,Animation Drama Fantasy,5.0,1.0
120138,PK (2014),Comedy|Drama|Fantasy|Mystery|Romance,PK,Comedy Drama Fantasy Mystery Romance,5.0,1.0
120466,Chappie (2015),Action|Thriller,Chappie,Action Thriller,3.25,10.0
120478,The Salt of the Earth (2014),Documentary,The Salt of the Earth,Documentary,4.333333333333333,3.0
120625,The Fool (2014),Drama,The Fool,Drama,4.5,1.0
120635,Taken 3 (2015),Action|Crime|Thriller,Taken 3,Action Crime Thriller,2.7,5.0
120637,Blackhat (2015),Action|Crime|Drama|Mystery|Thriller,Blackhat,Action Crime Drama Mystery Thriller,2.5,2.0
120761,By the Law (1926),Drama,By the Law,Drama,3.5,1.0
120783,Son of a Gun (2014),Action|Crime|Drama,Son of a Gun,Action Crime Drama,2.5,1.0
120799,Terminator Genisys (2015),Action|Adventure|Sci-Fi|Thriller,Terminator Genisys,Action Adventure Sci-Fi Thriller,2.5,9.0
120807,John Mulaney: New In Town (2012),Comedy,John Mulaney: New In Town,Comedy,4.0,1.0
120813,Patton Oswalt: My Weakness Is Strong (2009),Comedy,Patton Oswalt: My Weakness Is Strong,Comedy,4.5,1.0
120827,The Hound of the Baskervilles (1988),Crime|Drama|Horror|Mystery,The Hound of the Baskervilles,Crime Drama Horror Mystery,3.0,1.0
120919,Man on High Heels (2014),Action|Comedy,Man on High Heels,Action Comedy,3.0,1.0
121007,Space Buddies (2009),Adventure|Children|Fantasy|Sci-Fi,Space Buddies,Adventure Children Fantasy Sci-Fi,4.0,1.0
121035,Houdini (2014),Drama,Houdini,Drama,2.0,1.0
121097,To Grandmother's House We Go (1992),Adventure|Children|Comedy,To Grandmother's House We Go,Adventure Children Comedy,2.75,2.0
121099,101 Dalmatians II: Patch's London Adventure (2003),Animation|Children,101 Dalmatians II: Patch's London Adventure,Animation Children,2.5,1.0
121129,The Hungover Games (2014),Comedy,The Hungover Games,Comedy,2.5,1.0
121169,The Duke of Burgundy (2014),Drama,The Duke of Burgundy,Drama,3.5,1.0
121171,Red Army (2014),Documentary,Red Army,Documentary,4.0,1.0
121231,It Follows (2014),Horror,It Follows,Horror,4.125,4.0
121253,The Town that Dreaded Sundown (2014),Horror|Thriller,The Town that Dreaded Sundown,Horror Thriller,3.0,1.0
121338,Carry on Cabby (1963),Adventure|Comedy|Romance,Carry on Cabby,Adventure Comedy Romance,4.5,1.0
121342,Carry on Cruising (1962),Comedy|Romance,Carry on Cruising,Comedy Romance,3.5,1.0
121372,Bill Burr: Let It Go (2010),Comedy,Bill Burr: Let It Go,Comedy,4.5,1.0
121374,Bill Burr: Why Do I Do This? (2008),Comedy,Bill Burr: Why Do I Do This?,Comedy,4.5,1.0
121469,Killer Movie (2008),Comedy|Horror|Mystery|Thriller,Killer Movie,Comedy Horror Mystery Thriller,4.5,1.0
121715,Sebastian Maniscalco: What's Wrong with People? (2012),Comedy,Sebastian Maniscalco: What's Wrong with People?,Comedy,3.5,1.0
121781,Stuart Little 3: Call of the Wild (2005),Animation|Children|Comedy|Fantasy,Stuart Little 3: Call of the Wild,Animation Children Comedy Fantasy,5.0,1.0
122092,Guy X (2005),Comedy|War,Guy X,Comedy War,5.0,1.0
122246,Tooth Fairy 2 (2012),Children|Comedy,Tooth Fairy 2,Children Comedy,0.5,1.0
122260,The Diary of Anne Frank (2009),Drama|War,The Diary of Anne Frank,Drama War,2.5,1.0
122433,The Deadly Bees (1967),Horror|Mystery|Thriller,The Deadly Bees,Horror Mystery Thriller,1.0,1.0
122490,Wicked Blood (2014),Action|Drama|Thriller,Wicked Blood,Action Drama Thriller,1.5,1.0
122627,Oblivion 2: Backlash (1996),Sci-Fi,Oblivion 2: Backlash,Sci-Fi,0.5,1.0
122882,Mad Max: Fury Road (2015),Action|Adventure|Sci-Fi|Thriller,Mad Max: Fury Road,Action Adventure Sci-Fi Thriller,3.8191489361702127,47.0
122884,Insidious: Chapter 3 (2015),Fantasy|Horror|Thriller,Insidious: Chapter 3,Fantasy Horror Thriller,2.5,2.0
122886,Star Wars: Episode VII - The Force Awakens (2015),Action|Adventure|Fantasy|Sci-Fi|IMAX,Star Wars: Episode VII - The Force Awakens,Action Adventure Fantasy Sci-Fi IMAX,3.8536585365853657,41.0
122888,Ben-hur (2016),(no genres listed),Ben-hur,(no genres listed),0.5,1.0
122890,Warcraft (2016),Action|Adventure|Fantasy,Warcraft,Action Adventure Fantasy,3.4166666666666665,6.0
122892,Avengers: Age of Ultron (2015),Action|Adventure|Sci-Fi,Avengers: Age of Ultron,Action Adventure Sci-Fi,3.5185185185185186,27.0
122896,Pirates of the Caribbean: Dead Men Tell No Tales (2017),(no genres listed),Pirates of the Caribbean: Dead Men Tell No Tales,(no genres listed),3.7857142857142856,7.0
122898,Justice League (2017),Action|Adventure|Sci-Fi,Justice League,Action Adventure Sci-Fi,2.5,6.0
122900,Ant-Man (2015),Action|Adventure|Sci-Fi,Ant-Man,Action Adventure Sci-Fi,3.7222222222222223,27.0
122902,Fantastic Four (2015),Action|Adventure|Fantasy|Sci-Fi,Fantastic Four,Action Adventure Fantasy Sci-Fi,2.1,5.0
122904,Deadpool (2016),Action|Adventure|Comedy|Sci-Fi,Deadpool,Action Adventure Comedy Sci-Fi,3.8333333333333335,54.0
122906,Black Panther (2017),Action|Adventure|Sci-Fi,Black Panther,Action Adventure Sci-Fi,3.727272727272727,11.0
122912,Avengers: Infinity War - Part I (2018),Action|Adventure|Sci-Fi,Avengers: Infinity War - Part I,Action Adventure Sci-Fi,4.0,13.0
122916,Thor: Ragnarok (2017),Action|Adventure|Sci-Fi,Thor: Ragnarok,Action Adventure Sci-Fi,4.025,20.0
122918,Guardians of the Galaxy 2 (2017),Action|Adventure|Sci-Fi,Guardians of the Galaxy 2,Action Adventure Sci-Fi,3.925925925925926,27.0
122920,Captain America: Civil War (2016),Action|Sci-Fi|Thriller,Captain America: Civil War,Action Sci-Fi Thriller,3.6136363636363638,22.0
122922,Doctor Strange (2016),Action|Adventure|Sci-Fi,Doctor Strange,Action Adventure Sci-Fi,3.7045454545454546,22.0
122924,X-Men: Apocalypse (2016),Action|Adventure|Fantasy|Sci-Fi,X-Men: Apocalypse,Action Adventure Fantasy Sci-Fi,3.0714285714285716,14.0
122926,Untitled Spider-Man Reboot (2017),Action|Adventure|Fantasy,Untitled Spider-Man Reboot,Action Adventure Fantasy,4.15625,16.0
122932,Elsa & Fred (2014),Children|Comedy|Romance,Elsa & Fred,Children Comedy Romance,2.0,1.0
123200,Jim Jefferies: I Swear to God (2009),Comedy,Jim Jefferies: I Swear to God,Comedy,4.5,1.0
123310,Tornado! (1996),Action,Tornado!,Action,2.0,1.0
123545,The Blue Lagoon (1949),Drama|Romance,The Blue Lagoon,Drama Romance,3.0,1.0
123553,In the Name of the King III (2014),Action|Adventure|Drama|Fantasy,In the Name of the King III,Action Adventure Drama Fantasy,1.0,1.0
123947,Cake (2014),Drama,Cake,Drama,2.75,2.0
124273,Kevin Smith: Too Fat For 40 (2010),Comedy,Kevin Smith: Too Fat For 40,Comedy,4.5,1.0
124404,"Snowflake, the White Gorilla (2011)",Adventure|Animation|Children|Comedy,"Snowflake, the White Gorilla",Adventure Animation Children Comedy,5.0,1.0
124484,Kenny & Company (1976),Comedy|Drama,Kenny & Company,Comedy Drama,3.0,1.0
124851,Delirium (2014),Adventure|Romance|Sci-Fi,Delirium,Adventure Romance Sci-Fi,5.0,1.0
124853,Why Man Creates (1968),Animation|Documentary,Why Man Creates,Animation Documentary,4.0,1.0
124859,The Gambler (2014),Crime|Drama|Thriller,The Gambler,Crime Drama Thriller,2.0,1.0
125221,The Beast of Hollow Mountain (1956),Horror|Sci-Fi|Western,The Beast of Hollow Mountain,Horror Sci-Fi Western,0.5,1.0
125914,Mortdecai (2015),Adventure|Comedy|Mystery|Romance,Mortdecai,Adventure Comedy Mystery Romance,3.0,1.0
125916,Fifty Shades of Grey (2015),Drama|Romance,Fifty Shades of Grey,Drama Romance,1.0,3.0
125970,Halloweentown (1998),Adventure|Children|Comedy|Fantasy,Halloweentown,Adventure Children Comedy Fantasy,3.5,1.0
125974,Halloweentown High (2004),Adventure|Children|Comedy|Fantasy,Halloweentown High,Adventure Children Comedy Fantasy,3.75,2.0
126088,A Flintstones Christmas Carol (1994),Animation|Children|Comedy,A Flintstones Christmas Carol,Animation Children Comedy,5.0,1.0
126090,Hedgehog in the Fog (1975),Animation,Hedgehog in the Fog,Animation,4.5,1.0
126142,The Cave of the Golden Rose (1991),Adventure|Children|Fantasy,The Cave of the Golden Rose,Adventure Children Fantasy,4.0,1.0
126420,American Heist (2015),Action,American Heist,Action,1.5,1.0
126426,Solyaris (1968),Drama|Sci-Fi,Solyaris,Drama Sci-Fi,4.0,1.0
126430,The Pacific (2010),Action|Adventure|Drama|War,The Pacific,Action Adventure Drama War,4.75,2.0
126482,Strange Magic (2015),Animation|Children|Fantasy|Musical,Strange Magic,Animation Children Fantasy Musical,3.0,1.0
126548,The DUFF (2015),Comedy,The DUFF,Comedy,3.25,6.0
126577,"Daddy, I'm A Zombie (2012)",Animation|Comedy|Fantasy,"Daddy, I'm A Zombie",Animation Comedy Fantasy,4.0,1.0
126921,The Fox and the Hound 2 (2006),Adventure|Animation|Children|Comedy,The Fox and the Hound 2,Adventure Animation Children Comedy,5.0,1.0
127052,Operation 'Y' & Other Shurik's Adventures (1965),Comedy|Crime|Romance,Operation 'Y' & Other Shurik's Adventures,Comedy Crime Romance,3.8333333333333335,3.0
127096,Project Almanac (2015),Sci-Fi|Thriller,Project Almanac,Sci-Fi Thriller,3.75,4.0
127098,Louis C.K.: Live at The Comedy Store (2015),Comedy,Louis C.K.: Live at The Comedy Store,Comedy,4.375,4.0
127108,Brooklyn (2015),Drama|Romance,Brooklyn,Drama Romance,3.875,4.0
127114,The End of the Tour (2015),Drama,The End of the Tour,Drama,4.0,1.0
127116,Experimenter (2015),Drama,Experimenter,Drama,4.5,1.0
127130,Mistress America (2015),Comedy,Mistress America,Comedy,4.0,1.0
127132,Zipper (2015),Drama|Thriller,Zipper,Drama Thriller,2.0,1.0
127134,A Walk in the Woods (2015),Adventure|Comedy|Drama,A Walk in the Woods,Adventure Comedy Drama,3.5,1.0
127136,True Story (2015),Drama|Mystery|Thriller,True Story,Drama Mystery Thriller,3.25,2.0
127146,Kurt Cobain: Montage of Heck (2015),Documentary,Kurt Cobain: Montage of Heck,Documentary,3.0,1.0
127152,Going Clear: Scientology and the Prison of Belief (2015),Documentary,Going Clear: Scientology and the Prison of Belief,Documentary,4.25,2.0
127164,"What Happened, Miss Simone? (2015)",Documentary,"What Happened, Miss Simone?",Documentary,3.5,1.0
127172,A Story of Children and Film (2013),Documentary,A Story of Children and Film,Documentary,3.5,1.0
127180,"Story of Film: An Odyssey, The (2011)",Documentary,"Story of Film: An Odyssey, The",Documentary,4.0,1.0
127184,Eden (2014),Drama,Eden,Drama,4.0,1.0
127194,The D Train (2015),Comedy,The D Train,Comedy,2.0,1.0
127198,Dope (2015),Comedy|Drama,Dope,Comedy Drama,3.5833333333333335,6.0
127202,Me and Earl and the Dying Girl (2015),Drama,Me and Earl and the Dying Girl,Drama,3.75,6.0
127204,The Overnight (2015),Comedy,The Overnight,Comedy,3.75,2.0
127212,The Stanford Prison Experiment (2015),Drama|Thriller,The Stanford Prison Experiment,Drama Thriller,4.5,1.0
127298,A Pigeon Sat on a Branch Reflecting on Existence (2014),Comedy|Drama,A Pigeon Sat on a Branch Reflecting on Existence,Comedy Drama,4.0,2.0
127319,The Loft (2014),Thriller,The Loft,Thriller,1.5,1.0
127323,Vice (2015),Action|Adventure|Sci-Fi|Thriller,Vice,Action Adventure Sci-Fi Thriller,1.0,1.0
127390,Family Guy Presents: Blue Harvest (2007),Animation|Comedy,Family Guy Presents: Blue Harvest,Animation Comedy,4.0,1.0
128087,Trinity and Sartana Are Coming (1972),Comedy|Western,Trinity and Sartana Are Coming,Comedy Western,5.0,1.0
128089,Kevin Hart: I'm a Grown Little Man (2009),Comedy,Kevin Hart: I'm a Grown Little Man,Comedy,4.5,1.0
128097,Jim Norton: American Degenerate (2013),Comedy,Jim Norton: American Degenerate,Comedy,4.0,1.0
128099,Jim Jefferies: BARE (2014),Comedy,Jim Jefferies: BARE,Comedy,4.5,1.0
128197,Hard Promises (1991),Comedy|Romance,Hard Promises,Comedy Romance,2.0,1.0
128360,The Hateful Eight (2015),Western,The Hateful Eight,Western,3.75,18.0
128366,Patton Oswalt: Tragedy Plus Comedy Equals Time (2014),Comedy,Patton Oswalt: Tragedy Plus Comedy Equals Time,Comedy,4.0,1.0
128488,Wild Card (2015),Action|Crime|Drama|Thriller,Wild Card,Action Crime Drama Thriller,3.0,1.0
128512,Paper Towns (2015),Drama|Mystery|Romance,Paper Towns,Drama Mystery Romance,2.0,2.0
128520,The Wedding Ringer (2015),Comedy,The Wedding Ringer,Comedy,3.8,5.0
128542,Wyrmwood (2015),Action|Horror|Sci-Fi,Wyrmwood,Action Horror Sci-Fi,3.5,1.0
128592,The Boy Next Door (2015),Mystery|Thriller,The Boy Next Door,Mystery Thriller,1.0,1.0
128594,Boy Meets Girl (2015),Comedy|Drama|Romance,Boy Meets Girl,Comedy Drama Romance,4.0,1.0
128620,Victoria (2015),Crime|Drama|Romance,Victoria,Crime Drama Romance,3.9,5.0
128695,The Dark Valley (2014),Western,The Dark Valley,Western,2.5,1.0
128736,I'm Here (2010),Drama,I'm Here,Drama,3.5,1.0
128832,The Last Five Years (2014),Comedy|Drama|Musical|Romance,The Last Five Years,Comedy Drama Musical Romance,3.5,1.0
128838,Crimson Peak (2015),Horror,Crimson Peak,Horror,3.5,1.0
128842,Dragonheart 3: The Sorcerer's Curse (2015),Action|Adventure|Fantasy,Dragonheart 3: The Sorcerer's Curse,Action Adventure Fantasy,4.0,1.0
128852,Chris Rock: Bigger & Blacker (1999),Comedy,Chris Rock: Bigger & Blacker,Comedy,3.75,2.0
128900,The Natural Love (1996),Documentary,The Natural Love,Documentary,4.5,1.0
128902,The Forgotten Space (2010),Documentary,The Forgotten Space,Documentary,4.0,1.0
128908,Cloudburst (2011),Adventure|Comedy|Drama,Cloudburst,Adventure Comedy Drama,4.0,1.0
128914,Tom Segura: Completely Normal (2014),Comedy,Tom Segura: Completely Normal,Comedy,5.0,1.0
128944,"Honey, We Shrunk Ourselves (1997)",Action|Adventure|Children|Comedy|Sci-Fi,"Honey, We Shrunk Ourselves",Action Adventure Children Comedy Sci-Fi,3.5,1.0
128968,Stitch! The Movie (2003),Animation|Children|Comedy,Stitch! The Movie,Animation Children Comedy,4.0,2.0
128975,Hot Tub Time Machine 2 (2015),Comedy|Sci-Fi,Hot Tub Time Machine 2,Comedy Sci-Fi,2.875,4.0
128991,Johnny Express (2014),Animation|Comedy|Sci-Fi,Johnny Express,Animation Comedy Sci-Fi,4.5,1.0
129011,Eddie Izzard: Glorious (1997),Comedy,Eddie Izzard: Glorious,Comedy,3.5,1.0
129229,Northmen - A Viking Saga (2014),Action|Adventure,Northmen - A Viking Saga,Action Adventure,2.0,1.0
129250,Superfast! (2015),(no genres listed),Superfast!,(no genres listed),0.5,1.0
129313,Reality (2014),Comedy,Reality,Comedy,4.0,1.0
129333,Julia (2014),Horror|Thriller,Julia,Horror Thriller,1.5,1.0
129354,Focus (2015),Comedy|Crime|Drama|Romance,Focus,Comedy Crime Drama Romance,3.25,10.0
129397,Marvel One-Shot: Item 47 (2012),Action|Fantasy|Sci-Fi,Marvel One-Shot: Item 47,Action Fantasy Sci-Fi,2.75,2.0
129428,The Second Best Exotic Marigold Hotel (2015),Comedy|Drama,The Second Best Exotic Marigold Hotel,Comedy Drama,3.0,2.0
129514,George Carlin: It's Bad for Ya! (2008),Comedy,George Carlin: It's Bad for Ya!,Comedy,5.0,1.0
129657,Tracers (2015),Action,Tracers,Action,1.0,1.0
129659,"McFarland, USA (2015)",Drama,"McFarland, USA",Drama,3.5,1.0
129737,Unfinished Business (2015),Comedy,Unfinished Business,Comedy,2.25,2.0
129779,Ghost in the Shell Arise - Border 1: Ghost Pain (2013),Action|Animation|Sci-Fi,Ghost in the Shell Arise - Border 1: Ghost Pain,Action Animation Sci-Fi,2.5,1.0
129937,Run All Night (2015),Action|Crime|Drama|Thriller,Run All Night,Action Crime Drama Thriller,2.1666666666666665,3.0
130050,Digging Up the Marrow (2014),Drama|Fantasy|Horror|Mystery|Thriller,Digging Up the Marrow,Drama Fantasy Horror Mystery Thriller,3.0,1.0
130052,Clown (2014),Drama|Horror,Clown,Drama Horror,3.5,1.0
130073,Cinderella (2015),Children|Drama|Fantasy|Romance,Cinderella,Children Drama Fantasy Romance,4.0,1.0
130083,Kidnapping Mr. Heineken (2015),Action|Crime|Drama|Thriller,Kidnapping Mr. Heineken,Action Crime Drama Thriller,2.0,1.0
130087,The Cobbler (2015),Comedy|Drama|Fantasy,The Cobbler,Comedy Drama Fantasy,3.75,2.0
130444,Ruby Red (2013),Adventure|Children|Fantasy|Sci-Fi,Ruby Red,Adventure Children Fantasy Sci-Fi,4.0,1.0
130450,Pan (2015),Adventure|Children|Fantasy,Pan,Adventure Children Fantasy,2.5,3.0
130452,While We're Young (2014),Comedy|Drama,While We're Young,Comedy Drama,4.0,1.0
130482,Too Late for Tears (1949),Crime|Drama|Film-Noir|Mystery|Thriller,Too Late for Tears,Crime Drama Film-Noir Mystery Thriller,4.0,1.0
130490,Insurgent (2015),Action|Sci-Fi|Thriller,Insurgent,Action Sci-Fi Thriller,2.8333333333333335,6.0
130498,La vérité si je mens ! (1997),Comedy,La vérité si je mens !,Comedy,3.5,1.0
130518,The Amazing Screw-On Head (2006),Action|Adventure|Animation|Comedy|Sci-Fi,The Amazing Screw-On Head,Action Adventure Animation Comedy Sci-Fi,4.0,3.0
130520,Home (2015),Adventure|Animation|Children|Comedy|Fantasy|Sci-Fi,Home,Adventure Animation Children Comedy Fantasy Sci-Fi,3.25,8.0
130576,Midnight Special (2015),Drama|Sci-Fi,Midnight Special,Drama Sci-Fi,2.375,4.0
130578,"Gunman, The (2015)",Action|Thriller,"Gunman, The",Action Thriller,4.0,1.0
130634,Furious 7 (2015),Action|Crime|Thriller,Furious 7,Action Crime Thriller,2.75,6.0
130686,The Final Girls (2015),Comedy|Horror,The Final Girls,Comedy Horror,3.0,1.0
130840,Spring (2015),Horror|Romance|Sci-Fi,Spring,Horror Romance Sci-Fi,4.5,1.0
130842,Power/Rangers (2015),Action|Adventure|Sci-Fi,Power/Rangers,Action Adventure Sci-Fi,4.0,1.0
130970,George Carlin: Life Is Worth Losing (2005),Comedy,George Carlin: Life Is Worth Losing,Comedy,5.0,1.0
130976,Legend No. 17 (2013),Drama,Legend No. 17,Drama,4.5,1.0
130978,Love and Pigeons (1985),Comedy|Romance,Love and Pigeons,Comedy Romance,5.0,1.0
131013,Get Hard (2015),Comedy|Crime,Get Hard,Comedy Crime,3.125,8.0
131023,That Sugar Film (2014),Documentary,That Sugar Film,Documentary,4.5,1.0
131098,Saving Santa (2013),Animation|Children|Comedy,Saving Santa,Animation Children Comedy,5.0,1.0
131104,The Brain (1969),Comedy|Crime,The Brain,Comedy Crime,4.5,1.0
131130,Tom and Jerry: A Nutcracker Tale (2007),Animation|Comedy,Tom and Jerry: A Nutcracker Tale,Animation Comedy,5.0,1.0
131237,What Men Talk About (2010),Comedy,What Men Talk About,Comedy,5.0,1.0
131439,Kill Me Three Times (2014),Thriller,Kill Me Three Times,Thriller,3.0,1.0
131480,Poker Night (2014),Action|Crime|Thriller,Poker Night,Action Crime Thriller,2.0,1.0
131578,Reckless Kelly (1994),Comedy,Reckless Kelly,Comedy,2.5,1.0
131610,Willy/Milly (1986),Comedy|Fantasy,Willy/Milly,Comedy Fantasy,5.0,1.0
131656,Shaun the Sheep Movie (2015),Adventure|Animation|Children|Comedy,Shaun the Sheep Movie,Adventure Animation Children Comedy,3.0,2.0
131714,Last Knights (2015),Action|Adventure,Last Knights,Action Adventure,3.0,3.0
131724,The Jinx: The Life and Deaths of Robert Durst (2015),Documentary,The Jinx: The Life and Deaths of Robert Durst,Documentary,5.0,1.0
131739,Batman vs. Robin (2015),Action|Adventure|Animation,Batman vs. Robin,Action Adventure Animation,3.0,1.0
131749,Libre et assoupi (2014),Comedy,Libre et assoupi,Comedy,3.0,1.0
131796,Woman in Gold (2015),Drama,Woman in Gold,Drama,4.0,1.0
131826,Iliza Shlesinger: Freezing Hot (2015),Comedy,Iliza Shlesinger: Freezing Hot,Comedy,3.75,2.0
131920,The Road Within (2014),Comedy|Drama,The Road Within,Comedy Drama,4.5,1.0
131934,The Malibu Bikini Shop (1986),Comedy,The Malibu Bikini Shop,Comedy,1.0,1.0
132046,Tomorrowland (2015),Action|Adventure|Children|Mystery|Sci-Fi,Tomorrowland,Action Adventure Children Mystery Sci-Fi,2.5,7.0
132084,Let It Be Me (1995),(no genres listed),Let It Be Me,(no genres listed),2.5,1.0
132153,Buzzard (2015),Comedy|Drama|Horror,Buzzard,Comedy Drama Horror,5.0,1.0
132157,Paul Blart: Mall Cop 2 (2015),Action|Comedy|Crime,Paul Blart: Mall Cop 2,Action Comedy Crime,2.75,4.0
132333,Seve (2014),Documentary|Drama,Seve,Documentary Drama,5.0,1.0
132335,Breathe (2014),Drama,Breathe,Drama,1.0,1.0
132362,Patlabor 2: The Movie (1993),Action|Animation|Sci-Fi,Patlabor 2: The Movie,Action Animation Sci-Fi,3.5,1.0
132422,Da Sweet Blood of Jesus (2014),Comedy|Romance|Thriller,Da Sweet Blood of Jesus,Comedy Romance Thriller,3.25,2.0
132424,The Longest Ride (2015),Drama|Romance,The Longest Ride,Drama Romance,1.75,2.0
132454,Girltrash: All Night Long (2014),Comedy|Crime|Drama,Girltrash: All Night Long,Comedy Crime Drama,3.5,1.0
132462,Sword of Vengeance (2014),Action|Adventure|Drama,Sword of Vengeance,Action Adventure Drama,1.0,1.0
132488,Lovesick (2014),Comedy|Romance,Lovesick,Comedy Romance,2.0,1.0
132496,Danny Collins (2015),Comedy|Drama,Danny Collins,Comedy Drama,4.5,1.0
132584,The Even Stevens Movie (2003),Children|Comedy,The Even Stevens Movie,Children Comedy,3.5,1.0
132618,Kite (2014),Action|Crime|Drama|Mystery|Thriller,Kite,Action Crime Drama Mystery Thriller,1.5,1.0
132660,Man Up (2015),Comedy|Romance,Man Up,Comedy Romance,3.75,2.0
132796,San Andreas (2015),Action|Drama|Thriller,San Andreas,Action Drama Thriller,1.875,4.0
132800,Welcome to Me (2014),Comedy|Drama,Welcome to Me,Comedy Drama,3.0,2.0
132888,Comedy Central Roast of James Franco (2013),Comedy,Comedy Central Roast of James Franco,Comedy,3.0,1.0
133115,We Could Be King (2014),Documentary,We Could Be King,Documentary,4.0,1.0
133195,Hitman: Agent 47 (2015),Action|Crime|Thriller,Hitman: Agent 47,Action Crime Thriller,1.5,1.0
133217,B/W (2015),Comedy|Crime|Sci-Fi,B/W,Comedy Crime Sci-Fi,3.5,1.0
133281,Ricki and the Flash (2015),Comedy|Drama,Ricki and the Flash,Comedy Drama,2.0,1.0
133365,Partisan (2015),Drama|Thriller,Partisan,Drama Thriller,2.0,1.0
133377,Infini (2015),Horror|Sci-Fi|Thriller,Infini,Horror Sci-Fi Thriller,1.5,1.0
133419,Pitch Perfect 2 (2015),Comedy,Pitch Perfect 2,Comedy,3.4444444444444446,9.0
133545,Just Before I Go (2014),Comedy|Drama,Just Before I Go,Comedy Drama,1.0,1.0
133645,Carol (2015),Drama|Romance,Carol,Drama Romance,4.0,1.0
133712,Office Romance (1977),Comedy|Romance,Office Romance,Comedy Romance,3.75,2.0
133716,Bootleggers (1961),Comedy|Crime,Bootleggers,Comedy Crime,4.5,1.0
133771,The Lobster (2015),Comedy|Romance|Sci-Fi,The Lobster,Comedy Romance Sci-Fi,4.0,7.0
133780,Güeros (2014),Comedy|Drama,Güeros,Comedy Drama,3.0,1.0
133782,Maggie (2015),Drama|Horror|Thriller,Maggie,Drama Horror Thriller,2.0,1.0
133798,Hot Pursuit (2015),Action|Comedy,Hot Pursuit,Action Comedy,1.5,1.0
133802,Slow West (2015),Action|Thriller|Western,Slow West,Action Thriller Western,4.25,2.0
133832,The Green Inferno (2014),Horror|Thriller,The Green Inferno,Horror Thriller,3.5,1.0
133867,Barely Lethal (2015),Action|Adventure|Comedy,Barely Lethal,Action Adventure Comedy,4.5,1.0
133879,Carry On Don't Lose Your Head (1966),Comedy,Carry On Don't Lose Your Head,Comedy,4.0,1.0
134004,What Love Is (2007),Comedy|Romance,What Love Is,Comedy Romance,5.0,1.0
134019,The Monkey King (1964),Animation,The Monkey King,Animation,3.5,1.0
134021,5 to 7 (2014),Comedy|Drama|Romance,5 to 7,Comedy Drama Romance,2.5,1.0
134041,Afonya (1975),Comedy|Drama|Romance,Afonya,Comedy Drama Romance,4.0,1.0
134095,My Love (2006),Animation|Drama,My Love,Animation Drama,5.0,1.0
134109,Radio Day (2008),Comedy,Radio Day,Comedy,5.0,1.0
134130,The Martian (2015),Adventure|Drama|Sci-Fi,The Martian,Adventure Drama Sci-Fi,4.0,48.0
134158,Return to Sender (2015),Thriller,Return to Sender,Thriller,1.5,1.0
134170,Kung Fury (2015),Action|Comedy|Fantasy|Sci-Fi,Kung Fury,Action Comedy Fantasy Sci-Fi,3.7142857142857144,7.0
134184,Elections Day (2007),Comedy,Elections Day,Comedy,4.5,1.0
134214,Youth (2015),Drama,Youth,Drama,3.5,4.0
134246,Survivor (2015),Action|Thriller,Survivor,Action Thriller,0.5,1.0
134248,Hot Girls Wanted (2015),Documentary,Hot Girls Wanted,Documentary,3.0,1.0
134252,That Munchhausen (1979),Comedy|Drama|Fantasy,That Munchhausen,Comedy Drama Fantasy,4.5,1.0
134326,The Taming of the Scoundrel (1980),Comedy,The Taming of the Scoundrel,Comedy,4.5,1.0
134334,Phir Hera Pheri (2006),Comedy,Phir Hera Pheri,Comedy,4.5,1.0
134368,Spy (2015),Action|Comedy|Crime,Spy,Action Comedy Crime,3.6875,16.0
134393,Trainwreck (2015),Comedy|Romance,Trainwreck,Comedy Romance,3.2,10.0
134515,BMX Bandits (1983),Adventure|Crime|Drama,BMX Bandits,Adventure Crime Drama,3.0,1.0
134524,Turtle Power: The Definitive History of the Teenage Mutant Ninja Turtles (2014),Documentary,Turtle Power: The Definitive History of the Teenage Mutant Ninja Turtles,Documentary,3.0,1.0
134528,Aloha (2015),Comedy|Drama|Romance,Aloha,Comedy Drama Romance,0.5,1.0
134775,Dragon Blade (2015),Action|Adventure|Drama,Dragon Blade,Action Adventure Drama,2.0,1.0
134783,Entourage (2015),Comedy,Entourage,Comedy,2.0,1.0
134796,Bitter Lake (2015),Documentary,Bitter Lake,Documentary,5.0,1.0
134808,No Way Jose (2015),Comedy,No Way Jose,Comedy,2.0,1.0
134847,Ghost Graduation (2012),Comedy,Ghost Graduation,Comedy,5.0,1.0
134849,Duck Amuck (1953),Animation|Children|Comedy,Duck Amuck,Animation Children Comedy,4.0,1.0
134853,Inside Out (2015),Adventure|Animation|Children|Comedy|Drama|Fantasy,Inside Out,Adventure Animation Children Comedy Drama Fantasy,3.813953488372093,43.0
134859,The Wolfpack (2015),Documentary,The Wolfpack,Documentary,3.5,1.0
134861,Trevor Noah: African American (2013),(no genres listed),Trevor Noah: African American,(no genres listed),2.5,1.0
134881,Love & Mercy (2014),Drama,Love & Mercy,Drama,4.333333333333333,3.0
135133,The Hunger Games: Mockingjay - Part 2 (2015),Adventure|Sci-Fi,The Hunger Games: Mockingjay - Part 2,Adventure Sci-Fi,3.7,10.0
135137,Pixels (2015),Action|Comedy|Sci-Fi,Pixels,Action Comedy Sci-Fi,2.5833333333333335,6.0
135143,Fantastic Beasts and Where to Find Them (2016),Fantasy,Fantastic Beasts and Where to Find Them,Fantasy,3.6785714285714284,14.0
135198,The Hairdresser (2010),Comedy|Drama,The Hairdresser,Comedy Drama,4.0,1.0
135216,The Star Wars Holiday Special (1978),Adventure|Children|Comedy|Sci-Fi,The Star Wars Holiday Special,Adventure Children Comedy Sci-Fi,0.5,1.0
135288,Mr. Holmes (2015),Drama|Mystery,Mr. Holmes,Drama Mystery,3.0,1.0
135436,The Secret Life of Pets (2016),Animation|Comedy,The Secret Life of Pets,Animation Comedy,3.0714285714285716,7.0
135456,Ghost in the Shell: Stand Alone Complex - The Laughing Man (2005),Action|Animation|Crime|Sci-Fi,Ghost in the Shell: Stand Alone Complex - The Laughing Man,Action Animation Crime Sci-Fi,3.25,2.0
135518,Self/less (2015),Action|Mystery|Sci-Fi|Thriller,Self/less,Action Mystery Sci-Fi Thriller,2.75,2.0
135532,The Last Witch Hunter (2015),Action|Adventure|Fantasy,The Last Witch Hunter,Action Adventure Fantasy,3.3333333333333335,3.0
135534,Krampus (2015),Comedy|Fantasy|Horror,Krampus,Comedy Fantasy Horror,3.5,1.0
135536,Suicide Squad (2016),Action|Crime|Sci-Fi,Suicide Squad,Action Crime Sci-Fi,2.9166666666666665,12.0
135567,Independence Day: Resurgence (2016),Action|Adventure|Sci-Fi,Independence Day: Resurgence,Action Adventure Sci-Fi,2.375,4.0
135569,Star Trek Beyond (2016),Action|Adventure|Sci-Fi,Star Trek Beyond,Action Adventure Sci-Fi,3.466666666666667,15.0
135777,Golmaal (2006),Children|Comedy,Golmaal,Children Comedy,4.5,1.0
135787,Bruce Lee: A Warrior's Journey (2000),Documentary,Bruce Lee: A Warrior's Journey,Documentary,3.5,1.0
135803,Five Element Ninjas (1982),Action,Five Element Ninjas,Action,3.5,1.0
135815,The Magnificent Ruffians (1979),Action|Drama,The Magnificent Ruffians,Action Drama,4.0,1.0
135861,Ted 2 (2015),Comedy,Ted 2,Comedy,2.7777777777777777,9.0
135885,Absolutely Anything (2015),Comedy|Sci-Fi,Absolutely Anything,Comedy Sci-Fi,3.0,1.0
135887,Minions (2015),Adventure|Animation|Children|Comedy,Minions,Adventure Animation Children Comedy,3.1666666666666665,15.0
135937,The Silence of the Hams (1994),Comedy|Thriller,The Silence of the Hams,Comedy Thriller,3.0,1.0
136012,Bloodsport III (1996),Action|Thriller,Bloodsport III,Action Thriller,1.5,1.0
136016,The Good Dinosaur (2015),Adventure|Animation|Children|Comedy|Fantasy,The Good Dinosaur,Adventure Animation Children Comedy Fantasy,3.0,4.0
136018,Black Mass (2015),Crime|Drama,Black Mass,Crime Drama,2.5,3.0
136020,Spectre (2015),Action|Adventure|Crime,Spectre,Action Adventure Crime,3.0588235294117645,17.0
136024,The Professional: Golgo 13 (1983),Action|Animation|Crime,The Professional: Golgo 13,Action Animation Crime,3.0,1.0
136297,Mortal Kombat: The Journey Begins (1995),Action|Animation,Mortal Kombat: The Journey Begins,Action Animation,0.5,1.0
136305,Sharknado 3: Oh Hell No! (2015),Horror|Sci-Fi,Sharknado 3: Oh Hell No!,Horror Sci-Fi,1.0,2.0
136341,Scooby-Doo! and the Samurai Sword (2009),Animation|Children|Comedy,Scooby-Doo! and the Samurai Sword,Animation Children Comedy,5.0,1.0
136353,Scooby-Doo! and the Loch Ness Monster (2004),Animation|Children|Comedy,Scooby-Doo! and the Loch Ness Monster,Animation Children Comedy,5.0,1.0
136355,Big Top Scooby-Doo! (2012),Animation|Children|Comedy,Big Top Scooby-Doo!,Animation Children Comedy,5.0,1.0
136359,Scooby-Doo Goes Hollywood (1979),Animation|Children|Comedy,Scooby-Doo Goes Hollywood,Animation Children Comedy,5.0,1.0
136443,Gabriel Iglesias: Hot and Fluffy (2007),Comedy,Gabriel Iglesias: Hot and Fluffy,Comedy,1.5,1.0
136445,George Carlin: Back in Town (1996),Comedy,George Carlin: Back in Town,Comedy,5.0,1.0
136447,George Carlin: You Are All Diseased (1999),Comedy,George Carlin: You Are All Diseased,Comedy,5.0,1.0
136449,Ghost in the Shell 2.0 (2008),Action|Animation|Sci-Fi,Ghost in the Shell 2.0,Action Animation Sci-Fi,3.75,2.0
136469,Larry David: Curb Your Enthusiasm (1999),Comedy,Larry David: Curb Your Enthusiasm,Comedy,5.0,1.0
136471,Kevin Hart: Laugh at My Pain (2011),Comedy|Documentary,Kevin Hart: Laugh at My Pain,Comedy Documentary,3.5,1.0
136503,Tom and Jerry: Shiver Me Whiskers (2006),Animation|Children|Comedy,Tom and Jerry: Shiver Me Whiskers,Animation Children Comedy,5.0,1.0
136511,Jeff Dunham: All Over the Map (2014),Comedy,Jeff Dunham: All Over the Map,Comedy,2.0,1.0
136540,The FP (2012),Comedy,The FP,Comedy,4.5,1.0
136556,Kung Fu Panda: Secrets of the Masters (2011),Animation|Children,Kung Fu Panda: Secrets of the Masters,Animation Children,5.0,1.0
136562,Steve Jobs (2015),Drama,Steve Jobs,Drama,3.75,6.0
136564,Macbeth (2015),Drama,Macbeth,Drama,2.5,1.0
136598,Vacation (2015),Adventure|Comedy,Vacation,Adventure Comedy,3.4166666666666665,6.0
136602,Creep (2014),Horror|Thriller,Creep,Horror Thriller,3.0,2.0
136654,The Face of an Angel (2015),Drama,The Face of an Angel,Drama,1.5,1.0
136664,Wild Horses (2015),Crime|Drama,Wild Horses,Crime Drama,1.0,1.0
136666,Search Party (2014),Comedy,Search Party,Comedy,2.25,2.0
136778,The Squeeze (2015),Comedy|Drama,The Squeeze,Comedy Drama,2.0,1.0
136786,Careful What You Wish For (2015),Thriller,Careful What You Wish For,Thriller,1.5,1.0
136800,Robot Overlords (2014),Action|Adventure|Sci-Fi,Robot Overlords,Action Adventure Sci-Fi,1.5,1.0
136816,Bad Asses on the Bayou (2015),Action|Comedy,Bad Asses on the Bayou,Action Comedy,2.5,1.0
136834,The Eye: Infinity (2005),Horror,The Eye: Infinity,Horror,5.0,1.0
136838,Kiss me Kismet (2006),Comedy|Romance,Kiss me Kismet,Comedy Romance,2.5,1.0
136840,Da geht noch was! (2013),Comedy|Drama|Romance,Da geht noch was!,Comedy Drama Romance,3.5,1.0
136850,Villain (1971),Crime|Drama|Thriller,Villain,Crime Drama Thriller,5.0,1.0
136859,The Lovers (2015),Action|Adventure|Romance|Sci-Fi,The Lovers,Action Adventure Romance Sci-Fi,1.5,1.0
136864,Batman v Superman: Dawn of Justice (2016),Action|Adventure|Fantasy|Sci-Fi,Batman v Superman: Dawn of Justice,Action Adventure Fantasy Sci-Fi,2.34375,16.0
136912,God Loves Caviar (2012),Adventure,God Loves Caviar,Adventure,2.0,1.0
136958,Mortuary (1983),Horror,Mortuary,Horror,2.0,1.0
137218,April Morning (1988),Drama,April Morning,Drama,2.5,1.0
137337,Amy (2015),Documentary,Amy,Documentary,3.5,4.0
137345,That Demon Within (2014),Crime|Thriller,That Demon Within,Crime Thriller,2.0,1.0
137517,Carnival Magic (1981),Drama|Fantasy,Carnival Magic,Drama Fantasy,0.5,1.0
137595,Magic Mike XXL (2015),Comedy|Drama,Magic Mike XXL,Comedy Drama,4.0,1.0
137857,The Jungle Book (2016),Adventure|Drama|Fantasy,The Jungle Book,Adventure Drama Fantasy,3.6363636363636362,11.0
137859,Dragon Ball Z Gaiden: The Plot to Destroy the Saiyans (1993),Action|Adventure|Animation,Dragon Ball Z Gaiden: The Plot to Destroy the Saiyans,Action Adventure Animation,4.0,1.0
137863,Dragon Ball Z: Resurrection of F (2015),Action|Adventure|Animation|Fantasy,Dragon Ball Z: Resurrection of F,Action Adventure Animation Fantasy,4.0,1.0
138036,The Man from U.N.C.L.E. (2015),Action|Adventure|Comedy,The Man from U.N.C.L.E.,Action Adventure Comedy,3.4722222222222223,18.0
138186,Sorrow (2015),Crime|Drama|Horror,Sorrow,Crime Drama Horror,0.5,1.0
138204,7 Days in Hell (2015),Comedy,7 Days in Hell,Comedy,4.0,2.0
138208,The Walk (2015),Adventure|Drama|Thriller,The Walk,Adventure Drama Thriller,3.0,2.0
138210,13 Hours (2016),Drama,13 Hours,Drama,3.3,5.0
138396,There Will Come a Day (2013),Comedy|Drama,There Will Come a Day,Comedy Drama,3.5,1.0
138546,The Opposite Sex (2014),Comedy,The Opposite Sex,Comedy,1.5,1.0
138610,The Gallows (2015),Horror|Thriller,The Gallows,Horror Thriller,1.5,1.0
138632,Tokyo Tribe (2014),Action|Crime|Drama|Sci-Fi,Tokyo Tribe,Action Crime Drama Sci-Fi,5.0,1.0
138702,Feast (2014),Animation|Children|Comedy|Drama|Romance,Feast,Animation Children Comedy Drama Romance,3.0,1.0
138798,Joe Dirt 2: Beautiful Loser (2015),Comedy,Joe Dirt 2: Beautiful Loser,Comedy,0.5,1.0
138835,Return to Treasure Island (1988),Adventure|Animation|Comedy,Return to Treasure Island,Adventure Animation Comedy,5.0,1.0
138966,Nasu: Summer in Andalusia (2003),Animation,Nasu: Summer in Andalusia,Animation,5.0,1.0
139052,Dark Places (2015),Drama|Mystery|Thriller,Dark Places,Drama Mystery Thriller,2.0,1.0
139130,Afro Samurai (2007),Action|Adventure|Animation|Drama|Fantasy,Afro Samurai,Action Adventure Animation Drama Fantasy,2.5,1.0
139157,Massu Engira Maasilamani (2015),Comedy|Horror|Thriller,Massu Engira Maasilamani,Comedy Horror Thriller,4.5,1.0
139385,The Revenant (2015),Adventure|Drama,The Revenant,Adventure Drama,3.903225806451613,31.0
139415,Irrational Man (2015),Crime|Drama,Irrational Man,Crime Drama,3.0,1.0
139511,Exte: Hair Extensions (2007),Horror,Exte: Hair Extensions,Horror,3.0,1.0
139640,Ooops! Noah is Gone... (2015),Animation,Ooops! Noah is Gone...,Animation,5.0,1.0
139642,Southpaw (2015),Action|Drama,Southpaw,Action Drama,2.8333333333333335,6.0
139644,Sicario (2015),Crime|Drama|Mystery,Sicario,Crime Drama Mystery,3.5454545454545454,11.0
139655,Goodnight Mommy (Ich seh ich seh) (2014),Drama|Fantasy|Horror|Thriller,Goodnight Mommy (Ich seh ich seh),Drama Fantasy Horror Thriller,3.0,1.0
139717,10 Cent Pistol (2015),Crime|Thriller,10 Cent Pistol,Crime Thriller,1.25,2.0
139747,Before We Go (2014),Romance,Before We Go,Romance,3.5,1.0
139855,Anomalisa (2015),Animation|Comedy|Fantasy,Anomalisa,Animation Comedy Fantasy,3.25,2.0
139857,Colonia (2016),Thriller,Colonia,Thriller,1.5,1.0
139859,Ghost in the Shell Arise - Border 2: Ghost Whispers (2013),Action|Animation|Sci-Fi|Thriller,Ghost in the Shell Arise - Border 2: Ghost Whispers,Action Animation Sci-Fi Thriller,2.5,1.0
139915,How to Make Love Like an Englishman (2014),Comedy|Romance,How to Make Love Like an Englishman,Comedy Romance,2.25,2.0
139994,Fracchia contro Dracula (1985),Comedy|Horror,Fracchia contro Dracula,Comedy Horror,4.0,1.0
140016,Always Watching: A Marble Hornets Story (2015),Horror,Always Watching: A Marble Hornets Story,Horror,2.0,1.0
140038,Madly in Love (1981),Comedy,Madly in Love,Comedy,4.5,1.0
140110,The Intern (2015),Comedy,The Intern,Comedy,3.6538461538461537,13.0
140133,Hollywood Chainsaw Hookers (1988),Comedy|Horror,Hollywood Chainsaw Hookers,Comedy Horror,5.0,1.0
140162,Love (2015),Drama|Romance,Love,Drama Romance,4.5,1.0
140174,Room (2015),Drama,Room,Drama,3.5625,8.0
140237,The Runner (2015),Drama,The Runner,Drama,2.0,1.0
140247,The Gift (2015),Drama|Horror,The Gift,Drama Horror,3.25,4.0
140265,George Carlin: Jammin' in New York (1992),Comedy,George Carlin: Jammin' in New York,Comedy,5.0,1.0
140267,The Witch (2015),Horror,The Witch,Horror,4.0,1.0
140289,Men & Chicken (2015),Comedy|Drama,Men & Chicken,Comedy Drama,4.0,1.0
140301,The Escort (2015),Comedy|Romance,The Escort,Comedy Romance,3.0,1.0
140359,Doctor Who: The Waters of Mars (2009),Adventure|Children|Sci-Fi,Doctor Who: The Waters of Mars,Adventure Children Sci-Fi,4.0,4.0
140481,"Family Guy Presents: Something, Something, Something, Dark Side (2009)",Animation|Comedy|Sci-Fi,"Family Guy Presents: Something, Something, Something, Dark Side",Animation Comedy Sci-Fi,4.5,1.0
140523,"Visit, The (2015)",Comedy|Horror,"Visit, The",Comedy Horror,3.5,1.0
140525,Secret in Their Eyes (2015),Crime|Drama|Mystery,Secret in Their Eyes,Crime Drama Mystery,1.5,1.0
140541,The Electric Hotel (1908),Animation|Comedy|Sci-Fi,The Electric Hotel,Animation Comedy Sci-Fi,4.0,1.0
140561,Jeff Ross Roasts Criminals: Live at Brazos County Jail (2015),Comedy|Documentary,Jeff Ross Roasts Criminals: Live at Brazos County Jail,Comedy Documentary,4.0,1.0
140627,Battle For Sevastopol (2015),Drama|Romance|War,Battle For Sevastopol,Drama Romance War,5.0,1.0
140711,American Ultra (2015),Action|Comedy|Sci-Fi|Thriller,American Ultra,Action Comedy Sci-Fi Thriller,2.6666666666666665,6.0
140715,Straight Outta Compton (2015),Drama,Straight Outta Compton,Drama,4.214285714285714,7.0
140725,Cop Car (2015),Crime|Thriller,Cop Car,Crime Thriller,3.5,2.0
140737,The Lost Room (2006),Action|Fantasy|Mystery,The Lost Room,Action Fantasy Mystery,3.5,1.0
140816,Tangerine (2015),Comedy|Drama,Tangerine,Comedy Drama,4.5,1.0
140850,Every Secret Thing (2014),Crime|Drama|Mystery|Thriller,Every Secret Thing,Crime Drama Mystery Thriller,2.0,1.0
140852,964 Pinocchio (1991),Horror|Sci-Fi,964 Pinocchio,Horror Sci-Fi,1.0,1.0
140928,Joy (2015),Comedy|Drama,Joy,Comedy Drama,3.2,5.0
140956,Ready Player One,Action|Sci-Fi|Thriller,Ready Player One,Action Sci-Fi Thriller,3.5,4.0
141004,Victor Frankenstein (2015),Drama|Horror|Sci-Fi,Victor Frankenstein,Drama Horror Sci-Fi,3.25,2.0
141131,Guardians (2016),(no genres listed),Guardians,(no genres listed),2.5,1.0
141400,Invincible Shaolin (1978),Action,Invincible Shaolin,Action,4.0,1.0
141408,Scouts Guide to the Zombie Apocalypse (2015),Action|Comedy|Horror,Scouts Guide to the Zombie Apocalypse,Action Comedy Horror,3.75,2.0
141422,Suffragette (2015),Drama,Suffragette,Drama,2.5,1.0
141513,Fort Tilden (2014),Comedy,Fort Tilden,Comedy,4.0,1.0
141544,Turbo Kid (2015),Action|Adventure|Sci-Fi,Turbo Kid,Action Adventure Sci-Fi,3.5,3.0
141646,The Unauthorized Saved by the Bell Story (2014),Comedy|Drama,The Unauthorized Saved by the Bell Story,Comedy Drama,3.5,1.0
141668,War Room (2015),Drama,War Room,Drama,0.5,1.0
141688,Legend (2015),Crime|Thriller,Legend,Crime Thriller,3.5,2.0
141718,Deathgasm (2015),Comedy|Horror,Deathgasm,Comedy Horror,5.0,1.0
141749,The Danish Girl (2015),Drama,The Danish Girl,Drama,3.75,2.0
141799,Cooties (2015),Comedy|Horror,Cooties,Comedy Horror,3.5,1.0
141810,Autumn Marathon (1979),Comedy|Drama,Autumn Marathon,Comedy Drama,4.0,1.0
141816,12 Chairs (1976),Adventure|Comedy,12 Chairs,Adventure Comedy,5.0,1.0
141818,Ordinary Miracle (1978),Comedy|Drama|Fantasy|Romance,Ordinary Miracle,Comedy Drama Fantasy Romance,4.5,1.0
141820,Old Men: Robbers (1971),Comedy,Old Men: Robbers,Comedy,4.0,1.0
141830,Unbelievable Adventures of Italians in Russia (1974),Adventure|Comedy,Unbelievable Adventures of Italians in Russia,Adventure Comedy,3.25,2.0
141836,It Can't Be! (1975),Comedy,It Can't Be!,Comedy,4.5,1.0
141844,12 Chairs (1971),Adventure|Comedy,12 Chairs,Adventure Comedy,4.5,1.0
141846,Steve Jobs: The Man in the Machine (2015),Documentary,Steve Jobs: The Man in the Machine,Documentary,4.0,1.0
141866,Green Room (2015),(no genres listed),Green Room,(no genres listed),3.3333333333333335,3.0
141890,Beasts of No Nation (2015),Drama|War,Beasts of No Nation,Drama War,3.0,2.0
141928,Bloodsucking Bastards (2015),Comedy|Horror,Bloodsucking Bastards,Comedy Horror,5.0,1.0
141994,Saving Christmas (2014),Children|Comedy,Saving Christmas,Children Comedy,0.5,1.0
142020,Oscar (1967),Comedy,Oscar,Comedy,5.0,1.0
142056,Iron Man & Hulk: Heroes United (2013),Action|Adventure|Animation,Iron Man & Hulk: Heroes United,Action Adventure Animation,3.0,1.0
142074,Knock Knock (2015),Crime|Horror|Thriller,Knock Knock,Crime Horror Thriller,1.5,1.0
142115,The Blue Planet (2001),Documentary,The Blue Planet,Documentary,4.75,2.0
142196,Cornered! (2009),Comedy|Horror,Cornered!,Comedy Horror,4.5,1.0
142222,Demolition (2016),Drama,Demolition,Drama,3.125,4.0
142366,Cigarette Burns (2005),Horror|Thriller,Cigarette Burns,Horror Thriller,3.0,1.0
142372,Our Brand Is Crisis (2015),Comedy|Drama,Our Brand Is Crisis,Comedy Drama,2.75,2.0
142420,High Rise (2015),Action|Drama|Sci-Fi,High Rise,Action Drama Sci-Fi,3.0,2.0
142422,The Night Before (2015),Comedy,The Night Before,Comedy,4.25,4.0
142424,Into the Forest (2015),Drama|Sci-Fi,Into the Forest,Drama Sci-Fi,2.0,1.0
142444,The Editor (2015),Comedy|Horror|Mystery,The Editor,Comedy Horror Mystery,5.0,1.0
142448,Everest (2015),Adventure|Drama|Thriller,Everest,Adventure Drama Thriller,3.0833333333333335,6.0
142456,The Brand New Testament (2015),(no genres listed),The Brand New Testament,(no genres listed),4.0,2.0
142488,Spotlight (2015),Thriller,Spotlight,Thriller,4.157894736842105,19.0
142507,Pawn Sacrifice (2015),Drama,Pawn Sacrifice,Drama,2.5,1.0
142509,Hardcore Henry (2015),Action|Adventure|Sci-Fi,Hardcore Henry,Action Adventure Sci-Fi,3.75,2.0
142536,Burnt (2015),Drama,Burnt,Drama,2.0,3.0
142550,Ryuzo and the Seven Henchmen (2015),Action|Comedy,Ryuzo and the Seven Henchmen,Action Comedy,4.5,1.0
142558,If I Were a Rich Man (2002),Comedy,If I Were a Rich Man,Comedy,3.0,1.0
142598,Last Shift (2014),Horror,Last Shift,Horror,4.0,1.0
142602,"F*ck You, Goethe 2 (2015)",Comedy,"F*ck You, Goethe 2",Comedy,1.0,1.0
142831,Garam Masala (2005),Comedy,Garam Masala,Comedy,4.5,1.0
142961,Life Eternal (2015),Comedy|Crime|Thriller,Life Eternal,Comedy Crime Thriller,2.5,1.0
142997,Hotel Transylvania 2 (2015),Animation|Comedy,Hotel Transylvania 2,Animation Comedy,2.875,4.0
143001,Anti-Social (2015),Crime,Anti-Social,Crime,1.5,1.0
143031,Jump In! (2007),Comedy|Drama|Romance,Jump In!,Comedy Drama Romance,5.0,1.0
143245,The Little Prince (2015),Animation|Fantasy,The Little Prince,Animation Fantasy,2.25,2.0
143255,Narcopolis (2014),Mystery|Sci-Fi|Thriller,Narcopolis,Mystery Sci-Fi Thriller,1.5,1.0
143257,Ashby (2015),Comedy|Drama,Ashby,Comedy Drama,3.0,2.0
143355,Wonder Woman (2017),Action|Adventure|Fantasy,Wonder Woman,Action Adventure Fantasy,3.3076923076923075,13.0
143365,The Circle (2016),Drama|Sci-Fi|Thriller,The Circle,Drama Sci-Fi Thriller,2.5,1.0
143367,Silence (2016),Drama|Thriller,Silence,Drama Thriller,3.75,2.0
143385,Bridge of Spies (2015),Drama|Thriller,Bridge of Spies,Drama Thriller,3.4375,8.0
143410,Hyena Road,(no genres listed),Hyena Road,(no genres listed),2.0,1.0
143458,The Great Hypnotist (2014),Drama|Mystery|Thriller,The Great Hypnotist,Drama Mystery Thriller,4.0,1.0
143472,Into the Grizzly Maze (2015),Action|Horror|Thriller,Into the Grizzly Maze,Action Horror Thriller,1.5,1.0
143511,Human (2015),Documentary,Human,Documentary,5.0,1.0
143525,Chasuke's Journey (2015),Comedy|Drama,Chasuke's Journey,Comedy Drama,4.0,1.0
143559,L.A. Slasher (2015),Comedy|Crime|Fantasy,L.A. Slasher,Comedy Crime Fantasy,5.0,1.0
143859,"Hail, Caesar! (2016)",Comedy,"Hail, Caesar!",Comedy,2.8125,8.0
143896,How To Change The World (2015),Documentary,How To Change The World,Documentary,4.5,1.0
143969,Er ist wieder da (2015),Comedy,Er ist wieder da,Comedy,2.8333333333333335,3.0
144210,Just Eat It: A Food Waste Story (2014),Documentary,Just Eat It: A Food Waste Story,Documentary,4.0,1.0
144222,Bros Before Hos (2013),Comedy,Bros Before Hos,Comedy,3.0,1.0
144262,Slow Learners (2015),Comedy|Romance,Slow Learners,Comedy Romance,2.0,1.0
144352,Unforgiven (2013),Action|Crime|Drama,Unforgiven,Action Crime Drama,0.5,1.0
144478,"Sex, Drugs & Taxation (2013)",Comedy|Drama,"Sex, Drugs & Taxation",Comedy Drama,4.5,1.0
144522,Sky High (2003),Action|Horror|Thriller,Sky High,Action Horror Thriller,2.0,1.0
144606,Confessions of a Dangerous Mind (2002),Comedy|Crime|Drama|Romance|Thriller,Confessions of a Dangerous Mind,Comedy Crime Drama Romance Thriller,4.0,1.0
144620,Goosebumps (2015),Adventure|Comedy|Horror,Goosebumps,Adventure Comedy Horror,2.0,2.0
144714,The Perfect Guy (2015),Drama|Thriller,The Perfect Guy,Drama Thriller,1.5,1.0
144716,Rock the Kasbah (2015),Comedy,Rock the Kasbah,Comedy,2.0,1.0
144734,Freaks of Nature (2015),Comedy|Horror|Sci-Fi,Freaks of Nature,Comedy Horror Sci-Fi,4.5,1.0
144976,Bone Tomahawk (2015),Horror|Western,Bone Tomahawk,Horror Western,4.5,2.0
145080,Extraordinary Tales (2015),Animation|Horror|Mystery,Extraordinary Tales,Animation Horror Mystery,2.5,1.0
145150,The Dressmaker (2015),Comedy|Drama|Thriller,The Dressmaker,Comedy Drama Thriller,3.0,1.0
145283,Nowitzki: The Perfect Shot (2014),Documentary,Nowitzki: The Perfect Shot,Documentary,3.5,1.0
145418,Trumbo (2015),Drama,Trumbo,Drama,4.0,1.0
145491,Our Lips Are Sealed (2000),Children|Comedy|Drama,Our Lips Are Sealed,Children Comedy Drama,3.5,1.0
145724,Idaho Transfer (1973),Sci-Fi,Idaho Transfer,Sci-Fi,0.5,1.0
145745,Witch Hunt (1999),Crime|Drama,Witch Hunt,Crime Drama,2.5,1.0
145839,Concussion (2015),Drama,Concussion,Drama,2.5,3.0
145935,"Peanuts Movie, The (2015)",Adventure|Animation|Children|Comedy,"Peanuts Movie, The",Adventure Animation Children Comedy,1.5,1.0
145951,Bloodsport: The Dark Kumite (1999),Action|Thriller,Bloodsport: The Dark Kumite,Action Thriller,0.5,1.0
145994,Formula of Love (1984),Comedy,Formula of Love,Comedy,5.0,1.0
146024,A Man from Boulevard des Capucines (1987),Comedy|Romance|Western,A Man from Boulevard des Capucines,Comedy Romance Western,4.0,1.0
146028,The Adventures of Sherlock Holmes and Dr. Watson: The Hound of the Baskervilles (1981),Crime|Mystery,The Adventures of Sherlock Holmes and Dr. Watson: The Hound of the Baskervilles,Crime Mystery,4.0,1.0
146210,Blue Mountain State: The Rise of Thadland (2015),Comedy,Blue Mountain State: The Rise of Thadland,Comedy,3.0,1.0
146244,Dil To Pagal Hai (1997),Comedy|Drama|Romance,Dil To Pagal Hai,Comedy Drama Romance,4.0,1.0
146309,The Boy and the Beast (2015),Action|Adventure|Animation,The Boy and the Beast,Action Adventure Animation,4.0,1.0
146656,Creed (2015),Drama,Creed,Drama,3.75,8.0
146662,Dragons: Gift of the Night Fury (2011),Adventure|Animation|Comedy,Dragons: Gift of the Night Fury,Adventure Animation Comedy,5.0,1.0
146682,Twinsters (2015),Documentary,Twinsters,Documentary,4.0,1.0
146684,Cosmic Scrat-tastrophe (2015),Animation|Children|Comedy,Cosmic Scrat-tastrophe,Animation Children Comedy,5.0,1.0
146688,Solace (2015),Fantasy|Mystery|Thriller,Solace,Fantasy Mystery Thriller,2.0,1.0
146730,Lost in the Sun (2015),Action|Drama|Thriller,Lost in the Sun,Action Drama Thriller,2.0,1.0
146986,Le Maître d'école (1981),Comedy,Le Maître d'école,Comedy,4.0,1.0
147002,Eros (2004),Drama|Romance,Eros,Drama Romance,4.0,1.0
147142,Those Happy Days (2006),Children|Comedy,Those Happy Days,Children Comedy,3.0,1.0
147196,The Girls (1961),Comedy|Romance,The Girls,Comedy Romance,5.0,1.0
147250,The Adventures of Sherlock Holmes and Doctor Watson,(no genres listed),The Adventures of Sherlock Holmes and Doctor Watson,(no genres listed),5.0,1.0
147282,What Men Still Talk About (2011),Comedy,What Men Still Talk About,Comedy,4.0,1.0
147286,The Adventures of Sherlock Holmes and Doctor Watson: The Treasures of Agra (1983),Crime|Mystery,The Adventures of Sherlock Holmes and Doctor Watson: The Treasures of Agra,Crime Mystery,5.0,1.0
147300,Adventures Of Sherlock Holmes And Dr. Watson: The Twentieth Century Approaches (1986),Crime|Mystery,Adventures Of Sherlock Holmes And Dr. Watson: The Twentieth Century Approaches,Crime Mystery,5.0,1.0
147326,The Adventures of Sherlock Holmes and Doctor Watson: King of Blackmailers (1980),Crime|Mystery,The Adventures of Sherlock Holmes and Doctor Watson: King of Blackmailers,Crime Mystery,5.0,1.0
147328,The Adventures of Sherlock Holmes and Dr. Watson: Bloody Signature (1979),Crime,The Adventures of Sherlock Holmes and Dr. Watson: Bloody Signature,Crime,5.0,1.0
147330,Sherlock Holmes and Dr. Watson: Acquaintance (1979),Crime,Sherlock Holmes and Dr. Watson: Acquaintance,Crime,5.0,1.0
147372,Doctor Who: Last Christmas (2014),Adventure|Drama|Fantasy|Sci-Fi,Doctor Who: Last Christmas,Adventure Drama Fantasy Sci-Fi,3.75,2.0
147374,"Doctor Who: The Doctor, the Widow and the Wardrobe (2011)",Adventure|Drama,"Doctor Who: The Doctor, the Widow and the Wardrobe",Adventure Drama,4.166666666666667,3.0
147376,Doctor Who: A Christmas Carol (2010),Sci-Fi,Doctor Who: A Christmas Carol,Sci-Fi,4.75,2.0
147378,Doctor Who: Planet of the Dead (2009),Adventure|Children|Drama|Sci-Fi,Doctor Who: Planet of the Dead,Adventure Children Drama Sci-Fi,3.0,4.0
147380,Doctor Who: The Next Doctor (2008),Adventure|Children|Drama|Sci-Fi,Doctor Who: The Next Doctor,Adventure Children Drama Sci-Fi,2.875,4.0
147382,Doctor Who: Voyage Of The Damned (2007),Action|Sci-Fi,Doctor Who: Voyage Of The Damned,Action Sci-Fi,4.5,3.0
147384,Doctor Who: The Runaway Bride (2007),Sci-Fi,Doctor Who: The Runaway Bride,Sci-Fi,4.0,4.0
147410,A Perfect Day (2015),Comedy|Drama,A Perfect Day,Comedy Drama,5.0,1.0
147657,Masked Avengers (1981),Action,Masked Avengers,Action,4.0,1.0
147662,Return of the One-Armed Swordsman (1969),Action|Adventure,Return of the One-Armed Swordsman,Action Adventure,3.0,1.0
147936,The Lord's Lantern in Budapest (1999),Comedy|Drama,The Lord's Lantern in Budapest,Comedy Drama,4.5,1.0
148166,Hitchcock/Truffaut (2015),Documentary,Hitchcock/Truffaut,Documentary,3.5,1.0
148172,The 5th Wave (2016),Adventure|Sci-Fi|Thriller,The 5th Wave,Adventure Sci-Fi Thriller,2.5,2.0
148238,A Very Murray Christmas (2015),Comedy,A Very Murray Christmas,Comedy,2.5,1.0
148424,Chi-Raq (2015),Comedy|Drama,Chi-Raq,Comedy Drama,3.75,2.0
148482,Truth (2015),Drama,Truth,Drama,3.0,1.0
148592,Just Jim (2015),Comedy,Just Jim,Comedy,3.0,1.0
148626,"Big Short, The (2015)",Drama,"Big Short, The",Drama,3.9615384615384617,26.0
148632,Applesauce (2015),Comedy,Applesauce,Comedy,4.5,1.0
148652,The Ridiculous 6 (2015),Comedy|Western,The Ridiculous 6,Comedy Western,3.25,2.0
148667,John Mulaney: The Comeback Kid (2015),Comedy,John Mulaney: The Comeback Kid,Comedy,3.5,1.0
148671,Saw (2003),Crime|Horror,Saw,Crime Horror,4.5,2.0
148675,North Pole: Open For Christmas (2015),Children|Fantasy,North Pole: Open For Christmas,Children Fantasy,2.0,1.0
148709,Mojave (2015),Thriller,Mojave,Thriller,2.0,1.0
148775,Wizards of Waverly Place: The Movie (2009),Adventure|Children|Comedy|Drama|Fantasy|Sci-Fi,Wizards of Waverly Place: The Movie,Adventure Children Comedy Drama Fantasy Sci-Fi,4.0,1.0
148881,World of Tomorrow (2015),Animation|Comedy,World of Tomorrow,Animation Comedy,4.5,2.0
148888,Zoolander 2 (2016),Comedy,Zoolander 2,Comedy,2.5,3.0
148956,How to Be Single (2016),Comedy|Romance,How to Be Single,Comedy Romance,3.125,4.0
148978,Blue Exorcist: The Movie (2012),Animation|Fantasy|Horror|Mystery,Blue Exorcist: The Movie,Animation Fantasy Horror Mystery,4.0,1.0
148982,Devil Dog: The Hound of Hell (1978),Horror,Devil Dog: The Hound of Hell,Horror,4.0,1.0
149011,He Never Died (2015),Comedy|Drama|Horror,He Never Died,Comedy Drama Horror,3.5,1.0
149144,Parasyte: Part 1 (2014),Horror|Sci-Fi,Parasyte: Part 1,Horror Sci-Fi,4.0,1.0
149146,Parasyte: Part 2 (2015),Horror|Sci-Fi,Parasyte: Part 2,Horror Sci-Fi,4.0,1.0
149330,A Cosmic Christmas (1977),(no genres listed),A Cosmic Christmas,(no genres listed),4.0,1.0
149334,Nocturnal Animals,Drama|Thriller,Nocturnal Animals,Drama Thriller,3.0,1.0
149350,Lumberjack Man (2015),Comedy|Horror,Lumberjack Man,Comedy Horror,5.0,1.0
149352,Daddy's Home (2015),Comedy,Daddy's Home,Comedy,2.6666666666666665,6.0
149354,Sisters (2015),Children|Comedy,Sisters,Children Comedy,2.5,7.0
149380,'Tis the Season for Love (2015),Romance,'Tis the Season for Love,Romance,1.5,1.0
149406,Kung Fu Panda 3 (2016),Action|Adventure|Animation,Kung Fu Panda 3,Action Adventure Animation,3.375,8.0
149508,Spellbound (2011),Comedy|Romance,Spellbound,Comedy Romance,5.0,1.0
149566,Unicorn City (2012),Comedy|Romance,Unicorn City,Comedy Romance,5.0,1.0
149590,Standoff (2016),Thriller,Standoff,Thriller,2.5,1.0
149612,Swelter (2014),Action|Drama|Thriller,Swelter,Action Drama Thriller,2.0,1.0
149830,Pride and Prejudice and Zombies (2016),Comedy|Horror|Romance|Thriller,Pride and Prejudice and Zombies,Comedy Horror Romance Thriller,4.5,1.0
149902,Garm Wars: The Last Druid (2014),Action|Sci-Fi|Thriller,Garm Wars: The Last Druid,Action Sci-Fi Thriller,2.0,1.0
150254,The Devil's Candy (2015),Horror,The Devil's Candy,Horror,2.0,1.0
150401,Close Range (2015),Action|Crime,Close Range,Action Crime,3.0,2.0
150548,Sherlock: The Abominable Bride (2016),Action|Crime|Drama|Mystery|Thriller,Sherlock: The Abominable Bride,Action Crime Drama Mystery Thriller,3.85,10.0
150554,The Love Bug (1997),Adventure|Children|Comedy|Fantasy,The Love Bug,Adventure Children Comedy Fantasy,5.0,1.0
150596,Doctor Who: The Husbands of River Song (2015),Comedy|Drama|Sci-Fi,Doctor Who: The Husbands of River Song,Comedy Drama Sci-Fi,4.25,2.0
150604,Moonwalkers (2015),Comedy,Moonwalkers,Comedy,2.5,1.0
150696,Tomorrow (2015),Documentary,Tomorrow,Documentary,4.5,1.0
150993,Anacleto: Agente secreto (2015),Action|Comedy,Anacleto: Agente secreto,Action Comedy,4.0,1.0
151311,Wiener-Dog (2016),Comedy,Wiener-Dog,Comedy,3.0,1.0
151315,Ride Along 2 (2016),Action|Comedy,Ride Along 2,Action Comedy,2.0,3.0
151317,Maggie's Plan (2015),Comedy,Maggie's Plan,Comedy,2.0,1.0
151455,Eddie the Eagle (2016),Comedy,Eddie the Eagle,Comedy,2.8333333333333335,3.0
151479,The Flash 2 - Revenge of the Trickster (1991),Action|Fantasy|Sci-Fi,The Flash 2 - Revenge of the Trickster,Action Fantasy Sci-Fi,1.5,1.0
151501,Exposed (2016),Drama,Exposed,Drama,1.5,1.0
151557,Stonewall (2015),Drama,Stonewall,Drama,2.5,1.0
151559,Frankenstein (2015),Horror|Thriller,Frankenstein,Horror Thriller,2.0,1.0
151653,Welcome to Happiness (2015),Comedy|Drama|Fantasy,Welcome to Happiness,Comedy Drama Fantasy,1.5,1.0
151687,Risen (2016),Children|Drama,Risen,Children Drama,0.5,1.0
151695,The Survivalist (2015),Drama|Sci-Fi|Thriller,The Survivalist,Drama Sci-Fi Thriller,4.0,1.0
151739,Dirty Grandpa (2016),Comedy,Dirty Grandpa,Comedy,2.875,4.0
151745,Reptilicus (1961),Horror|Sci-Fi,Reptilicus,Horror Sci-Fi,0.5,1.0
151759,Requiem for the American Dream (2015),Documentary,Requiem for the American Dream,Documentary,2.5,1.0
151763,Death Note Rewrite: Genshisuru Kami (2007),Mystery,Death Note Rewrite: Genshisuru Kami,Mystery,4.0,2.0
151769,Three from Prostokvashino (1978),Animation,Three from Prostokvashino,Animation,5.0,1.0
151777,The Finest Hours (2016),Drama|Thriller,The Finest Hours,Drama Thriller,3.0,1.0
151781,Ghost in the Shell: Solid State Society (2006),Action|Animation|Crime|Sci-Fi|Thriller,Ghost in the Shell: Solid State Society,Action Animation Crime Sci-Fi Thriller,3.5,1.0
152037,Grease Live (2016),(no genres listed),Grease Live,(no genres listed),2.0,2.0
152063,Gods of Egypt (2016),Adventure|Fantasy,Gods of Egypt,Adventure Fantasy,0.5,1.0
152065,Embrace of the Serpent (2016),Adventure|Drama,Embrace of the Serpent,Adventure Drama,3.5,1.0
152071,Race (2016),Drama,Race,Drama,1.5,1.0
152077,10 Cloverfield Lane (2016),Thriller,10 Cloverfield Lane,Thriller,3.6785714285714284,14.0
152079,London Has Fallen (2016),Action|Crime|Thriller,London Has Fallen,Action Crime Thriller,2.0,2.0
152081,Zootopia (2016),Action|Adventure|Animation|Children|Comedy,Zootopia,Action Adventure Animation Children Comedy,3.890625,32.0
152083,Whiskey Tango Foxtrot (2016),Comedy|War,Whiskey Tango Foxtrot,Comedy War,3.3333333333333335,3.0
152085,Desierto (2016),Drama,Desierto,Drama,2.5,1.0
152091,The Brothers Grimsby (2016),Comedy,The Brothers Grimsby,Comedy,3.125,4.0
152105,Dad's Army (1971),Comedy,Dad's Army,Comedy,4.5,1.0
152173,Michael Jackson's Thriller (1983),Horror,Michael Jackson's Thriller,Horror,4.0,1.0
152270,The Wait (2015),Drama,The Wait,Drama,3.5,1.0
152284,War and Peace (2016),Drama|Romance,War and Peace,Drama Romance,3.5,1.0
152372,Southbound (2016),Horror,Southbound,Horror,3.5,1.0
152591,Ip Man 3 (2015),Action,Ip Man 3,Action,4.0,1.0
152658,Santa's Little Helper (2015),Children,Santa's Little Helper,Children,1.5,1.0
152711,Who Killed Chea Vichea? (2010),Documentary,Who Killed Chea Vichea?,Documentary,5.0,1.0
152970,Hunt for the Wilderpeople (2016),Adventure|Comedy,Hunt for the Wilderpeople,Adventure Comedy,4.375,4.0
153070,Rabbits (2002),Comedy|Drama|Fantasy,Rabbits,Comedy Drama Fantasy,3.5,1.0
153236,Genius Party (2007),Animation,Genius Party,Animation,3.0,1.0
153386,Long Live Ghosts! (1977),Children|Comedy|Fantasy,Long Live Ghosts!,Children Comedy Fantasy,3.0,1.0
153408,Tears for Sale (2008),Comedy|Drama|Fantasy,Tears for Sale,Comedy Drama Fantasy,4.0,1.0
154065,Dad's Army (2016),Comedy,Dad's Army,Comedy,2.0,1.0
154358,The Barkley Marathons: The Race That Eats Its Young (2015),Documentary,The Barkley Marathons: The Race That Eats Its Young,Documentary,4.0,1.0
154975,Merci Patron ! (2016),Comedy|Documentary,Merci Patron !,Comedy Documentary,4.0,1.0
155064,The Neon Demon (2016),Drama|Horror|Mystery,The Neon Demon,Drama Horror Mystery,3.0,2.0
155168,Fraktus (2012),Comedy,Fraktus,Comedy,4.0,1.0
155288,Eye in the Sky (2016),Drama|Thriller|War,Eye in the Sky,Drama Thriller War,2.8333333333333335,3.0
155358,Camino (2016),Action|Adventure|Thriller,Camino,Action Adventure Thriller,2.0,1.0
155509,Mr. Right (2016),Action|Comedy|Romance,Mr. Right,Action Comedy Romance,3.5,3.0
155589,Noin 7 veljestä (1968),(no genres listed),Noin 7 veljestä,(no genres listed),3.0,1.0
155659,Florence Foster Jenkins (2016),Comedy|Drama,Florence Foster Jenkins,Comedy Drama,4.0,1.0
155743,My Big Fat Greek Wedding 2 (2016),Comedy,My Big Fat Greek Wedding 2,Comedy,2.0,1.0
155774,Neon Bull (2015),Adventure,Neon Bull,Adventure,3.5,1.0
155812,Get a Job (2016),Comedy,Get a Job,Comedy,3.25,2.0
155820,Keanu (2016),Comedy,Keanu,Comedy,2.5,2.0
155892,Me Him Her (2015),Comedy,Me Him Her,Comedy,2.0,1.0
156025,Ice Age: The Great Egg-Scapade (2016),Adventure|Animation|Children|Comedy,Ice Age: The Great Egg-Scapade,Adventure Animation Children Comedy,5.0,1.0
156371,Everybody Wants Some (2016),Comedy,Everybody Wants Some,Comedy,4.166666666666667,3.0
156387,Sing Street (2016),Drama,Sing Street,Drama,3.8333333333333335,3.0
156553,Zoom (2015),Animation|Comedy|Drama,Zoom,Animation Comedy Drama,2.5,1.0
156605,Paterson,(no genres listed),Paterson,(no genres listed),4.5,1.0
156607,The Huntsman Winter's War (2016),Action|Adventure|Drama|Fantasy,The Huntsman Winter's War,Action Adventure Drama Fantasy,1.0,3.0
156609,Neighbors 2: Sorority Rising (2016),Comedy,Neighbors 2: Sorority Rising,Comedy,2.6,5.0
156675,Project X (1968),Mystery|Sci-Fi,Project X,Mystery Sci-Fi,2.0,1.0
156706,The Trust (2016),Crime|Thriller,The Trust,Crime Thriller,2.5,1.0
156726,Hush (2016),Thriller,Hush,Thriller,2.6666666666666665,3.0
156781,Jimmy Carr: Telling Jokes (2009),Comedy,Jimmy Carr: Telling Jokes,Comedy,4.0,1.0
156783,Jimmy Carr: Making People Laugh (2010),Comedy,Jimmy Carr: Making People Laugh,Comedy,2.5,1.0
157108,Texas - Doc Snyder hält die Welt in Atem (1993),Comedy|Western,Texas - Doc Snyder hält die Welt in Atem,Comedy Western,4.5,1.0
157110,00 Schneider - Jagd auf Nihil Baxter (1994),Comedy|Crime,00 Schneider - Jagd auf Nihil Baxter,Comedy Crime,4.5,1.0
157122,The Man Who Knew Infinity (2016),Drama,The Man Who Knew Infinity,Drama,3.0,1.0
157130,Despite the Falling Snow (2016),Drama|Romance|Thriller,Despite the Falling Snow,Drama Romance Thriller,2.0,1.0
157172,Wizards of the Lost Kingdom II (1989),Action|Fantasy,Wizards of the Lost Kingdom II,Action Fantasy,0.5,1.0
157200,Money Monster (2016),Drama|Thriller,Money Monster,Drama Thriller,2.25,2.0
157270,Barbershop: The Next Cut (2016),Comedy,Barbershop: The Next Cut,Comedy,2.5,1.0
157296,Finding Dory (2016),Adventure|Animation|Comedy,Finding Dory,Adventure Animation Comedy,3.576923076923077,13.0
157312,The Boss (2016),Comedy,The Boss,Comedy,2.6666666666666665,3.0
157340,The Angry Birds Movie (2016),Animation|Comedy,The Angry Birds Movie,Animation Comedy,2.5,1.0
157369,Bakuman (2015),Comedy|Drama,Bakuman,Comedy Drama,4.0,1.0
157407,I Am Wrath (2016),Action|Crime|Drama|Thriller,I Am Wrath,Action Crime Drama Thriller,1.5,1.0
157432,Precious Cargo (2016),Action|Crime,Precious Cargo,Action Crime,1.0,1.0
157699,Snowden (2016),Drama|Thriller,Snowden,Drama Thriller,3.8333333333333335,6.0
157775,Tenchi Muyô! In Love (1996),Animation|Comedy,Tenchi Muyô! In Love,Animation Comedy,5.0,1.0
157865,Ratchet & Clank (2016),Action|Adventure|Animation|Children|Comedy|Sci-Fi,Ratchet & Clank,Action Adventure Animation Children Comedy Sci-Fi,1.5,1.0
158022,Kicking Off (2016),Comedy,Kicking Off,Comedy,1.5,1.0
158027,SORI: Voice from the Heart (2016),Drama|Sci-Fi,SORI: Voice from the Heart,Drama Sci-Fi,5.0,1.0
158035,Gintama: The Final Chapter - Be Forever Yorozuya (2013),Action|Animation|Comedy,Gintama: The Final Chapter - Be Forever Yorozuya,Action Animation Comedy,3.5,1.0
158238,The Nice Guys (2016),Crime|Mystery|Thriller,The Nice Guys,Crime Mystery Thriller,3.8333333333333335,15.0
158254,Kindergarten Cop 2 (2016),Action|Comedy,Kindergarten Cop 2,Action Comedy,1.5,1.0
158388,Buck Rogers in the 25th Century (1979),Sci-Fi,Buck Rogers in the 25th Century,Sci-Fi,2.5,1.0
158398,World of Glory (1991),Comedy,World of Glory,Comedy,5.0,1.0
158402,The Crew (2016),Action,The Crew,Action,2.5,1.0
158528,The Shallows (2016),Drama|Thriller,The Shallows,Drama Thriller,2.5,1.0
158721,Gen-X Cops (1999),Action|Comedy|Thriller,Gen-X Cops,Action Comedy Thriller,3.5,1.0
158783,The Handmaiden (2016),Drama|Romance|Thriller,The Handmaiden,Drama Romance Thriller,2.6666666666666665,3.0
158813,Alice Through the Looking Glass (2016),Adventure|Children|Fantasy,Alice Through the Looking Glass,Adventure Children Fantasy,2.0,4.0
158830,The BFG (2016),Children|Fantasy,The BFG,Children Fantasy,2.5,1.0
158842,My Scientology Movie (2016),Documentary,My Scientology Movie,Documentary,3.5,1.0
158872,Sausage Party (2016),Animation|Comedy,Sausage Party,Animation Comedy,3.642857142857143,7.0
158874,Karate Bullfighter (1975),Action|Drama,Karate Bullfighter,Action Drama,3.0,1.0
158882,All Yours (2016),Comedy|Drama|Romance,All Yours,Comedy Drama Romance,5.0,1.0
158956,Kill Command (2016),Action|Horror|Sci-Fi,Kill Command,Action Horror Sci-Fi,2.5,2.0
158966,Captain Fantastic (2016),Drama,Captain Fantastic,Drama,4.5,5.0
158972,Toni Erdmann (2016),Drama,Toni Erdmann,Drama,3.6666666666666665,3.0
159061,The Wailing (2016),Mystery|Thriller,The Wailing,Mystery Thriller,3.0,1.0
159069,Comedy of the Strict Regime (1993),Comedy,Comedy of the Strict Regime,Comedy,4.5,1.0
159077,The Meddler (2016),Comedy|Drama,The Meddler,Comedy Drama,2.5,1.0
159093,Now You See Me 2 (2016),Action|Comedy|Thriller,Now You See Me 2,Action Comedy Thriller,3.6363636363636362,11.0
159161,Ali Wong: Baby Cobra (2016),(no genres listed),Ali Wong: Baby Cobra,(no genres listed),4.5,1.0
159193,Café Society (2016),Comedy|Drama|Romance,Café Society,Comedy Drama Romance,3.0,1.0
159403,Neo Tokyo (1987),Adventure|Animation|Fantasy|Horror|Sci-Fi,Neo Tokyo,Adventure Animation Fantasy Horror Sci-Fi,3.0,1.0
159415,Swiss Army Man (2016),Comedy|Drama|Romance,Swiss Army Man,Comedy Drama Romance,3.25,2.0
159441,The Do-Over (2016),Comedy,The Do-Over,Comedy,3.5,2.0
159510,Death Smiles on a Murderer (1973),Horror,Death Smiles on a Murderer,Horror,2.0,1.0
159690,Teenage Mutant Ninja Turtles: Out of the Shadows (2016),Action|Adventure|Comedy,Teenage Mutant Ninja Turtles: Out of the Shadows,Action Adventure Comedy,2.0,1.0
159717,The Fundamentals of Caring (2016),Drama,The Fundamentals of Caring,Drama,3.75,2.0
159755,Popstar: Never Stop Never Stopping (2016),Comedy,Popstar: Never Stop Never Stopping,Comedy,2.75,2.0
159779,A Midsummer Night's Dream (2016),(no genres listed),A Midsummer Night's Dream,(no genres listed),4.0,1.0
159811,The Bremen Town Musicians (1969),Animation|Drama|Fantasy,The Bremen Town Musicians,Animation Drama Fantasy,5.0,1.0
159817,Planet Earth (2006),Documentary,Planet Earth,Documentary,4.214285714285714,7.0
159849,Bo Burnham: Make Happy (2016),Comedy,Bo Burnham: Make Happy,Comedy,2.5,1.0
159858,The Conjuring 2 (2016),Horror,The Conjuring 2,Horror,2.25,2.0
159976,Pelé: Birth of a Legend (2016),Drama,Pelé: Birth of a Legend,Drama,4.5,1.0
160080,Ghostbusters (2016),Action|Comedy|Horror|Sci-Fi,Ghostbusters,Action Comedy Horror Sci-Fi,3.125,8.0
160271,Central Intelligence (2016),Action|Comedy,Central Intelligence,Action Comedy,3.625,4.0
160289,O.J.: Made in America (2016),Documentary,O.J.: Made in America,Documentary,4.5,1.0
160341,Bloodmoon (1997),Action|Thriller,Bloodmoon,Action Thriller,2.5,1.0
160400,Genius (2016),Drama,Genius,Drama,3.0,1.0
160422,The Wooden Horse (1950),Drama|War,The Wooden Horse,Drama War,3.0,1.0
160438,Jason Bourne (2016),Action,Jason Bourne,Action,2.7222222222222223,9.0
160440,The Maid's Room (2014),Thriller,The Maid's Room,Thriller,1.5,1.0
160527,Sympathy for the Underdog (1971),Action|Crime|Drama,Sympathy for the Underdog,Action Crime Drama,4.5,1.0
160563,The Legend of Tarzan (2016),Action|Adventure,The Legend of Tarzan,Action Adventure,3.0833333333333335,6.0
160565,The Purge: Election Year (2016),Action|Horror|Sci-Fi,The Purge: Election Year,Action Horror Sci-Fi,2.75,2.0
160567,Mike & Dave Need Wedding Dates (2016),Comedy,Mike & Dave Need Wedding Dates,Comedy,3.3333333333333335,3.0
160569,Ice Age: Collision Course (2016),Adventure|Animation|Children|Comedy,Ice Age: Collision Course,Adventure Animation Children Comedy,1.0,1.0
160571,Lights Out (2016),Horror,Lights Out,Horror,3.0,2.0
160573,Pete's Dragon (2016),Adventure|Children|Fantasy,Pete's Dragon,Adventure Children Fantasy,3.0,1.0
160644,Indignation (2016),Drama,Indignation,Drama,5.0,1.0
160646,Goat (2016),Drama,Goat,Drama,2.5,1.0
160684,Marauders (2016),Action,Marauders,Action,3.5,1.0
160718,Piper (2016),Animation,Piper,Animation,4.5,2.0
160730,The Adderall Diaries (2015),Action|Drama|Thriller,The Adderall Diaries,Action Drama Thriller,2.0,1.0
160836,Hazard (2005),Action|Drama|Thriller,Hazard,Action Drama Thriller,3.0,1.0
160848,The Red Turtle (2016),Animation,The Red Turtle,Animation,4.5,1.0
160872,Satanic (2016),Horror,Satanic,Horror,0.5,1.0
160954,Nerve (2016),Drama|Thriller,Nerve,Drama Thriller,2.625,4.0
160978,Hellevator (2004),Horror|Sci-Fi,Hellevator,Horror Sci-Fi,1.0,1.0
160980,Sully (2016),Drama,Sully,Drama,3.1666666666666665,6.0
161008,The Forbidden Dance (1990),(no genres listed),The Forbidden Dance,(no genres listed),2.5,1.0
161024,Jim Jefferies: Freedumb (2016),Comedy,Jim Jefferies: Freedumb,Comedy,4.5,1.0
161032,The Grandmother (1970),Action|Drama,The Grandmother,Action Drama,2.5,1.0
161044,Webmaster (1998),Sci-Fi,Webmaster,Sci-Fi,3.0,1.0
161127,The Infiltrator (2016),Crime|Drama,The Infiltrator,Crime Drama,3.75,2.0
161131,War Dogs (2016),Comedy,War Dogs,Comedy,3.625,8.0
161290,Vigilante Diaries (2016),Action,Vigilante Diaries,Action,1.0,1.0
161354,Batman: The Killing Joke (2016),Action|Animation|Crime|Drama,Batman: The Killing Joke,Action Animation Crime Drama,3.0,1.0
161580,Bad Moms (2016),Comedy,Bad Moms,Comedy,3.8333333333333335,3.0
161582,Hell or High Water (2016),Crime|Drama,Hell or High Water,Crime Drama,3.5625,8.0
161594,Kingsglaive: Final Fantasy XV (2016),Action|Adventure|Animation|Drama|Fantasy|Sci-Fi,Kingsglaive: Final Fantasy XV,Action Adventure Animation Drama Fantasy Sci-Fi,3.5,1.0
161634,Don't Breathe (2016),Thriller,Don't Breathe,Thriller,3.3,5.0
161830,Body (2015),Drama|Horror|Thriller,Body,Drama Horror Thriller,1.0,1.0
161918,Sharknado 4: The 4th Awakens (2016),Action|Adventure|Horror|Sci-Fi,Sharknado 4: The 4th Awakens,Action Adventure Horror Sci-Fi,1.5,1.0
161922,The Edge of Seventeen (2016),Comedy,The Edge of Seventeen,Comedy,3.25,2.0
161966,Elle (2016),Thriller,Elle,Thriller,4.0,1.0
162082,Train to Busan (2016),Action|Thriller,Train to Busan,Action Thriller,3.5,1.0
162344,Tom Segura: Mostly Stories (2016),Comedy,Tom Segura: Mostly Stories,Comedy,5.0,1.0
162350,The Magnificent Seven (2016),Action|Western,The Magnificent Seven,Action Western,3.5833333333333335,6.0
162414,Moonlight,Drama,Moonlight,Drama,5.0,1.0
162478,Masterminds (2016),Action|Comedy|Crime,Masterminds,Action Comedy Crime,4.0,3.0
162578,Kubo and the Two Strings (2016),Adventure|Animation|Children|Fantasy,Kubo and the Two Strings,Adventure Animation Children Fantasy,4.0,6.0
162590,Bridget Jones's Baby (2016),Comedy|Romance,Bridget Jones's Baby,Comedy Romance,1.0,1.0
162598,Deepwater Horizon (2016),Drama,Deepwater Horizon,Drama,3.5,1.0
162600,Miss Peregrine's Home for Peculiar Children (2016),Fantasy,Miss Peregrine's Home for Peculiar Children,Fantasy,3.0,3.0
162602,The Girl on the Train (2016),Thriller,The Girl on the Train,Thriller,4.5,1.0
162606,The Accountant (2016),Crime|Drama|Thriller,The Accountant,Crime Drama Thriller,3.0,6.0
162828,Imperium (2016),Crime|Drama|Thriller,Imperium,Crime Drama Thriller,2.5,1.0
162968,Kizumonogatari Part 1: Tekketsu (2016),Action|Animation|Mystery,Kizumonogatari Part 1: Tekketsu,Action Animation Mystery,4.0,1.0
162982,Steins;Gate the Movie: The Burden of Déjà vu (2013),Animation|Drama|Sci-Fi,Steins;Gate the Movie: The Burden of Déjà vu,Animation Drama Sci-Fi,3.0,1.0
163056,Shin Godzilla (2016),Action|Adventure|Fantasy|Sci-Fi,Shin Godzilla,Action Adventure Fantasy Sci-Fi,4.0,1.0
163072,Winnie Pooh (1969),Animation|Children,Winnie Pooh,Animation Children,5.0,1.0
163112,Winnie the Pooh Goes Visiting (1971),Animation,Winnie the Pooh Goes Visiting,Animation,5.0,1.0
163134,Your Name. (2016),Animation|Drama|Fantasy|Romance,Your Name.,Animation Drama Fantasy Romance,4.0,3.0
163386,Winnie the Pooh and the Day of Concern (1972),Animation,Winnie the Pooh and the Day of Concern,Animation,5.0,1.0
163527,Comedy Central Roast of David Hasselhoff (2010),Comedy,Comedy Central Roast of David Hasselhoff,Comedy,4.0,1.0
163639,DC Super Hero Girls: Hero of the Year (2016),Animation,DC Super Hero Girls: Hero of the Year,Animation,4.0,1.0
163645,Hacksaw Ridge (2016),Drama|War,Hacksaw Ridge,Drama War,3.9375,8.0
163653,David Cross: Making America Great Again (2016),Comedy,David Cross: Making America Great Again,Comedy,3.0,1.0
163809,Over the Garden Wall (2013),Adventure|Animation|Drama,Over the Garden Wall,Adventure Animation Drama,2.5,1.0
163925,"Wings, Legs and Tails (1986)",Animation|Comedy,"Wings, Legs and Tails",Animation Comedy,5.0,1.0
163937,Blair Witch (2016),Horror|Thriller,Blair Witch,Horror Thriller,3.5,1.0
163981,31 (2016),Horror,31,Horror,3.5,1.0
163985,ARQ (2016),Sci-Fi|Thriller,ARQ,Sci-Fi Thriller,4.5,1.0
164179,Arrival (2016),Sci-Fi,Arrival,Sci-Fi,3.980769230769231,26.0
164200,Storks (2016),Animation|Children|Comedy,Storks,Animation Children Comedy,4.0,2.0
164226,Maximum Ride (2016),Action|Adventure|Comedy|Fantasy|Sci-Fi|Thriller,Maximum Ride,Action Adventure Comedy Fantasy Sci-Fi Thriller,4.5,1.0
164280,Endless Poetry (2016),Drama|Fantasy,Endless Poetry,Drama Fantasy,3.5,1.0
164367,The Girl with All the Gifts (2016),Drama|Horror|Sci-Fi|Thriller,The Girl with All the Gifts,Drama Horror Sci-Fi Thriller,5.0,1.0
164375,All Roads Lead to Rome (2016),Comedy,All Roads Lead to Rome,Comedy,1.5,1.0
164540,Amanda Knox (2016),Documentary,Amanda Knox,Documentary,3.5,1.0
164647,Dirty 30 (2016),Comedy|Romance,Dirty 30,Comedy Romance,2.5,1.0
164655,Gimme Danger (2016),Documentary,Gimme Danger,Documentary,2.0,1.0
164707,Go Figure (2005),Children|Comedy|Drama,Go Figure,Children Comedy Drama,4.0,1.0
164753,Anything for Love (2016),Romance,Anything for Love,Romance,2.0,1.0
164881,Night Guards (2016),Action|Sci-Fi,Night Guards,Action Sci-Fi,1.5,1.0
164909,La La Land (2016),Comedy|Drama|Romance,La La Land,Comedy Drama Romance,3.388888888888889,9.0
164917,13th (2016),Documentary,13th,Documentary,4.5,2.0
165075,London Town (2016),Drama,London Town,Drama,2.5,1.0
165101,Inferno (2016),Mystery|Thriller,Inferno,Mystery Thriller,2.875,4.0
165103,Keeping Up with the Joneses (2016),Comedy,Keeping Up with the Joneses,Comedy,3.75,2.0
165139,Wild Oats (2016),Comedy,Wild Oats,Comedy,2.0,1.0
165343,The Rocky Horror Picture Show: Let's Do the Time Warp Again (2016),Comedy|Horror|Sci-Fi|Thriller,The Rocky Horror Picture Show: Let's Do the Time Warp Again,Comedy Horror Sci-Fi Thriller,1.5,1.0
165347,Jack Reacher: Never Go Back (2016),Action|Crime|Drama|Mystery|Thriller,Jack Reacher: Never Go Back,Action Crime Drama Mystery Thriller,2.0,1.0
165483,Joe Rogan: Triggered (2016),Comedy,Joe Rogan: Triggered,Comedy,4.0,1.0
165489,Ethel & Ernest (2016),(no genres listed),Ethel & Ernest,(no genres listed),2.5,1.0
165529,Flowers for Algernon (2000),Drama,Flowers for Algernon,Drama,2.0,1.0
165549,Manchester by the Sea (2016),Drama,Manchester by the Sea,Drama,2.9,5.0
165551,Lion (2016),Drama,Lion,Drama,4.5,1.0
165635,The Thinning (2016),Thriller,The Thinning,Thriller,1.0,1.0
165639,While You Were Fighting: A Thor Mockumentary (2016),Comedy|Fantasy|Sci-Fi,While You Were Fighting: A Thor Mockumentary,Comedy Fantasy Sci-Fi,3.8333333333333335,3.0
165645,Bad Santa 2 (2016),Comedy,Bad Santa 2,Comedy,0.5,1.0
165671,Ice Guardians (2016),Documentary,Ice Guardians,Documentary,4.5,1.0
165843,Risk (2016),Documentary,Risk,Documentary,4.0,1.0
165947,The True Memoirs of an International Assassin (2016),Action|Comedy,The True Memoirs of an International Assassin,Action Comedy,3.25,2.0
165959,Alesha Popovich and Tugarin the Dragon (2004),Animation|Comedy|Drama,Alesha Popovich and Tugarin the Dragon,Animation Comedy Drama,5.0,1.0
165969,HyperNormalisation (2016),Documentary,HyperNormalisation,Documentary,4.0,2.0
166015,The African Doctor (2016),Comedy|Drama,The African Doctor,Comedy Drama,3.5,1.0
166024,Whiplash (2013),(no genres listed),Whiplash,(no genres listed),4.75,2.0
166183,Junior and Karlson (1968),Adventure|Animation|Children,Junior and Karlson,Adventure Animation Children,5.0,1.0
166203,Sapphire Blue (2014),Adventure|Children|Fantasy|Sci-Fi,Sapphire Blue,Adventure Children Fantasy Sci-Fi,4.0,1.0
166291,A Silent Voice (2016),Animation|Drama|Romance,A Silent Voice,Animation Drama Romance,4.0,2.0
166461,Moana (2016),Adventure|Animation|Children|Comedy|Fantasy,Moana,Adventure Animation Children Comedy Fantasy,3.45,10.0
166492,Office Christmas Party (2016),Comedy,Office Christmas Party,Comedy,3.5,3.0
166526,The Space Between Us (2016),Adventure|Sci-Fi,The Space Between Us,Adventure Sci-Fi,1.0,1.0
166528,Rogue One: A Star Wars Story (2016),Action|Adventure|Fantasy|Sci-Fi,Rogue One: A Star Wars Story,Action Adventure Fantasy Sci-Fi,3.925925925925926,27.0
166534,Split (2017),Drama|Horror|Thriller,Split,Drama Horror Thriller,3.3333333333333335,6.0
166558,Underworld: Blood Wars (2016),Action|Horror,Underworld: Blood Wars,Action Horror,3.0,1.0
166568,Miss Sloane (2016),Thriller,Miss Sloane,Thriller,4.5,2.0
166635,Passengers (2016),Adventure|Drama|Romance|Sci-Fi,Passengers,Adventure Drama Romance Sci-Fi,3.6666666666666665,6.0
166643,Hidden Figures (2016),Drama,Hidden Figures,Drama,3.8,10.0
166705,Fences (2016),Drama,Fences,Drama,3.0,1.0
166946,The Founder (2016),Drama,The Founder,Drama,4.25,2.0
167018,Why Him? (2016),Comedy,Why Him?,Comedy,3.125,4.0
167036,Sing (2016),Animation|Children|Comedy,Sing,Animation Children Comedy,3.75,4.0
167064,I Am Not Your Negro (2017),Documentary,I Am Not Your Negro,Documentary,5.0,1.0
167296,Iron Man (1931),Drama,Iron Man,Drama,0.5,1.0
167370,Assassin's Creed (2016),Action|Adventure|Sci-Fi,Assassin's Creed,Action Adventure Sci-Fi,2.5,2.0
167380,A Dog's Purpose (2017),Comedy|Drama,A Dog's Purpose,Comedy Drama,4.5,1.0
167538,Microwave Massacre (1983),Horror,Microwave Massacre,Horror,1.0,1.0
167570,The OA,(no genres listed),The OA,(no genres listed),4.0,1.0
167634,Fist Fight (2017),Comedy,Fist Fight,Comedy,4.5,1.0
167706,Shakespeare Behind Bars (2005),Documentary,Shakespeare Behind Bars,Documentary,2.5,1.0
167732,A Street Cat Named Bob (2016),Comedy|Drama,A Street Cat Named Bob,Comedy Drama,3.5,1.0
167746,The Lego Batman Movie (2017),Action|Animation|Comedy,The Lego Batman Movie,Action Animation Comedy,3.7142857142857144,7.0
167772,The Spirit of Christmas (1995),Animation|Comedy,The Spirit of Christmas,Animation Comedy,1.5,1.0
167790,The Good Boy (2016),Children|Comedy|Drama,The Good Boy,Children Comedy Drama,3.5,1.0
167854,"Dana Carvey: Straight White Male, 60 (2016)",Comedy,"Dana Carvey: Straight White Male, 60",Comedy,4.5,1.0
168026,Marvel One-Shot: Agent Carter (2013),Action|Adventure|Fantasy|Sci-Fi,Marvel One-Shot: Agent Carter,Action Adventure Fantasy Sci-Fi,4.0,1.0
168090,Kizumonogatari II: Passionate Blood (2016),Animation|Fantasy|Mystery,Kizumonogatari II: Passionate Blood,Animation Fantasy Mystery,4.0,1.0
168144,Joe Rogan: Live (2006),Comedy,Joe Rogan: Live,Comedy,4.0,1.0
168174,Jim Gaffigan: Cinco (2017),Comedy,Jim Gaffigan: Cinco,Comedy,3.0,1.0
168218,Kizumonogatari III: Cold Blood (2017),Animation|Fantasy|Mystery,Kizumonogatari III: Cold Blood,Animation Fantasy Mystery,4.5,1.0
168248,John Wick: Chapter Two (2017),Action|Crime|Thriller,John Wick: Chapter Two,Action Crime Thriller,4.142857142857143,7.0
168250,Get Out (2017),Horror,Get Out,Horror,3.6333333333333333,15.0
168252,Logan (2017),Action|Sci-Fi,Logan,Action Sci-Fi,4.28,25.0
168254,Kong: Skull Island (2017),Action|Adventure|Fantasy,Kong: Skull Island,Action Adventure Fantasy,3.125,4.0
168266,T2: Trainspotting (2017),Crime|Drama,T2: Trainspotting,Crime Drama,3.75,4.0
168326,The Big Sick (2017),Comedy|Romance,The Big Sick,Comedy Romance,4.0,4.0
168350,100 Streets (2016),Drama,100 Streets,Drama,2.5,1.0
168358,Saturn 3 (1980),Sci-Fi|Thriller,Saturn 3,Sci-Fi Thriller,2.5,1.0
168366,Beauty and the Beast (2017),Fantasy|Romance,Beauty and the Beast,Fantasy Romance,3.5,2.0
168418,The Boss Baby (2017),Animation|Children|Comedy,The Boss Baby,Animation Children Comedy,3.8,5.0
168456,Mercury Plains (2016),Action|Adventure|Drama,Mercury Plains,Action Adventure Drama,2.0,1.0
168492,Call Me by Your Name (2017),Drama|Romance,Call Me by Your Name,Drama Romance,3.75,4.0
168608,Mudbound (2017),Drama,Mudbound,Drama,3.0,1.0
168612,Ghost in the Shell (2017),Action|Drama|Sci-Fi,Ghost in the Shell,Action Drama Sci-Fi,3.75,2.0
168632,Bill Burr: Walk Your Way Out (2017),Comedy,Bill Burr: Walk Your Way Out,Comedy,4.0,1.0
168712,Fifty Shades Darker (2017),Drama|Romance,Fifty Shades Darker,Drama Romance,1.0,1.0
168846,Neal Brennan: 3 Mics (2017),Comedy,Neal Brennan: 3 Mics,Comedy,4.5,1.0
169034,Lemonade (2016),(no genres listed),Lemonade,(no genres listed),4.5,1.0
169180,American Fable (2017),Thriller,American Fable,Thriller,2.5,1.0
169670,The Void (2016),Horror,The Void,Horror,1.5,1.0
169904,Guyver: Dark Hero (1994),Sci-Fi,Guyver: Dark Hero,Sci-Fi,2.0,1.0
169912,Denis Leary: No Cure for Cancer (1993),Comedy,Denis Leary: No Cure for Cancer,Comedy,3.0,2.0
169958,Buster's Mal Heart (2017),Drama|Mystery,Buster's Mal Heart,Drama Mystery,1.0,1.0
169982,Power Rangers (2017),Action|Adventure|Sci-Fi,Power Rangers,Action Adventure Sci-Fi,3.0,1.0
169984,Alien: Covenant (2017),Action|Horror|Sci-Fi|Thriller,Alien: Covenant,Action Horror Sci-Fi Thriller,2.8,5.0
169992,Free Fire (2017),Action|Crime|Drama,Free Fire,Action Crime Drama,3.5,1.0
170289,Species III (2004),Action|Horror|Sci-Fi,Species III,Action Horror Sci-Fi,1.0,1.0
170297,Ultimate Avengers 2 (2006),Action|Animation|Sci-Fi,Ultimate Avengers 2,Action Animation Sci-Fi,2.0,1.0
170355,Mulholland Dr. (1999),Drama|Mystery|Romance,Mulholland Dr.,Drama Mystery Romance,3.75,2.0
170357,Dave Chappelle: The Age of Spin (2017),Comedy,Dave Chappelle: The Age of Spin,Comedy,4.0,1.0
170399,CHiPS (2017),Action|Comedy|Drama,CHiPS,Action Comedy Drama,4.0,1.0
170401,Table 19 (2017),Comedy|Drama,Table 19,Comedy Drama,3.0,1.0
170411,Dave Chappelle: Deep in the Heart of Texas (2017),Comedy,Dave Chappelle: Deep in the Heart of Texas,Comedy,4.0,1.0
170551,The Quiet Family (1998),Comedy,The Quiet Family,Comedy,2.5,1.0
170597,A Plasticine Crow (1981),Animation,A Plasticine Crow,Animation,5.0,1.0
170697,Gifted (2017),Drama,Gifted,Drama,4.125,4.0
170705,Band of Brothers (2001),Action|Drama|War,Band of Brothers,Action Drama War,4.285714285714286,7.0
170777,There Once Was a Dog (1982),Animation|Children|Comedy,There Once Was a Dog,Animation Children Comedy,5.0,1.0
170813,Baywatch (2017),Action|Comedy,Baywatch,Action Comedy,3.0,3.0
170817,Snatched (2017),Action|Comedy,Snatched,Action Comedy,4.0,1.0
170827,The Mummy (2017),Action|Adventure|Fantasy|Horror|Thriller,The Mummy,Action Adventure Fantasy Horror Thriller,3.5,1.0
170837,Life-Size (2000),Children|Comedy|Fantasy,Life-Size,Children Comedy Fantasy,4.0,1.0
170875,The Fate of the Furious (2017),Action|Crime|Drama|Thriller,The Fate of the Furious,Action Crime Drama Thriller,2.3333333333333335,3.0
170897,Sandy Wexler (2017),Comedy,Sandy Wexler,Comedy,2.0,1.0
170907,Betting on Zero (2016),Documentary,Betting on Zero,Documentary,4.0,1.0
170937,Win It All (2017),Comedy,Win It All,Comedy,3.0,1.0
170939,Captain Underpants: The First Epic Movie (2017),Action|Animation|Children|Comedy,Captain Underpants: The First Epic Movie,Action Animation Children Comedy,3.5,1.0
170945,It Comes at Night (2017),Horror|Mystery|Thriller,It Comes at Night,Horror Mystery Thriller,3.5,1.0
170957,Cars 3 (2017),Adventure|Animation|Comedy,Cars 3,Adventure Animation Comedy,3.0,1.0
170993,Mini's First Time (2006),Comedy|Crime|Drama,Mini's First Time,Comedy Crime Drama,4.0,1.0
171011,Planet Earth II (2016),Documentary,Planet Earth II,Documentary,4.2,5.0
171023,The Hero (2017),Drama,The Hero,Drama,4.0,1.0
171251,"Nobody Speak: Hulk Hogan, Gawker and Trials of a Free Press (2017)",Documentary,"Nobody Speak: Hulk Hogan, Gawker and Trials of a Free Press",Documentary,4.0,1.0
171495,Cosmos,(no genres listed),Cosmos,(no genres listed),4.5,2.0
171631,Maria Bamford: Old Baby,(no genres listed),Maria Bamford: Old Baby,(no genres listed),1.0,1.0
171695,Robin Williams: Live on Broadway (2002),Comedy,Robin Williams: Live on Broadway,Comedy,3.0,1.0
171701,The Death of Louis XIV (2016),Drama,The Death of Louis XIV,Drama,3.5,1.0
171749,Death Note: Desu nôto (2006–2007),(no genres listed),Death Note: Desu nôto (2006–2007),(no genres listed),5.0,1.0
171751,Munna bhai M.B.B.S. (2003),Comedy,Munna bhai M.B.B.S.,Comedy,2.5,1.0
171759,The Beguiled (2017),Drama|Thriller|Western,The Beguiled,Drama Thriller Western,3.0,1.0
171763,Baby Driver (2017),Action|Crime|Thriller,Baby Driver,Action Crime Thriller,4.333333333333333,9.0
171765,Okja (2017),Action|Adventure|Drama|Sci-Fi,Okja,Action Adventure Drama Sci-Fi,3.75,2.0
171811,Embassy (2013),Comedy|Sci-Fi|War,Embassy,Comedy Sci-Fi War,4.0,1.0
171867,Rough Night (2017),Comedy|Drama,Rough Night,Comedy Drama,3.25,2.0
171891,Generation Iron 2,(no genres listed),Generation Iron 2,(no genres listed),3.5,1.0
171917,Mystère à la Tour Eiffel (2015),Drama|Mystery|Thriller,Mystère à la Tour Eiffel,Drama Mystery Thriller,4.5,1.0
172013,Stefan Zweig: Farewell to Europe (2016),Drama,Stefan Zweig: Farewell to Europe,Drama,3.0,1.0
172215,Saved by the Bell: Hawaiian Style (1992),Comedy,Saved by the Bell: Hawaiian Style,Comedy,2.75,2.0
172229,Plain Clothes (1988),Comedy|Mystery|Romance|Thriller,Plain Clothes,Comedy Mystery Romance Thriller,3.0,1.0
172233,The Prime Gig (2000),Drama|Romance,The Prime Gig,Drama Romance,2.5,1.0
172253,The Night Before (1988),Comedy,The Night Before,Comedy,3.0,1.0
172321,Late Night with Conan O'Brien: The Best of Triumph the Insult Comic Dog (2004),Comedy,Late Night with Conan O'Brien: The Best of Triumph the Insult Comic Dog,Comedy,2.0,1.0
172461,Get Me Roger Stone (2017),Documentary,Get Me Roger Stone,Documentary,3.0,1.0
172497,T2 3-D: Battle Across Time (1996),(no genres listed),T2 3-D: Battle Across Time,(no genres listed),4.0,1.0
172547,Despicable Me 3 (2017),Adventure|Animation|Children|Comedy,Despicable Me 3,Adventure Animation Children Comedy,2.25,2.0
172577,Last Year's Snow Was Falling (1983),Animation|Children|Comedy|Fantasy,Last Year's Snow Was Falling,Animation Children Comedy Fantasy,5.0,1.0
172583,Investigation Held by Kolobki (1986),Animation,Investigation Held by Kolobki,Animation,5.0,1.0
172585,Karlson Returns (1970),Adventure|Animation|Children,Karlson Returns,Adventure Animation Children,5.0,1.0
172587,Vacations in Prostokvashino (1980),Animation,Vacations in Prostokvashino,Animation,5.0,1.0
172589,Winter in Prostokvashino (1984),Animation,Winter in Prostokvashino,Animation,5.0,1.0
172591,The Godfather Trilogy: 1972-1990 (1992),(no genres listed),The Godfather Trilogy: 1972-1990,(no genres listed),4.75,2.0
172637,Priklyucheniya Kapitana Vrungelya (1979),Action|Adventure|Animation|Comedy,Priklyucheniya Kapitana Vrungelya,Action Adventure Animation Comedy,5.0,1.0
172705,Tickling Giants (2017),Documentary,Tickling Giants,Documentary,5.0,1.0
172793,Vovka in the Kingdom of Far Far Away (1965),Adventure|Animation|Children|Fantasy,Vovka in the Kingdom of Far Far Away,Adventure Animation Children Fantasy,5.0,1.0
172825,Adventures of Mowgli: The Kidnapping (1968),Adventure|Animation|Children,Adventures of Mowgli: The Kidnapping,Adventure Animation Children,4.5,1.0
172875,A Detective Story (2003),Animation|Sci-Fi,A Detective Story,Animation Sci-Fi,5.0,1.0
172881,Final Flight of the Osiris (2003),Action|Animation|Sci-Fi,Final Flight of the Osiris,Action Animation Sci-Fi,3.5,1.0
172887,Kid's Story (2003),Animation|Sci-Fi,Kid's Story,Animation Sci-Fi,3.0,1.0
172909,Cheburashka (1971),Animation,Cheburashka,Animation,5.0,1.0
173145,War for the Planet of the Apes (2017),Action|Adventure|Drama|Sci-Fi,War for the Planet of the Apes,Action Adventure Drama Sci-Fi,2.875,4.0
173197,The Square (2017),Drama,The Square,Drama,4.25,2.0
173205,The Meyerowitz Stories (2017),Comedy,The Meyerowitz Stories,Comedy,4.0,1.0
173209,War Machine (2017),Comedy|Drama|War,War Machine,Comedy Drama War,4.0,1.0
173235,Tokyo Idols (2017),Documentary,Tokyo Idols,Documentary,4.5,1.0
173253,Vir Das: Abroad Understanding (2017),Comedy,Vir Das: Abroad Understanding,Comedy,3.5,1.0
173255,"Norm Macdonald: Hitler's Dog, Gossip & Trickery (2017)",Comedy,"Norm Macdonald: Hitler's Dog, Gossip & Trickery",Comedy,2.5,1.0
173291,Valerian and the City of a Thousand Planets (2017),Action|Adventure|Sci-Fi,Valerian and the City of a Thousand Planets,Action Adventure Sci-Fi,2.875,4.0
173307,The Gracefield Incident (2015),Action|Horror|Sci-Fi,The Gracefield Incident,Action Horror Sci-Fi,0.5,1.0
173317,Shadow World (2016),Documentary,Shadow World,Documentary,4.5,1.0
173351,Wow! A Talking Fish! (1983),Animation|Children|Comedy|Fantasy,Wow! A Talking Fish!,Animation Children Comedy Fantasy,5.0,1.0
173355,Travels of an Ant (1983),Animation,Travels of an Ant,Animation,5.0,1.0
173535,The Adventures of Sherlock Holmes and Doctor Watson: The Hunt for the Tiger (1980),(no genres listed),The Adventures of Sherlock Holmes and Doctor Watson: The Hunt for the Tiger,(no genres listed),4.5,1.0
173619,Fugitives (1986),Comedy|Crime,Fugitives,Comedy Crime,5.0,1.0
173751,Tiger Raid (2016),Thriller,Tiger Raid,Thriller,2.0,1.0
173873,Gulliver's Travels (1996),Adventure|Children|Fantasy,Gulliver's Travels,Adventure Children Fantasy,2.0,1.0
173925,Seven Sisters (2017),Sci-Fi|Thriller,Seven Sisters,Sci-Fi Thriller,4.25,2.0
173941,Atomic Blonde (2017),Thriller,Atomic Blonde,Thriller,3.0,1.0
173963,Empties (2007),Comedy,Empties,Comedy,5.0,1.0
174045,Goon: Last of the Enforcers (2017),Comedy,Goon: Last of the Enforcers,Comedy,4.0,1.0
174053,Black Mirror: White Christmas (2014),Drama|Horror|Mystery|Sci-Fi|Thriller,Black Mirror: White Christmas,Drama Horror Mystery Sci-Fi Thriller,4.75,4.0
174055,Dunkirk (2017),Action|Drama|Thriller|War,Dunkirk,Action Drama Thriller War,3.423076923076923,13.0
174141,Belladonna of Sadness (1973),Animation|Drama|Fantasy,Belladonna of Sadness,Animation Drama Fantasy,3.5,1.0
174403,The Putin Interviews (2017),(no genres listed),The Putin Interviews,(no genres listed),2.5,1.0
174479,Unedited Footage of a Bear (2014),Horror|Thriller,Unedited Footage of a Bear,Horror Thriller,4.0,1.0
174551,Obsession (1965),Comedy,Obsession,Comedy,5.0,1.0
174681,"Oh, Hello: On Broadway (2017)",Comedy,"Oh, Hello: On Broadway",Comedy,3.5,1.0
174727,Good Time (2017),Crime|Drama,Good Time,Crime Drama,3.0,1.0
174737,Don Camillo in Moscow (1965),Comedy,Don Camillo in Moscow,Comedy,3.0,1.0
174815,The House (2017),Comedy,The House,Comedy,3.5,1.0
174909,Logan Lucky (2017),Comedy,Logan Lucky,Comedy,4.5,1.0
175197,The Dark Tower (2017),Fantasy|Horror|Sci-Fi|Western,The Dark Tower,Fantasy Horror Sci-Fi Western,3.5,1.0
175199,Annabelle: Creation (2017),Horror,Annabelle: Creation,Horror,4.0,1.0
175293,Gena the Crocodile (1969),Animation|Children,Gena the Crocodile,Animation Children,5.0,1.0
175303,It (2017),Horror,It,Horror,3.3333333333333335,9.0
175387,On the Trail of the Bremen Town Musicians (1973),Adventure|Animation|Children,On the Trail of the Bremen Town Musicians,Adventure Animation Children,5.0,1.0
175397,"In the blue sea, in the white foam. (1984)",Animation|Children|Fantasy,"In the blue sea, in the white foam.",Animation Children Fantasy,5.0,1.0
175401,Wolf and Calf (1984),Animation,Wolf and Calf,Animation,4.0,1.0
175431,Bobik Visiting Barbos (1977),Animation|Comedy,Bobik Visiting Barbos,Animation Comedy,5.0,1.0
175435,The Magic Ring (1982),Animation|Fantasy,The Magic Ring,Animation Fantasy,4.5,1.0
175475,The Emoji Movie (2017),Animation|Children|Comedy,The Emoji Movie,Animation Children Comedy,0.5,1.0
175485,Death Note (2017),Horror|Thriller,Death Note,Horror Thriller,1.6666666666666667,3.0
175569,Wind River (2017),Action|Crime|Mystery|Thriller,Wind River,Action Crime Mystery Thriller,3.4,5.0
175577,Rory Scovel Tries Stand-Up for the First Time (2017),Comedy,Rory Scovel Tries Stand-Up for the First Time,Comedy,1.5,1.0
175585,Shot Caller (2017),Action|Crime|Drama|Thriller,Shot Caller,Action Crime Drama Thriller,3.5,1.0
175661,The Hitman's Bodyguard (2017),Action|Comedy,The Hitman's Bodyguard,Action Comedy,2.6666666666666665,3.0
175693,Rick and Morty: State of Georgia Vs. Denver Fenton Allen (2016),Comedy|Crime,Rick and Morty: State of Georgia Vs. Denver Fenton Allen,Comedy Crime,2.5,1.0
175705,Themroc (1973),Comedy|Horror,Themroc,Comedy Horror,3.5,1.0
175707,A German Life (2016),Documentary,A German Life,Documentary,3.0,1.0
175743,Self-criticism of a Bourgeois Dog (2017),Comedy,Self-criticism of a Bourgeois Dog,Comedy,3.0,1.0
175781,Der Herr Karl (1961),Comedy,Der Herr Karl,Comedy,3.0,1.0
176051,LEGO DC Super Hero Girls: Brain Drain (2017),Animation,LEGO DC Super Hero Girls: Brain Drain,Animation,3.5,1.0
176101,Kingsman: The Golden Circle (2017),Action|Adventure|Comedy,Kingsman: The Golden Circle,Action Adventure Comedy,3.0625,8.0
176329,Ari Shaffir: Double Negative (2017),Comedy,Ari Shaffir: Double Negative,Comedy,4.0,1.0
176371,Blade Runner 2049 (2017),Sci-Fi,Blade Runner 2049,Sci-Fi,3.8055555555555554,18.0
176389,The Nut Job 2: Nutty by Nature (2017),Adventure|Animation|Children|Comedy,The Nut Job 2: Nutty by Nature,Adventure Animation Children Comedy,2.0,1.0
176413,Bliss (2012),Drama,Bliss,Drama,4.5,1.0
176415,Alles Inklusive (2014),Comedy|Drama,Alles Inklusive,Comedy Drama,3.5,1.0
176419,Mother! (2017),Drama|Horror|Mystery|Thriller,Mother!,Drama Horror Mystery Thriller,3.25,2.0
176423,Icarus (2017),Documentary,Icarus,Documentary,4.0,1.0
176579,Cage Dive (2017),Drama|Horror|Thriller,Cage Dive,Drama Horror Thriller,1.0,1.0
176601,Black Mirror,(no genres listed),Black Mirror,(no genres listed),5.0,1.0
176621,Boniface's Holiday (1965),Animation|Children|Comedy|Romance,Boniface's Holiday,Animation Children Comedy Romance,2.0,1.0
176751,American Made (2017),Crime|Thriller,American Made,Crime Thriller,4.5,2.0
176805,Little Boxes (2017),Comedy|Drama,Little Boxes,Comedy Drama,4.0,1.0
176935,Geostorm (2017),Action,Geostorm,Action,2.0,1.0
177185,Maz Jobrani: Immigrant (2017),Comedy,Maz Jobrani: Immigrant,Comedy,4.5,1.0
177285,Sword Art Online The Movie: Ordinal Scale (2017),Action|Adventure|Animation|Fantasy|Sci-Fi,Sword Art Online The Movie: Ordinal Scale,Action Adventure Animation Fantasy Sci-Fi,3.0,1.0
177593,"Three Billboards Outside Ebbing, Missouri (2017)",Crime|Drama,"Three Billboards Outside Ebbing, Missouri",Crime Drama,4.75,8.0
177615,Lady Bird (2017),Comedy,Lady Bird,Comedy,3.3333333333333335,3.0
177763,Murder on the Orient Express (2017),Crime|Drama|Mystery,Murder on the Orient Express,Crime Drama Mystery,2.8333333333333335,3.0
177765,Coco (2017),Adventure|Animation|Children,Coco,Adventure Animation Children,3.5384615384615383,13.0
177939,"The Night Is Short, Walk on Girl (2017)",Animation|Romance,"The Night Is Short, Walk on Girl",Animation Romance,4.5,1.0
178061,"I, Tonya (2017)",Drama,"I, Tonya",Drama,3.3333333333333335,3.0
178111,"Fireworks, Should We See It from the Side or the Bottom? (2017)",Animation,"Fireworks, Should We See It from the Side or the Bottom?",Animation,2.0,1.0
178129,Adventures in Plymptoons! (2011),Documentary,Adventures in Plymptoons!,Documentary,3.5,1.0
178323,Gaga: Five Foot Two (2017),Documentary,Gaga: Five Foot Two,Documentary,3.5,1.0
178613,Dave Chappelle: Killin' Them Softly (2000),Comedy,Dave Chappelle: Killin' Them Softly,Comedy,4.0,1.0
178615,Front Cover (2016),Comedy|Drama|Romance,Front Cover,Comedy Drama Romance,3.5,1.0
178827,Paddington 2 (2017),Adventure|Animation|Children|Comedy,Paddington 2,Adventure Animation Children Comedy,4.25,2.0
179053,2048: Nowhere to Run (2017),Sci-Fi|Thriller,2048: Nowhere to Run,Sci-Fi Thriller,3.5,1.0
179073,Male Hunt (1964),Comedy,Male Hunt,Comedy,3.0,1.0
179119,The Death of Stalin (2017),Comedy,The Death of Stalin,Comedy,4.0,1.0
179133,Loving Vincent (2017),Animation|Crime|Drama,Loving Vincent,Animation Crime Drama,5.0,1.0
179135,Blue Planet II (2017),Documentary,Blue Planet II,Documentary,5.0,1.0
179211,Christina P: Mother Inferior (2017),Comedy,Christina P: Mother Inferior,Comedy,3.0,2.0
179401,Jumanji: Welcome to the Jungle (2017),Action|Adventure|Children,Jumanji: Welcome to the Jungle,Action Adventure Children,3.6666666666666665,6.0
179427,Dane Cook: Troublemaker (2014),Comedy,Dane Cook: Troublemaker,Comedy,4.0,1.0
179491,Mayhem (2017),Action|Horror,Mayhem,Action Horror,1.0,1.0
179511,Emerald Green (2016),Adventure|Drama|Fantasy|Romance,Emerald Green,Adventure Drama Fantasy Romance,4.0,1.0
179709,Wonder Wheel (2017),Drama,Wonder Wheel,Drama,3.0,1.0
179749,Creep 2 (2017),Comedy|Horror,Creep 2,Comedy Horror,1.5,1.0
179813,LBJ (2017),Drama,LBJ,Drama,4.0,1.0
179815,"Roman J. Israel, Esq. (2017)",Drama|Thriller,"Roman J. Israel, Esq.",Drama Thriller,1.5,1.0
179817,Darkest Hour (2017),Drama|War,Darkest Hour,Drama War,3.8333333333333335,3.0
179819,Star Wars: The Last Jedi (2017),Action|Adventure|Fantasy|Sci-Fi,Star Wars: The Last Jedi,Action Adventure Fantasy Sci-Fi,3.125,12.0
179953,A Bad Moms Christmas (2017),Comedy,A Bad Moms Christmas,Comedy,3.5,1.0
180031,The Shape of Water (2017),Adventure|Drama|Fantasy,The Shape of Water,Adventure Drama Fantasy,3.6875,8.0
180045,Molly's Game (2017),Drama,Molly's Game,Drama,4.0,1.0
180095,Wonder (2017),Drama,Wonder,Drama,4.0,3.0
180231,Daddy's Home 2 (2017),Comedy|Drama,Daddy's Home 2,Comedy Drama,4.0,1.0
180263,The Shining (1997),Drama|Horror|Thriller,The Shining,Drama Horror Thriller,2.0,1.0
180265,Jim & Andy: The Great Beyond (2017),Documentary,Jim & Andy: The Great Beyond,Documentary,4.5,1.0
180297,The Disaster Artist (2017),Comedy|Drama,The Disaster Artist,Comedy Drama,3.75,2.0
180497,The Post (2017),Drama|Thriller,The Post,Drama Thriller,4.25,2.0
180777,Die Frauen von Ravensbrück (2005),Documentary,Die Frauen von Ravensbrück,Documentary,4.5,1.0
180985,The Greatest Showman (2017),Drama,The Greatest Showman,Drama,3.0,5.0
180987,Ferdinand (2017),Animation|Children|Comedy,Ferdinand,Animation Children Comedy,1.5,1.0
181065,Jack Whitehall: At Large (2017),Comedy,Jack Whitehall: At Large,Comedy,3.75,2.0
181139,Lynne Koplitz: Hormonal Beast (2017),Comedy,Lynne Koplitz: Hormonal Beast,Comedy,1.5,1.0
181315,Phantom Thread (2017),Drama|Romance,Phantom Thread,Drama Romance,3.5,1.0
181413,Too Funny to Fail: The Life and Death of The Dana Carvey Show (2017),(no genres listed),Too Funny to Fail: The Life and Death of The Dana Carvey Show,(no genres listed),4.5,1.0
181659,Craig Ferguson: Tickle Fight (2017),Comedy,Craig Ferguson: Tickle Fight,Comedy,2.5,1.0
181719,Serving in Silence: The Margarethe Cammermeyer Story (1995),(no genres listed),Serving in Silence: The Margarethe Cammermeyer Story,(no genres listed),3.5,1.0
182293,Hare-um Scare-um (1939),Animation|Children|Comedy,Hare-um Scare-um,Animation Children Comedy,4.0,1.0
182297,Porky in Wackyland (1938),Animation|Comedy|Fantasy,Porky in Wackyland,Animation Comedy Fantasy,4.0,1.0
182299,Porky's Hare Hunt (1938),Animation|Children|Comedy,Porky's Hare Hunt,Animation Children Comedy,4.0,1.0
182639,The Second Renaissance Part II (2003),Animation|Sci-Fi,The Second Renaissance Part II,Animation Sci-Fi,4.0,1.0
182715,Annihilation (2018),Adventure|Mystery|Sci-Fi|Thriller,Annihilation,Adventure Mystery Sci-Fi Thriller,3.8333333333333335,3.0
182727,A Christmas Story Live! (2017),(no genres listed),A Christmas Story Live!,(no genres listed),2.0,1.0
182731,Pixel Perfect (2004),Children|Comedy|Sci-Fi,Pixel Perfect,Children Comedy Sci-Fi,4.5,1.0
182749,Judd Apatow: The Return (2017),Comedy,Judd Apatow: The Return,Comedy,2.5,1.0
182793,The Purple Sea (2009),Drama,The Purple Sea,Drama,3.5,1.0
182823,Bright (2017),Action|Crime|Fantasy,Bright,Action Crime Fantasy,2.875,4.0
183011,The Commuter (2018),Crime|Drama|Mystery|Thriller,The Commuter,Crime Drama Mystery Thriller,1.5,1.0
183197,Dave Chappelle: Equanimity (2017),Comedy,Dave Chappelle: Equanimity,Comedy,3.5,1.0
183199,Quest (2017),Documentary,Quest,Documentary,4.0,1.0
183227,Dave Chappelle: The Bird Revelation (2017),Comedy,Dave Chappelle: The Bird Revelation,Comedy,3.5,1.0
183295,Insidious: The Last Key (2018),Horror|Mystery|Thriller,Insidious: The Last Key,Horror Mystery Thriller,3.5,1.0
183301,The Tale of the Bunny Picnic (1986),Children,The Tale of the Bunny Picnic,Children,3.0,1.0
183317,Patti Rocks (1988),Comedy|Drama,Patti Rocks,Comedy Drama,4.5,1.0
183611,Game Night (2018),Action|Comedy|Crime|Horror,Game Night,Action Comedy Crime Horror,4.0,1.0
183635,Maze Runner: The Death Cure (2018),Action|Mystery|Sci-Fi|Thriller,Maze Runner: The Death Cure,Action Mystery Sci-Fi Thriller,3.5,1.0
183897,Isle of Dogs (2018),Animation|Comedy,Isle of Dogs,Animation Comedy,3.5,5.0
183911,The Clapper (2018),Comedy,The Clapper,Comedy,1.5,1.0
183959,Tom Segura: Disgraceful (2018),Comedy,Tom Segura: Disgraceful,Comedy,4.5,1.0
184015,When We First Met (2018),Comedy,When We First Met,Comedy,3.5,2.0
184053,Battle Planet (2008),Action|Sci-Fi,Battle Planet,Action Sci-Fi,2.0,1.0
184245,De platte jungle (1978),Documentary,De platte jungle,Documentary,5.0,1.0
184253,The Cloverfield Paradox (2018),Horror|Mystery|Sci-Fi|Thriller,The Cloverfield Paradox,Horror Mystery Sci-Fi Thriller,2.25,2.0
184257,Making a Murderer (2015),Crime|Documentary,Making a Murderer,Crime Documentary,4.0,1.0
184349,Elsa & Fred (2005),Comedy|Drama|Romance,Elsa & Fred,Comedy Drama Romance,3.5,1.0
184471,Tomb Raider (2018),Action|Adventure|Fantasy,Tomb Raider,Action Adventure Fantasy,2.5,4.0
184641,Fullmetal Alchemist 2018 (2017),Action|Adventure|Fantasy,Fullmetal Alchemist 2018,Action Adventure Fantasy,0.5,1.0
184721,First Reformed (2017),Drama|Thriller,First Reformed,Drama Thriller,4.0,1.0
184791,Fred Armisen: Standup for Drummers (2018),Comedy,Fred Armisen: Standup for Drummers,Comedy,3.25,2.0
184931,Death Wish (2018),Action|Crime|Drama|Thriller,Death Wish,Action Crime Drama Thriller,4.0,1.0
184987,A Wrinkle in Time (2018),Adventure|Children|Fantasy|Sci-Fi,A Wrinkle in Time,Adventure Children Fantasy Sci-Fi,3.0,1.0
184997,"Love, Simon (2018)",Comedy|Drama,"Love, Simon",Comedy Drama,4.0,1.0
185029,A Quiet Place (2018),Drama|Horror|Thriller,A Quiet Place,Drama Horror Thriller,2.75,4.0
185031,Alpha (2018),Adventure|Thriller,Alpha,Adventure Thriller,4.5,1.0
185033,I Kill Giants (2018),Drama|Fantasy|Thriller,I Kill Giants,Drama Fantasy Thriller,2.0,1.0
185135,Sherlock - A Study in Pink (2010),Crime,Sherlock - A Study in Pink,Crime,4.75,2.0
185435,"Game Over, Man! (2018)",Action|Comedy,"Game Over, Man!",Action Comedy,3.0,1.0
185473,Blockers (2018),Comedy,Blockers,Comedy,3.0,1.0
185585,Pacific Rim: Uprising (2018),Action|Fantasy|Sci-Fi,Pacific Rim: Uprising,Action Fantasy Sci-Fi,2.75,2.0
186587,Rampage (2018),Action|Adventure|Sci-Fi,Rampage,Action Adventure Sci-Fi,3.0,1.0
187031,Jurassic World: Fallen Kingdom (2018),Action|Adventure|Drama|Sci-Fi|Thriller,Jurassic World: Fallen Kingdom,Action Adventure Drama Sci-Fi Thriller,3.25,2.0
187541,Incredibles 2 (2018),Action|Adventure|Animation|Children,Incredibles 2,Action Adventure Animation Children,3.0,4.0
187593,Deadpool 2 (2018),Action|Comedy|Sci-Fi,Deadpool 2,Action Comedy Sci-Fi,3.875,12.0
187595,Solo: A Star Wars Story (2018),Action|Adventure|Children|Sci-Fi,Solo: A Star Wars Story,Action Adventure Children Sci-Fi,3.9,5.0
187717,Won't You Be My Neighbor? (2018),Documentary,Won't You Be My Neighbor?,Documentary,5.0,1.0
188189,Sorry to Bother You (2018),Comedy|Fantasy|Sci-Fi,Sorry to Bother You,Comedy Fantasy Sci-Fi,4.5,1.0
188301,Ant-Man and the Wasp (2018),Action|Adventure|Comedy|Fantasy|Sci-Fi,Ant-Man and the Wasp,Action Adventure Comedy Fantasy Sci-Fi,3.6666666666666665,3.0
188675,Dogman (2018),Crime|Drama,Dogman,Crime Drama,3.5,1.0
188751,Mamma Mia: Here We Go Again! (2018),Comedy|Romance,Mamma Mia: Here We Go Again!,Comedy Romance,4.5,1.0
188797,Tag (2018),Comedy,Tag,Comedy,4.0,1.0
188833,The Man Who Killed Don Quixote (2018),Adventure|Comedy|Fantasy,The Man Who Killed Don Quixote,Adventure Comedy Fantasy,4.5,1.0
189043,Boundaries (2018),Comedy|Drama,Boundaries,Comedy Drama,2.5,1.0
189111,Spiral (2018),Documentary,Spiral,Documentary,3.0,1.0
189333,Mission: Impossible - Fallout (2018),Action|Adventure|Thriller,Mission: Impossible - Fallout,Action Adventure Thriller,3.75,2.0
189381,SuperFly (2018),Action|Crime|Thriller,SuperFly,Action Crime Thriller,2.5,1.0
189547,Iron Soldier (2010),Action|Sci-Fi,Iron Soldier,Action Sci-Fi,1.0,1.0
189713,BlacKkKlansman (2018),Comedy|Crime|Drama,BlacKkKlansman,Comedy Crime Drama,2.5,1.0
190183,The Darkest Minds (2018),Sci-Fi|Thriller,The Darkest Minds,Sci-Fi Thriller,3.5,1.0
190207,Tilt (2011),Drama|Romance,Tilt,Drama Romance,1.5,1.0
190209,Jeff Ross Roasts the Border (2017),Comedy,Jeff Ross Roasts the Border,Comedy,4.0,1.0
190213,John From (2015),Drama,John From,Drama,1.0,1.0
190215,Liquid Truth (2017),Drama,Liquid Truth,Drama,1.5,1.0
190219,Bunny (1998),Animation,Bunny,Animation,1.0,1.0
190221,Hommage à Zgougou (et salut à Sabine Mamou) (2002),Documentary,Hommage à Zgougou (et salut à Sabine Mamou),Documentary,1.0,1.0
191005,Gintama (2017),Action|Adventure|Comedy|Sci-Fi,Gintama,Action Adventure Comedy Sci-Fi,4.5,1.0
193565,Gintama: The Movie (2010),Action|Animation|Comedy|Sci-Fi,Gintama: The Movie,Action Animation Comedy Sci-Fi,3.5,1.0
193567,anohana: The Flower We Saw That Day - The Movie (2013),Animation|Drama,anohana: The Flower We Saw That Day - The Movie,Animation Drama,3.0,1.0
193571,Silver Spoon (2014),Comedy|Drama,Silver Spoon,Comedy Drama,4.0,1.0
193573,Love Live! The School Idol Movie (2015),Animation,Love Live! The School Idol Movie,Animation,4.0,1.0
193579,Jon Stewart Has Left the Building (2015),Documentary,Jon Stewart Has Left the Building,Documentary,3.5,1.0
193581,Black Butler: Book of the Atlantic (2017),Action|Animation|Comedy|Fantasy,Black Butler: Book of the Atlantic,Action Animation Comedy Fantasy,4.0,1.0
193583,No Game No Life: Zero (2017),Animation|Comedy|Fantasy,No Game No Life: Zero,Animation Comedy Fantasy,3.5,1.0
193585,Flint (2017),Drama,Flint,Drama,3.5,1.0
193587,Bungo Stray Dogs: Dead Apple (2018),Action|Animation,Bungo Stray Dogs: Dead Apple,Action Animation,3.5,1.0
193609,Andrew Dice Clay: Dice Rules (1991),Comedy,Andrew Dice Clay: Dice Rules,Comedy,4.0,1.0
